machine_id,timestamp,vibration,sound,temperature,state,health_score,risk_level,trend,anomaly,probable_fault,recommendation,ai_anomaly_score,ai_probable_fault
M001,2026-08-17 11:21:47,0.311,235.013,28.0,NORMAL,100.0,LOW,STABLE,0,NONE,Continue normal monitoring.,18.81,NORMAL
M001,2026-08-17 11:21:49,0.106,259.395,28.0,NORMAL,100.0,LOW,STABLE,0,NONE,Continue normal monitoring.,24.2,NORMAL
M001,2026-08-17 11:21:51,0.307,251.727,28.0,NORMAL,100.0,LOW,STABLE,0,NONE,Continue normal monitoring.,18.46,NORMAL
M001,2026-08-17 11:21:53,0.194,224.17,28.0,NORMAL,100.0,LOW,STABLE,0,NONE,Continue normal monitoring.,23.2,NORMAL
M001,2026-08-17 11:21:55,0.181,251.179,28.0,NORMAL,100.0,LOW,STABLE,0,NONE,Continue normal monitoring.,18.49,NORMAL
M001,2026-08-17 11:21:58,0.085,235.47,28.0,NORMAL,100.0,LOW,STABLE,0,NONE,Continue normal monitoring.,22.76,NORMAL
M001,2026-08-17 11:22:00,0.346,232.05,28.0,NORMAL,100.0,LOW,STABLE,0,NONE,Continue normal monitoring.,20.09,NORMAL
M001,2026-08-17 11:22:02,0.079,233.385,28.0,NORMAL,100.0,LOW,STABLE,0,NONE,Continue normal monitoring.,23.95,NORMAL
M001,2026-08-17 11:22:04,0.087,271.164,28.0,NORMAL,100.0,LOW,STABLE,0,NONE,Continue normal monitoring.,28.97,NORMAL
M001,2026-08-17 11:22:06,0.301,250.995,28.0,NORMAL,100.0,LOW,STABLE,0,NONE,Continue normal monitoring.,18.25,NORMAL
M001,2026-08-17 11:22:08,0.272,260.493,28.0,NORMAL,100.0,LOW,STABLE,0,NONE,Continue normal monitoring.,19.77,NORMAL
M001,2026-08-17 11:22:10,0.345,235.346,28.0,NORMAL,100.0,LOW,STABLE,0,NONE,Continue normal monitoring.,19.59,NORMAL
M001,2026-08-17 11:22:12,0.35,240.037,28.0,NORMAL,100.0,LOW,STABLE,0,NONE,Continue normal monitoring.,18.9,NORMAL
M001,2026-08-17 11:22:14,0.096,236.754,28.0,NORMAL,100.0,LOW,STABLE,0,NONE,Continue normal monitoring.,21.8,NORMAL
M001,2026-08-17 11:22:16,0.171,241.18,28.0,NORMAL,100.0,LOW,STABLE,0,NONE,Continue normal monitoring.,18.06,NORMAL
M001,2026-08-17 11:22:18,0.314,248.387,28.0,NORMAL,100.0,LOW,STABLE,0,NONE,Continue normal monitoring.,17.23,NORMAL
M001,2026-08-17 11:22:20,0.303,229.055,28.0,NORMAL,100.0,LOW,STABLE,0,NONE,Continue normal monitoring.,20.51,NORMAL
M001,2026-08-17 11:22:22,0.204,258.53,28.0,NORMAL,100.0,LOW,STABLE,0,NONE,Continue normal monitoring.,20.63,NORMAL
M001,2026-08-17 11:22:25,0.381,233.926,28.0,NORMAL,100.0,LOW,STABLE,0,NONE,Continue normal monitoring.,20.76,NORMAL
M001,2026-08-17 11:22:28,0.143,229.196,28.0,NORMAL,100.0,LOW,STABLE,0,NONE,Continue normal monitoring.,22.45,NORMAL
M001,2026-08-17 11:22:29,0.166,239.803,28.0,NORMAL,100.0,LOW,STABLE,0,NONE,Continue normal monitoring.,18.47,NORMAL
M001,2026-08-17 11:22:31,0.078,227.833,28.0,NORMAL,100.0,LOW,STABLE,0,NONE,Continue normal monitoring.,26.67,NORMAL
M001,2026-08-17 11:22:33,0.223,260.404,28.0,NORMAL,100.0,LOW,STABLE,0,NONE,Continue normal monitoring.,20.79,NORMAL
M001,2026-08-17 11:22:35,0.313,229.694,28.0,NORMAL,100.0,LOW,STABLE,0,NONE,Continue normal monitoring.,20.14,NORMAL
M001,2026-08-17 11:22:37,0.163,247.769,28.0,NORMAL,100.0,LOW,STABLE,0,NONE,Continue normal monitoring.,18.21,NORMAL
M001,2026-08-17 11:22:39,0.123,218.8,28.0,NORMAL,100.0,LOW,STABLE,0,NONE,Continue normal monitoring.,26.95,NORMAL
M001,2026-08-17 11:22:41,0.274,243.359,28.0,NORMAL,100.0,LOW,STABLE,0,NONE,Continue normal monitoring.,17.12,NORMAL
M001,2026-08-17 11:22:43,0.284,223.988,28.0,NORMAL,100.0,LOW,STABLE,0,NONE,Continue normal monitoring.,23.11,NORMAL
M001,2026-08-17 11:22:45,0.045,239.273,28.0,NORMAL,100.0,LOW,STABLE,0,NONE,Continue normal monitoring.,25.68,NORMAL
M001,2026-08-17 11:22:47,0.34,232.132,28.0,NORMAL,100.0,LOW,STABLE,0,NONE,Continue normal monitoring.,20.27,NORMAL
M001,2026-08-17 11:22:50,0.024,260.09,28.0,NORMAL,100.0,LOW,STABLE,0,NONE,Continue normal monitoring.,30.8,NORMAL
M001,2026-08-17 11:22:52,0.193,261.673,28.0,NORMAL,100.0,LOW,STABLE,0,NONE,Continue normal monitoring.,21.55,NORMAL
M001,2026-08-17 11:22:54,0.04,245.099,28.0,NORMAL,100.0,LOW,STABLE,0,NONE,Continue normal monitoring.,25.45,NORMAL
M001,2026-08-17 11:22:56,0.165,235.705,28.0,NORMAL,100.0,LOW,STABLE,0,NONE,Continue normal monitoring.,19.59,NORMAL
M001,2026-08-17 11:22:58,0.063,233.705,28.0,NORMAL,100.0,LOW,STABLE,0,NONE,Continue normal monitoring.,24.36,NORMAL
M001,2026-08-17 11:23:00,0.005,251.565,28.0,NORMAL,100.0,LOW,STABLE,0,NONE,Continue normal monitoring.,30.52,NORMAL
M001,2026-08-17 11:23:02,0.24,229.692,28.0,NORMAL,100.0,LOW,STABLE,0,NONE,Continue normal monitoring.,19.94,NORMAL
M001,2026-08-17 11:23:04,0.178,230.133,28.0,NORMAL,100.0,LOW,STABLE,0,NONE,Continue normal monitoring.,20.62,NORMAL
M001,2026-08-17 11:23:06,0.354,250.991,28.0,NORMAL,100.0,LOW,STABLE,0,NONE,Continue normal monitoring.,18.74,NORMAL
M001,2026-08-17 11:23:08,0.581,232.589,28.0,NORMAL,100.0,LOW,STABLE,0,NONE,Continue normal monitoring.,21.75,NORMAL
M001,2026-08-17 11:23:10,0.282,250.188,28.0,NORMAL,100.0,LOW,STABLE,0,NONE,Continue normal monitoring.,17.81,NORMAL
M001,2026-08-17 11:23:12,0.064,264.108,28.0,NORMAL,100.0,LOW,STABLE,0,NONE,Continue normal monitoring.,28.18,NORMAL
M001,2026-08-17 11:23:15,0.027,244.365,28.0,NORMAL,100.0,LOW,STABLE,0,NONE,Continue normal monitoring.,26.86,NORMAL
M001,2026-08-17 11:23:17,0.085,235.258,28.0,NORMAL,100.0,LOW,STABLE,0,NONE,Continue normal monitoring.,22.64,NORMAL
M001,2026-08-17 11:23:19,0.411,228.762,28.0,NORMAL,100.0,LOW,STABLE,0,NONE,Continue normal monitoring.,21.67,NORMAL
M001,2026-08-17 11:23:21,0.197,253.913,28.0,NORMAL,100.0,LOW,STABLE,0,NONE,Continue normal monitoring.,19.14,NORMAL
M001,2026-08-17 11:23:23,0.25,223.001,28.0,NORMAL,100.0,LOW,STABLE,0,NONE,Continue normal monitoring.,23.0,NORMAL
M001,2026-08-17 11:23:25,0.336,285.855,28.0,NORMAL,100.0,LOW,STABLE,0,NONE,Continue normal monitoring.,31.95,NORMAL
M001,2026-08-17 11:23:27,0.344,225.781,28.0,NORMAL,100.0,LOW,STABLE,0,NONE,Continue normal monitoring.,22.88,NORMAL
M001,2026-08-17 11:23:29,0.375,265.269,28.0,NORMAL,100.0,LOW,STABLE,0,NONE,Continue normal monitoring.,22.9,NORMAL
M001,2026-08-17 11:23:31,0.295,258.338,28.0,NORMAL,100.0,LOW,STABLE,0,NONE,Continue normal monitoring.,19.5,NORMAL
M001,2026-08-17 11:23:33,0.269,241.479,28.0,NORMAL,100.0,LOW,STABLE,0,NONE,Continue normal monitoring.,17.54,NORMAL
M001,2026-08-17 11:23:35,0.042,239.721,28.0,NORMAL,100.0,LOW,STABLE,0,NONE,Continue normal monitoring.,26.45,NORMAL
M001,2026-08-17 11:23:37,0.05,250.271,28.0,NORMAL,100.0,LOW,STABLE,0,NONE,Continue normal monitoring.,25.1,NORMAL
M001,2026-08-17 11:23:39,0.266,247.334,28.0,NORMAL,100.0,LOW,STABLE,0,NONE,Continue normal monitoring.,17.03,NORMAL
M001,2026-08-17 11:23:42,0.253,269.904,28.0,NORMAL,100.0,LOW,STABLE,0,NONE,Continue normal monitoring.,24.0,NORMAL
M001,2026-08-17 11:23:44,0.202,234.522,28.0,NORMAL,100.0,LOW,STABLE,0,NONE,Continue normal monitoring.,19.32,NORMAL
M001,2026-08-17 11:23:46,0.15,265.609,28.0,NORMAL,100.0,LOW,STABLE,0,NONE,Continue normal monitoring.,24.42,NORMAL
M001,2026-08-17 11:23:48,0.043,255.648,28.0,NORMAL,100.0,LOW,STABLE,0,NONE,Continue normal monitoring.,28.73,NORMAL
M001,2026-08-17 11:23:50,0.333,266.289,28.0,NORMAL,100.0,LOW,STABLE,0,NONE,Continue normal monitoring.,22.88,NORMAL
M001,2026-08-17 11:23:52,0.144,243.128,28.0,NORMAL,100.0,LOW,STABLE,0,NONE,Continue normal monitoring.,18.8,NORMAL
M001,2026-08-17 11:23:54,0.024,240.635,28.0,NORMAL,100.0,LOW,STABLE,0,NONE,Continue normal monitoring.,28.21,NORMAL
M001,2026-08-17 11:23:56,0.006,228.774,28.0,NORMAL,100.0,LOW,STABLE,0,NONE,Continue normal monitoring.,33.0,NORMAL
M001,2026-08-17 11:23:58,0.206,238.667,28.0,NORMAL,100.0,LOW,STABLE,0,NONE,Continue normal monitoring.,18.52,NORMAL
M001,2026-08-17 11:24:00,0.22,237.823,28.0,NORMAL,100.0,LOW,STABLE,0,NONE,Continue normal monitoring.,18.86,NORMAL
M001,2026-08-17 11:24:02,0.032,216.826,28.0,NORMAL,100.0,LOW,STABLE,0,NONE,Continue normal monitoring.,34.99,NORMAL
M001,2026-08-17 11:24:04,0.35,242.563,28.0,NORMAL,100.0,LOW,STABLE,0,NONE,Continue normal monitoring.,18.28,NORMAL
M001,2026-08-17 11:24:07,0.096,261.155,28.0,NORMAL,100.0,LOW,STABLE,0,NONE,Continue normal monitoring.,24.99,NORMAL
M001,2026-08-17 11:24:09,0.425,247.988,28.0,NORMAL,100.0,LOW,STABLE,0,NONE,Continue normal monitoring.,19.16,NORMAL
M001,2026-08-17 11:24:11,0.117,218.276,28.0,NORMAL,100.0,LOW,STABLE,0,NONE,Continue normal monitoring.,27.38,NORMAL
M001,2026-08-17 11:24:13,0.148,234.472,28.0,NORMAL,100.0,LOW,STABLE,0,NONE,Continue normal monitoring.,20.39,NORMAL
M001,2026-08-17 11:24:15,0.226,243.703,28.0,NORMAL,100.0,LOW,STABLE,0,NONE,Continue normal monitoring.,17.45,NORMAL
M001,2026-08-17 11:24:17,0.311,270.374,28.0,NORMAL,100.0,LOW,STABLE,0,NONE,Continue normal monitoring.,24.18,NORMAL
M001,2026-08-17 11:24:19,0.071,249.842,28.0,NORMAL,100.0,LOW,STABLE,0,NONE,Continue normal monitoring.,22.11,NORMAL
M001,2026-08-17 11:24:21,0.063,252.981,28.0,NORMAL,100.0,LOW,STABLE,0,NONE,Continue normal monitoring.,23.58,NORMAL
M001,2026-08-17 11:24:23,0.17,239.272,28.0,NORMAL,100.0,LOW,STABLE,0,NONE,Continue normal monitoring.,18.44,NORMAL
M001,2026-08-17 11:24:25,0.083,242.809,28.0,NORMAL,100.0,LOW,STABLE,0,NONE,Continue normal monitoring.,21.52,NORMAL
M001,2026-08-17 11:24:27,0.223,221.207,28.0,NORMAL,100.0,LOW,STABLE,0,NONE,Continue normal monitoring.,23.77,NORMAL
M001,2026-08-17 11:24:29,0.196,243.782,28.0,NORMAL,100.0,LOW,STABLE,0,NONE,Continue normal monitoring.,17.32,NORMAL
M001,2026-08-17 11:24:32,0.262,238.513,28.0,NORMAL,100.0,LOW,STABLE,0,NONE,Continue normal monitoring.,18.27,NORMAL
M001,2026-08-17 11:24:34,0.059,274.467,28.0,NORMAL,100.0,LOW,STABLE,0,NONE,Continue normal monitoring.,33.43,NORMAL
M001,2026-08-17 11:24:36,0.031,243.679,28.0,NORMAL,100.0,LOW,STABLE,0,NONE,Continue normal monitoring.,26.49,NORMAL
M001,2026-08-17 11:24:38,0.151,225.743,28.0,NORMAL,100.0,LOW,STABLE,0,NONE,Continue normal monitoring.,23.57,NORMAL
M001,2026-08-17 11:24:40,0.298,216.687,28.0,NORMAL,100.0,LOW,STABLE,0,NONE,Continue normal monitoring.,25.96,NORMAL
M001,2026-08-17 11:24:42,0.321,237.307,28.0,NORMAL,100.0,LOW,STABLE,0,NONE,Continue normal monitoring.,19.1,NORMAL
M001,2026-08-17 11:24:44,0.093,244.582,28.0,NORMAL,100.0,LOW,STABLE,0,NONE,Continue normal monitoring.,20.34,NORMAL
M001,2026-08-17 11:24:46,0.301,274.035,28.0,NORMAL,100.0,LOW,STABLE,0,NONE,Continue normal monitoring.,26.71,NORMAL
M001,2026-08-17 11:24:48,0.208,242.211,28.0,NORMAL,100.0,LOW,STABLE,0,NONE,Continue normal monitoring.,18.25,NORMAL
M001,2026-08-17 11:24:50,0.343,246.373,28.0,NORMAL,100.0,LOW,STABLE,0,NONE,Continue normal monitoring.,17.92,NORMAL
M001,2026-08-17 11:24:52,0.249,249.53,28.0,NORMAL,100.0,LOW,STABLE,0,NONE,Continue normal monitoring.,17.88,NORMAL
M001,2026-08-17 11:24:54,0.118,239.219,28.0,NORMAL,100.0,LOW,STABLE,0,NONE,Continue normal monitoring.,20.01,NORMAL
M001,2026-08-17 11:24:56,0.365,225.944,28.0,NORMAL,100.0,LOW,STABLE,0,NONE,Continue normal monitoring.,23.15,NORMAL
M001,2026-08-17 11:24:59,0.74,242.881,28.0,NORMAL,100.0,LOW,STABLE,0,NONE,Continue normal monitoring.,20.73,NORMAL
M001,2026-08-17 11:25:01,0.08,233.189,28.0,NORMAL,100.0,LOW,STABLE,0,NONE,Continue normal monitoring.,24.19,NORMAL
M001,2026-08-17 11:25:03,0.3,261.689,28.0,NORMAL,100.0,LOW,STABLE,0,NONE,Continue normal monitoring.,20.42,NORMAL
M001,2026-08-17 11:25:05,0.145,232.336,28.0,NORMAL,100.0,LOW,STABLE,0,NONE,Continue normal monitoring.,20.75,NORMAL
M001,2026-08-17 11:25:07,0.253,233.628,28.0,NORMAL,100.0,LOW,STABLE,0,NONE,Continue normal monitoring.,18.94,NORMAL
M001,2026-08-17 11:25:09,0.135,259.957,28.0,NORMAL,100.0,LOW,STABLE,0,NONE,Continue normal monitoring.,22.82,NORMAL
M001,2026-08-17 11:25:11,0.113,244.112,28.0,NORMAL,100.0,LOW,STABLE,0,NONE,Continue normal monitoring.,19.78,NORMAL
M001,2026-08-17 11:25:13,0.224,219.638,28.0,NORMAL,100.0,LOW,STABLE,0,NONE,Continue normal monitoring.,24.38,NORMAL
M001,2026-08-17 11:25:15,0.221,247.202,28.0,NORMAL,100.0,LOW,STABLE,0,NONE,Continue normal monitoring.,17.32,NORMAL
M001,2026-08-17 11:25:17,0.142,241.835,28.0,NORMAL,100.0,LOW,STABLE,0,NONE,Continue normal monitoring.,19.36,NORMAL
M001,2026-08-17 11:25:19,0.186,270.622,28.0,NORMAL,100.0,LOW,STABLE,0,NONE,Continue normal monitoring.,25.41,NORMAL
M001,2026-08-17 11:25:21,0.321,254.651,28.0,NORMAL,100.0,LOW,STABLE,0,NONE,Continue normal monitoring.,19.48,NORMAL
M001,2026-08-17 11:25:24,0.284,232.266,28.0,NORMAL,100.0,LOW,STABLE,0,NONE,Continue normal monitoring.,19.4,NORMAL
M001,2026-08-17 11:25:26,0.171,258.853,28.0,NORMAL,100.0,LOW,STABLE,0,NONE,Continue normal monitoring.,21.15,NORMAL
M001,2026-08-17 11:25:28,0.337,238.361,28.0,NORMAL,100.0,LOW,STABLE,0,NONE,Continue normal monitoring.,19.66,NORMAL
M001,2026-08-17 11:25:30,0.055,260.038,28.0,NORMAL,100.0,LOW,STABLE,0,NONE,Continue normal monitoring.,26.72,NORMAL
M001,2026-08-17 11:25:32,0.092,240.248,28.0,NORMAL,100.0,LOW,STABLE,0,NONE,Continue normal monitoring.,21.32,NORMAL
M001,2026-08-17 11:25:34,0.307,259.116,28.0,NORMAL,100.0,LOW,STABLE,0,NONE,Continue normal monitoring.,19.86,NORMAL
M001,2026-08-17 11:25:36,0.358,228.782,28.0,NORMAL,100.0,LOW,STABLE,0,NONE,Continue normal monitoring.,21.22,NORMAL
M001,2026-08-17 11:25:38,0.279,241.525,28.0,NORMAL,100.0,LOW,STABLE,0,NONE,Continue normal monitoring.,17.49,NORMAL
M001,2026-08-17 11:25:40,0.189,241.931,28.0,NORMAL,100.0,LOW,STABLE,0,NONE,Continue normal monitoring.,18.06,NORMAL
M001,2026-08-17 11:25:42,0.191,229.221,28.0,NORMAL,100.0,LOW,STABLE,0,NONE,Continue normal monitoring.,20.9,NORMAL
M001,2026-08-17 11:25:44,0.174,229.395,28.0,NORMAL,100.0,LOW,STABLE,0,NONE,Continue normal monitoring.,20.85,NORMAL
M001,2026-08-17 11:25:46,0.082,221.034,28.0,NORMAL,100.0,LOW,STABLE,0,NONE,Continue normal monitoring.,27.86,NORMAL
M001,2026-08-17 11:25:49,0.173,237.411,28.0,NORMAL,100.0,LOW,STABLE,0,NONE,Continue normal monitoring.,18.83,NORMAL
M001,2026-08-17 11:25:51,0.045,264.599,28.0,NORMAL,100.0,LOW,STABLE,0,NONE,Continue normal monitoring.,30.99,NORMAL
M001,2026-08-17 11:25:53,0.069,240.437,28.0,NORMAL,100.0,LOW,STABLE,0,NONE,Continue normal monitoring.,22.92,NORMAL
M001,2026-08-17 11:25:55,0.344,280.203,28.0,NORMAL,100.0,LOW,STABLE,0,NONE,Continue normal monitoring.,29.14,NORMAL
M001,2026-08-17 11:25:57,0.223,264.86,28.0,NORMAL,100.0,LOW,STABLE,0,NONE,Continue normal monitoring.,23.29,NORMAL
M001,2026-08-17 11:25:59,0.123,236.742,28.0,NORMAL,100.0,LOW,STABLE,0,NONE,Continue normal monitoring.,20.34,NORMAL
M001,2026-08-17 11:26:01,0.269,227.526,28.0,NORMAL,100.0,LOW,STABLE,0,NONE,Continue normal monitoring.,21.31,NORMAL
M001,2026-08-17 11:26:03,0.035,250.249,28.0,NORMAL,100.0,LOW,STABLE,0,NONE,Continue normal monitoring.,26.32,NORMAL
M001,2026-08-17 11:26:05,0.018,260.228,28.0,NORMAL,100.0,LOW,STABLE,0,NONE,Continue normal monitoring.,31.19,NORMAL
M001,2026-08-17 11:26:07,0.474,470.316,28.0,WARNING_SOUND,72.0,MEDIUM,FALLING,1,MECHANICAL_ABNORMALITY,Inspect mechanical components and sound sources.,64.35,UNKNOWN_ABNORMALITY
M001,2026-08-17 11:26:09,1.784,346.525,28.0,NORMAL,100.0,LOW,RISING,0,NONE,Continue normal monitoring.,53.06,UNKNOWN_ABNORMALITY
M001,2026-08-17 11:26:11,0.642,273.048,28.0,NORMAL,100.0,LOW,STABLE,0,NONE,Continue normal monitoring.,25.96,NORMAL
M001,2026-08-17 11:26:14,0.592,241.511,28.0,NORMAL,100.0,LOW,STABLE,0,NONE,Continue normal monitoring.,20.29,NORMAL
M001,2026-08-17 11:26:16,2.178,599.124,28.0,WARNING_SOUND,72.0,MEDIUM,FALLING,1,MECHANICAL_ABNORMALITY,Inspect mechanical components and sound sources.,83.43,ABNORMAL_SOUND
M001,2026-08-17 11:26:18,3.393,479.818,28.0,NORMAL,100.0,LOW,RISING,0,NONE,Continue normal monitoring.,85.32,EXCESSIVE_VIBRATION
M001,2026-08-17 11:26:20,5.56,264.433,28.0,WARNING_VIBRATION,72.0,MEDIUM,FALLING,1,EXCESSIVE_VIBRATION,Inspect motor and rotating components.,65.45,EXCESSIVE_VIBRATION
M001,2026-08-17 11:26:22,3.907,232.219,28.0,WARNING_VIBRATION,72.0,MEDIUM,STABLE,1,EXCESSIVE_VIBRATION,Inspect motor and rotating components.,64.37,EXCESSIVE_VIBRATION
M001,2026-08-17 11:26:24,4.251,209.413,28.0,NORMAL,100.0,LOW,RISING,0,NONE,Continue normal monitoring.,68.6,EXCESSIVE_VIBRATION
M001,2026-08-17 11:26:26,5.401,373.599,28.0,CRITICAL_VIB_SOUND,50.0,HIGH,FALLING,1,LOOSE_COMPONENT,Inspect and secure loose components.,79.75,EXCESSIVE_VIBRATION
M001,2026-08-17 11:26:28,7.535,258.166,28.0,CRITICAL_VIB_SOUND,50.0,HIGH,STABLE,1,LOOSE_COMPONENT,Inspect and secure loose components.,64.57,EXCESSIVE_VIBRATION
M001,2026-08-17 11:26:30,1.924,239.635,28.0,WARNING_VIBRATION,72.0,MEDIUM,RISING,1,EXCESSIVE_VIBRATION,Inspect motor and rotating components.,36.97,NORMAL
M001,2026-08-17 11:26:33,5.593,1065.093,28.0,CRITICAL_VIB_SOUND,50.0,HIGH,FALLING,1,LOOSE_COMPONENT,Inspect and secure loose components.,96.09,EXCESSIVE_VIBRATION
M001,2026-08-17 11:26:35,4.154,257.465,28.0,CRITICAL_VIB_SOUND,50.0,HIGH,STABLE,1,LOOSE_COMPONENT,Inspect and secure loose components.,62.97,EXCESSIVE_VIBRATION
M001,2026-08-17 11:26:37,6.497,267.421,28.0,WARNING_VIBRATION,72.0,MEDIUM,RISING,1,EXCESSIVE_VIBRATION,Inspect motor and rotating components.,66.68,EXCESSIVE_VIBRATION
M001,2026-08-17 11:26:39,6.141,768.836,28.0,NORMAL,100.0,LOW,RISING,0,NONE,Continue normal monitoring.,94.8,EXCESSIVE_VIBRATION
M001,2026-08-17 11:26:41,7.648,628.125,28.0,CRITICAL_VIB_SOUND,50.0,HIGH,FALLING,1,LOOSE_COMPONENT,Inspect and secure loose components.,93.09,EXCESSIVE_VIBRATION
M001,2026-08-17 11:26:43,0.787,277.977,28.0,NORMAL,100.0,LOW,RISING,0,NONE,Continue normal monitoring.,28.37,NORMAL
M001,2026-08-17 11:26:46,1.826,711.558,28.25,CRITICAL_VIB_SOUND,50.0,HIGH,FALLING,1,LOOSE_COMPONENT,Inspect and secure loose components.,81.94,ABNORMAL_SOUND
M001,2026-08-17 11:26:47,4.282,251.532,28.0,CRITICAL_VIB_SOUND,50.0,HIGH,STABLE,1,LOOSE_COMPONENT,Inspect and secure loose components.,63.49,EXCESSIVE_VIBRATION
M001,2026-08-17 11:26:49,3.829,320.71,28.25,WARNING_VIBRATION,72.0,MEDIUM,RISING,1,EXCESSIVE_VIBRATION,Inspect motor and rotating components.,67.6,EXCESSIVE_VIBRATION
M001,2026-08-17 11:26:51,1.546,295.139,28.25,CRITICAL_VIB_SOUND,50.0,HIGH,FALLING,1,LOOSE_COMPONENT,Inspect and secure loose components.,27.27,NORMAL
M001,2026-08-17 11:26:53,2.351,252.844,28.25,CRITICAL_VIB_SOUND,50.0,HIGH,STABLE,1,LOOSE_COMPONENT,Inspect and secure loose components.,39.62,NORMAL
M001,2026-08-17 11:26:55,0.745,329.054,28.25,NORMAL,100.0,LOW,RISING,0,NONE,Continue normal monitoring.,29.12,NORMAL
M001,2026-08-17 11:26:57,1.405,365.491,28.25,WARNING_SOUND,72.0,MEDIUM,FALLING,1,MECHANICAL_ABNORMALITY,Inspect mechanical components and sound sources.,40.46,NORMAL
M001,2026-08-17 11:26:59,0.365,229.41,28.25,NORMAL,100.0,LOW,RISING,0,NONE,Continue normal monitoring.,4.35,NORMAL
M001,2026-08-17 11:27:01,3.175,275.984,28.25,WARNING_VIBRATION,72.0,MEDIUM,FALLING,1,EXCESSIVE_VIBRATION,Inspect motor and rotating components.,57.04,EXCESSIVE_VIBRATION
M001,2026-08-17 11:27:04,3.773,210.51,28.25,WARNING_VIBRATION,72.0,MEDIUM,STABLE,1,EXCESSIVE_VIBRATION,Inspect motor and rotating components.,61.42,EXCESSIVE_VIBRATION
M001,2026-08-17 11:27:06,3.169,283.799,28.25,CRITICAL_VIB_SOUND,50.0,HIGH,FALLING,1,LOOSE_COMPONENT,Inspect and secure loose components.,58.64,EXCESSIVE_VIBRATION
M001,2026-08-17 11:27:08,5.018,239.516,28.25,WARNING_VIBRATION,72.0,MEDIUM,RISING,1,EXCESSIVE_VIBRATION,Inspect motor and rotating components.,56.19,EXCESSIVE_VIBRATION
M001,2026-08-17 11:27:10,5.425,228.83,28.25,WARNING_VIBRATION,72.0,MEDIUM,STABLE,1,EXCESSIVE_VIBRATION,Inspect motor and rotating components.,57.44,EXCESSIVE_VIBRATION
M001,2026-08-17 11:27:12,3.03,239.454,28.25,WARNING_VIBRATION,72.0,MEDIUM,STABLE,1,EXCESSIVE_VIBRATION,Inspect motor and rotating components.,53.28,EXCESSIVE_VIBRATION
M001,2026-08-17 11:27:14,4.832,265.062,28.25,WARNING_VIBRATION,72.0,MEDIUM,STABLE,1,EXCESSIVE_VIBRATION,Inspect motor and rotating components.,57.58,EXCESSIVE_VIBRATION
M001,2026-08-17 11:27:16,3.835,211.73,28.25,WARNING_VIBRATION,72.0,MEDIUM,STABLE,1,EXCESSIVE_VIBRATION,Inspect motor and rotating components.,60.85,EXCESSIVE_VIBRATION
M001,2026-08-17 11:27:18,0.366,863.179,28.25,NORMAL,100.0,LOW,RISING,0,NONE,Continue normal monitoring.,79.54,ABNORMAL_SOUND
M001,2026-08-17 11:27:20,0.842,1150.199,28.25,WARNING_SOUND,72.0,MEDIUM,FALLING,1,MECHANICAL_ABNORMALITY,Inspect mechanical components and sound sources.,78.9,ABNORMAL_SOUND
M001,2026-08-17 11:27:22,1.074,1132.489,28.25,WARNING_SOUND,72.0,MEDIUM,STABLE,1,MECHANICAL_ABNORMALITY,Inspect mechanical components and sound sources.,78.34,ABNORMAL_SOUND
M001,2026-08-17 11:27:24,0.221,933.11,28.25,WARNING_SOUND,72.0,MEDIUM,STABLE,1,MECHANICAL_ABNORMALITY,Inspect mechanical components and sound sources.,79.9,ABNORMAL_SOUND
M001,2026-08-17 11:27:26,0.615,862.107,28.25,WARNING_SOUND,72.0,MEDIUM,STABLE,1,MECHANICAL_ABNORMALITY,Inspect mechanical components and sound sources.,79.86,ABNORMAL_SOUND
M001,2026-08-17 11:27:29,0.585,796.103,28.25,WARNING_SOUND,72.0,MEDIUM,STABLE,1,MECHANICAL_ABNORMALITY,Inspect mechanical components and sound sources.,78.4,ABNORMAL_SOUND
M001,2026-08-17 11:27:31,0.319,321.774,28.25,NORMAL,100.0,LOW,RISING,0,NONE,Continue normal monitoring.,29.89,NORMAL
M001,2026-08-17 11:27:33,0.888,381.422,28.25,WARNING_SOUND,72.0,MEDIUM,FALLING,1,MECHANICAL_ABNORMALITY,Inspect mechanical components and sound sources.,40.15,NORMAL
M001,2026-08-17 11:27:35,0.685,240.759,28.25,NORMAL,100.0,LOW,RISING,0,NONE,Continue normal monitoring.,1.48,NORMAL
M001,2026-08-17 11:27:37,0.402,282.511,28.25,NORMAL,100.0,LOW,STABLE,0,NONE,Continue normal monitoring.,15.18,NORMAL
M001,2026-08-17 11:27:39,0.45,234.693,28.25,NORMAL,100.0,LOW,STABLE,0,NONE,Continue normal monitoring.,3.37,NORMAL
M001,2026-08-17 11:27:41,0.556,238.958,28.5,NORMAL,100.0,LOW,STABLE,0,NONE,Continue normal monitoring.,10.11,NORMAL
M001,2026-08-17 11:27:43,0.737,249.05,28.5,NORMAL,100.0,LOW,STABLE,0,NONE,Continue normal monitoring.,6.89,NORMAL
M001,2026-08-17 11:27:45,1.015,276.339,29.0,NORMAL,100.0,LOW,STABLE,0,NONE,Continue normal monitoring.,14.89,NORMAL
M001,2026-08-17 11:27:47,0.671,272.086,29.5,NORMAL,100.0,LOW,STABLE,0,NONE,Continue normal monitoring.,20.15,NORMAL
M001,2026-08-17 11:27:49,0.413,263.339,29.75,NORMAL,100.0,LOW,STABLE,0,NONE,Continue normal monitoring.,27.99,NORMAL
M001,2026-08-17 11:27:51,0.732,249.608,30.25,WARNING_SOUND,72.0,MEDIUM,FALLING,1,MECHANICAL_ABNORMALITY,Inspect mechanical components and sound sources.,32.3,NORMAL
M001,2026-08-17 11:27:53,0.588,243.237,30.5,NORMAL,100.0,LOW,RISING,0,NONE,Continue normal monitoring.,39.01,NORMAL
M001,2026-08-17 11:27:56,0.24,243.548,30.75,NORMAL,100.0,LOW,STABLE,0,NONE,Continue normal monitoring.,45.18,NORMAL
M001,2026-08-17 11:27:58,0.089,274.627,31.0,NORMAL,100.0,LOW,STABLE,0,NONE,Continue normal monitoring.,50.5,UNKNOWN_ABNORMALITY
M001,2026-08-17 11:28:00,0.103,246.803,31.25,NORMAL,100.0,LOW,STABLE,0,NONE,Continue normal monitoring.,49.13,NORMAL
M001,2026-08-17 11:28:02,0.354,258.804,31.5,NORMAL,100.0,LOW,STABLE,0,NONE,Continue normal monitoring.,52.89,UNKNOWN_ABNORMALITY
M001,2026-08-17 11:28:04,0.596,249.243,31.75,NORMAL,100.0,LOW,STABLE,0,NONE,Continue normal monitoring.,54.67,UNKNOWN_ABNORMALITY
M001,2026-08-17 11:28:06,0.211,238.694,31.75,NORMAL,100.0,LOW,STABLE,0,NONE,Continue normal monitoring.,53.21,UNKNOWN_ABNORMALITY
M001,2026-08-17 11:28:08,0.234,249.746,31.75,NORMAL,100.0,LOW,STABLE,0,NONE,Continue normal monitoring.,54.27,UNKNOWN_ABNORMALITY
M001,2026-08-17 11:28:10,0.3,213.807,31.75,NORMAL,100.0,LOW,STABLE,0,NONE,Continue normal monitoring.,54.79,UNKNOWN_ABNORMALITY
M001,2026-08-17 11:28:12,0.208,217.409,31.75,WARNING_VIBRATION,72.0,MEDIUM,FALLING,1,EXCESSIVE_VIBRATION,Inspect motor and rotating components.,54.59,UNKNOWN_ABNORMALITY
M001,2026-08-17 11:28:14,0.921,271.401,31.75,NORMAL,100.0,LOW,RISING,0,NONE,Continue normal monitoring.,56.66,UNKNOWN_ABNORMALITY
M001,2026-08-17 11:28:17,0.705,227.264,31.75,NORMAL,100.0,LOW,STABLE,0,NONE,Continue normal monitoring.,54.85,UNKNOWN_ABNORMALITY
M001,2026-08-17 11:28:18,0.013,230.847,31.75,NORMAL,100.0,LOW,STABLE,0,NONE,Continue normal monitoring.,57.04,UNKNOWN_ABNORMALITY
M001,2026-08-17 11:28:21,0.073,245.966,31.75,NORMAL,100.0,LOW,STABLE,0,NONE,Continue normal monitoring.,55.83,UNKNOWN_ABNORMALITY
M001,2026-08-17 11:28:23,0.307,259.318,31.5,NORMAL,100.0,LOW,STABLE,0,NONE,Continue normal monitoring.,52.44,UNKNOWN_ABNORMALITY
M001,2026-08-17 11:28:25,0.594,268.291,31.5,NORMAL,100.0,LOW,STABLE,0,NONE,Continue normal monitoring.,52.33,UNKNOWN_ABNORMALITY
M001,2026-08-17 11:28:27,0.676,242.573,31.5,NORMAL,100.0,LOW,STABLE,0,NONE,Continue normal monitoring.,51.84,UNKNOWN_ABNORMALITY
M001,2026-08-17 11:28:29,0.039,273.776,31.5,NORMAL,100.0,LOW,STABLE,0,NONE,Continue normal monitoring.,56.29,UNKNOWN_ABNORMALITY
M001,2026-08-17 11:28:31,0.186,223.773,31.5,NORMAL,100.0,LOW,STABLE,0,NONE,Continue normal monitoring.,50.97,UNKNOWN_ABNORMALITY
M001,2026-08-17 11:28:33,0.147,222.305,31.5,NORMAL,100.0,LOW,STABLE,0,NONE,Continue normal monitoring.,52.32,UNKNOWN_ABNORMALITY
M001,2026-08-17 11:28:35,0.243,233.935,31.5,NORMAL,100.0,LOW,STABLE,0,NONE,Continue normal monitoring.,50.21,UNKNOWN_ABNORMALITY
M001,2026-08-17 11:28:37,0.239,221.732,31.25,NORMAL,100.0,LOW,STABLE,0,NONE,Continue normal monitoring.,48.96,NORMAL
M001,2026-08-17 11:28:40,0.057,223.201,31.25,NORMAL,100.0,LOW,STABLE,0,NONE,Continue normal monitoring.,50.11,UNKNOWN_ABNORMALITY
M001,2026-08-17 11:28:41,0.143,253.514,31.25,NORMAL,100.0,LOW,STABLE,0,NONE,Continue normal monitoring.,49.3,NORMAL
M001,2026-08-17 11:28:43,0.403,269.183,31.25,NORMAL,100.0,LOW,STABLE,0,NONE,Continue normal monitoring.,49.37,NORMAL
M001,2026-08-17 11:28:45,0.73,510.016,31.25,WARNING_SOUND,72.0,MEDIUM,FALLING,1,MECHANICAL_ABNORMALITY,Inspect mechanical components and sound sources.,75.75,ABNORMAL_SOUND
M001,2026-08-17 11:28:48,4.016,275.434,31.5,WARNING_SOUND,72.0,MEDIUM,STABLE,1,MECHANICAL_ABNORMALITY,Inspect mechanical components and sound sources.,77.99,EXCESSIVE_VIBRATION
M001,2026-08-17 11:28:50,2.895,232.157,31.5,WARNING_VIBRATION,72.0,MEDIUM,STABLE,1,EXCESSIVE_VIBRATION,Inspect motor and rotating components.,72.09,UNKNOWN_ABNORMALITY
M001,2026-08-17 11:28:52,1.387,230.629,31.75,NORMAL,100.0,LOW,RISING,0,NONE,Continue normal monitoring.,55.26,UNKNOWN_ABNORMALITY
M001,2026-08-17 11:28:54,0.695,262.627,31.75,NORMAL,100.0,LOW,STABLE,0,NONE,Continue normal monitoring.,55.58,UNKNOWN_ABNORMALITY
M001,2026-08-17 11:28:56,0.499,238.913,31.75,NORMAL,100.0,LOW,STABLE,0,NONE,Continue normal monitoring.,53.6,UNKNOWN_ABNORMALITY
M001,2026-08-17 11:28:58,1.004,222.834,31.75,NORMAL,100.0,LOW,STABLE,0,NONE,Continue normal monitoring.,57.26,UNKNOWN_ABNORMALITY
M001,2026-08-17 11:29:00,0.022,245.945,31.75,NORMAL,100.0,LOW,STABLE,0,NONE,Continue normal monitoring.,59.17,UNKNOWN_ABNORMALITY
M001,2026-08-17 11:29:02,0.216,243.615,31.5,NORMAL,100.0,LOW,STABLE,0,NONE,Continue normal monitoring.,51.56,UNKNOWN_ABNORMALITY
M001,2026-08-17 11:29:04,0.135,232.09,31.75,NORMAL,100.0,LOW,STABLE,0,NONE,Continue normal monitoring.,52.72,UNKNOWN_ABNORMALITY
M001,2026-08-17 11:29:06,0.433,248.843,31.75,NORMAL,100.0,LOW,STABLE,0,NONE,Continue normal monitoring.,54.76,UNKNOWN_ABNORMALITY
M001,2026-08-17 11:29:08,0.823,241.162,31.5,NORMAL,100.0,LOW,STABLE,0,NONE,Continue normal monitoring.,51.64,UNKNOWN_ABNORMALITY
M001,2026-08-17 11:29:10,0.516,236.475,31.75,NORMAL,100.0,LOW,STABLE,0,NONE,Continue normal monitoring.,53.94,UNKNOWN_ABNORMALITY
M001,2026-08-17 11:29:13,0.421,224.642,31.75,NORMAL,100.0,LOW,STABLE,0,NONE,Continue normal monitoring.,53.35,UNKNOWN_ABNORMALITY
M001,2026-08-17 11:29:15,0.175,252.093,31.75,NORMAL,100.0,LOW,STABLE,0,NONE,Continue normal monitoring.,54.39,UNKNOWN_ABNORMALITY
M001,2026-08-17 11:29:17,0.726,257.982,31.75,NORMAL,100.0,LOW,STABLE,0,NONE,Continue normal monitoring.,55.03,UNKNOWN_ABNORMALITY
M001,2026-08-17 11:29:19,0.294,240.849,31.75,NORMAL,100.0,LOW,STABLE,0,NONE,Continue normal monitoring.,52.29,UNKNOWN_ABNORMALITY
M001,2026-08-17 11:29:21,0.243,234.746,31.75,NORMAL,100.0,LOW,STABLE,0,NONE,Continue normal monitoring.,52.77,UNKNOWN_ABNORMALITY
M001,2026-08-17 11:29:23,0.035,252.977,32.0,NORMAL,100.0,LOW,STABLE,0,NONE,Continue normal monitoring.,60.23,OVERHEATING
M001,2026-08-17 11:29:25,0.275,235.75,32.25,NORMAL,100.0,LOW,STABLE,0,NONE,Continue normal monitoring.,56.88,OVERHEATING
M001,2026-08-17 11:29:27,0.549,232.08,32.5,NORMAL,100.0,LOW,STABLE,0,NONE,Continue normal monitoring.,60.88,OVERHEATING
M001,2026-08-17 11:29:29,0.306,279.919,32.5,NORMAL,100.0,LOW,STABLE,0,NONE,Continue normal monitoring.,63.92,OVERHEATING
M001,2026-08-17 11:29:31,0.003,252.299,32.75,NORMAL,100.0,LOW,STABLE,0,NONE,Continue normal monitoring.,68.08,OVERHEATING
M001,2026-08-17 11:29:33,0.764,238.669,33.0,NORMAL,100.0,LOW,STABLE,0,NONE,Continue normal monitoring.,66.21,OVERHEATING
M001,2026-08-17 11:29:35,0.226,236.176,33.0,NORMAL,100.0,LOW,STABLE,0,NONE,Continue normal monitoring.,65.69,OVERHEATING
M001,2026-08-17 11:29:38,0.122,225.36,33.25,NORMAL,100.0,LOW,STABLE,0,NONE,Continue normal monitoring.,66.76,OVERHEATING
M001,2026-08-17 11:29:40,0.231,205.732,33.25,NORMAL,100.0,LOW,STABLE,0,NONE,Continue normal monitoring.,70.99,OVERHEATING
M001,2026-08-17 11:29:42,0.784,239.562,33.25,NORMAL,100.0,LOW,STABLE,0,NONE,Continue normal monitoring.,68.63,OVERHEATING
M001,2026-08-17 11:29:44,0.722,287.127,33.0,NORMAL,100.0,LOW,STABLE,0,NONE,Continue normal monitoring.,68.55,OVERHEATING
M001,2026-08-17 11:29:46,0.164,212.83,33.0,NORMAL,100.0,LOW,STABLE,0,NONE,Continue normal monitoring.,68.15,OVERHEATING
M001,2026-08-17 11:29:48,0.387,251.892,33.25,NORMAL,100.0,LOW,STABLE,0,NONE,Continue normal monitoring.,68.59,OVERHEATING
M001,2026-08-17 11:29:50,0.421,227.295,33.5,NORMAL,100.0,LOW,STABLE,0,NONE,Continue normal monitoring.,68.5,OVERHEATING
M001,2026-08-17 11:29:52,0.669,231.991,33.75,NORMAL,100.0,LOW,STABLE,0,NONE,Continue normal monitoring.,71.44,OVERHEATING
M001,2026-08-17 11:29:54,0.157,268.593,34.0,NORMAL,100.0,LOW,STABLE,0,NONE,Continue normal monitoring.,72.92,OVERHEATING
M001,2026-08-17 11:29:56,0.265,267.508,34.0,NORMAL,100.0,LOW,STABLE,0,NONE,Continue normal monitoring.,71.89,OVERHEATING
M001,2026-08-17 11:29:58,1.236,217.481,34.0,NORMAL,100.0,LOW,STABLE,0,NONE,Continue normal monitoring.,72.93,OVERHEATING
M001,2026-08-17 11:30:00,1.242,229.92,34.25,NORMAL,100.0,LOW,STABLE,0,NONE,Continue normal monitoring.,71.16,OVERHEATING
M001,2026-08-17 11:30:02,0.995,237.168,34.25,NORMAL,100.0,LOW,STABLE,0,NONE,Continue normal monitoring.,72.66,OVERHEATING
M001,2026-08-17 11:30:05,0.894,300.907,34.25,WARNING_SOUND,72.0,MEDIUM,FALLING,1,MECHANICAL_ABNORMALITY,Inspect mechanical components and sound sources.,77.29,OVERHEATING
M001,2026-08-17 11:30:07,0.533,254.135,34.25,NORMAL,100.0,LOW,RISING,0,NONE,Continue normal monitoring.,74.31,OVERHEATING
M001,2026-08-17 11:30:09,0.497,257.495,34.25,NORMAL,100.0,LOW,STABLE,0,NONE,Continue normal monitoring.,73.62,OVERHEATING
M001,2026-08-17 11:30:11,0.616,234.07,34.0,NORMAL,100.0,LOW,STABLE,0,NONE,Continue normal monitoring.,72.81,OVERHEATING
M001,2026-08-17 11:30:13,0.344,238.116,34.0,NORMAL,100.0,LOW,STABLE,0,NONE,Continue normal monitoring.,71.47,OVERHEATING
M001,2026-08-17 11:30:15,0.51,248.965,34.0,WARNING_VIBRATION,72.0,MEDIUM,FALLING,1,EXCESSIVE_VIBRATION,Inspect motor and rotating components.,74.12,OVERHEATING
M001,2026-08-17 11:30:17,0.022,297.064,33.75,NORMAL,100.0,LOW,RISING,0,NONE,Continue normal monitoring.,79.19,OVERHEATING
M001,2026-08-17 11:30:19,3.132,293.558,33.75,WARNING_VIBRATION,72.0,MEDIUM,FALLING,1,EXCESSIVE_VIBRATION,Inspect motor and rotating components.,86.74,EXCESSIVE_VIBRATION
M001,2026-08-17 11:30:21,3.359,348.128,33.75,CRITICAL_VIB_SOUND,50.0,HIGH,FALLING,1,LOOSE_COMPONENT,Inspect and secure loose components.,89.82,EXCESSIVE_VIBRATION
M001,2026-08-17 11:30:23,1.544,299.169,33.5,NORMAL,100.0,LOW,RISING,0,NONE,Continue normal monitoring.,74.63,OVERHEATING
M001,2026-08-17 11:30:25,0.353,278.196,33.5,NORMAL,100.0,LOW,STABLE,0,NONE,Continue normal monitoring.,70.48,OVERHEATING
M001,2026-08-17 11:30:27,7.09,628.261,33.5,CRITICAL_VIB_SOUND,50.0,HIGH,FALLING,1,LOOSE_COMPONENT,Inspect and secure loose components.,98.74,MULTI_SENSOR_ABNORMALITY
M001,2026-08-17 11:30:30,12.83,763.601,33.25,WARNING_SOUND,72.0,MEDIUM,RISING,1,MECHANICAL_ABNORMALITY,Inspect mechanical components and sound sources.,100.0,MULTI_SENSOR_ABNORMALITY
M001,2026-08-17 11:30:32,21.981,644.784,33.25,WARNING_SOUND,72.0,MEDIUM,STABLE,1,MECHANICAL_ABNORMALITY,Inspect mechanical components and sound sources.,98.43,MULTI_SENSOR_ABNORMALITY
M001,2026-08-17 11:30:34,4.532,268.426,33.25,CRITICAL_VIB_SOUND,50.0,HIGH,FALLING,1,LOOSE_COMPONENT,Inspect and secure loose components.,85.26,EXCESSIVE_VIBRATION
M001,2026-08-17 11:30:36,0.141,238.664,33.25,NORMAL,100.0,LOW,RISING,0,NONE,Continue normal monitoring.,67.64,OVERHEATING
M001,2026-08-17 11:30:38,0.036,246.087,33.0,NORMAL,100.0,LOW,STABLE,0,NONE,Continue normal monitoring.,70.18,OVERHEATING
M001,2026-08-17 11:30:40,0.145,228.112,33.0,NORMAL,100.0,LOW,STABLE,0,NONE,Continue normal monitoring.,65.42,OVERHEATING
M001,2026-08-17 11:30:42,0.059,257.645,33.0,NORMAL,100.0,LOW,STABLE,0,NONE,Continue normal monitoring.,69.66,OVERHEATING
M001,2026-08-17 11:30:44,0.115,247.613,32.75,NORMAL,100.0,LOW,STABLE,0,NONE,Continue normal monitoring.,64.68,OVERHEATING
M001,2026-08-17 11:30:46,1.33,257.949,32.75,WARNING_VIBRATION,72.0,MEDIUM,FALLING,1,EXCESSIVE_VIBRATION,Inspect motor and rotating components.,63.31,OVERHEATING
M001,2026-08-17 11:30:48,0.407,262.696,32.75,NORMAL,100.0,LOW,RISING,0,NONE,Continue normal monitoring.,65.49,OVERHEATING
M001,2026-08-17 11:30:50,0.012,257.456,32.75,NORMAL,100.0,LOW,STABLE,0,NONE,Continue normal monitoring.,69.33,OVERHEATING
M001,2026-08-17 11:30:52,0.452,292.042,32.5,WARNING_SOUND,72.0,MEDIUM,FALLING,1,MECHANICAL_ABNORMALITY,Inspect mechanical components and sound sources.,66.46,OVERHEATING
M001,2026-08-17 11:30:54,0.299,229.98,32.5,NORMAL,100.0,LOW,RISING,0,NONE,Continue normal monitoring.,59.14,OVERHEATING
M001,2026-08-17 11:30:57,1.085,231.221,32.25,NORMAL,100.0,LOW,STABLE,0,NONE,Continue normal monitoring.,58.76,OVERHEATING
M001,2026-08-17 11:30:59,0.008,227.167,32.25,NORMAL,100.0,LOW,STABLE,0,NONE,Continue normal monitoring.,61.21,OVERHEATING
M001,2026-08-17 11:31:01,0.527,235.905,32.25,NORMAL,100.0,LOW,STABLE,0,NONE,Continue normal monitoring.,58.41,OVERHEATING
M001,2026-08-17 11:31:03,0.357,247.555,32.25,NORMAL,100.0,LOW,STABLE,0,NONE,Continue normal monitoring.,59.07,OVERHEATING
M001,2026-08-17 11:31:05,0.048,255.905,32.0,NORMAL,100.0,LOW,STABLE,0,NONE,Continue normal monitoring.,59.72,OVERHEATING
M001,2026-08-17 11:31:07,0.314,251.076,32.0,NORMAL,100.0,LOW,STABLE,0,NONE,Continue normal monitoring.,55.43,OVERHEATING
M001,2026-08-17 11:31:09,0.315,253.216,32.0,NORMAL,100.0,LOW,STABLE,0,NONE,Continue normal monitoring.,56.38,OVERHEATING
M001,2026-08-17 11:31:11,0.015,217.437,32.0,NORMAL,100.0,LOW,STABLE,0,NONE,Continue normal monitoring.,61.92,OVERHEATING
M001,2026-08-17 11:31:13,0.078,217.253,31.75,NORMAL,100.0,LOW,STABLE,0,NONE,Continue normal monitoring.,56.25,UNKNOWN_ABNORMALITY
M001,2026-08-17 11:31:15,0.224,224.356,31.75,NORMAL,100.0,LOW,STABLE,0,NONE,Continue normal monitoring.,52.39,UNKNOWN_ABNORMALITY
M001,2026-08-17 11:31:17,0.14,262.208,31.75,NORMAL,100.0,LOW,STABLE,0,NONE,Continue normal monitoring.,56.11,UNKNOWN_ABNORMALITY
M001,2026-08-17 11:31:19,0.152,240.443,31.75,NORMAL,100.0,LOW,STABLE,0,NONE,Continue normal monitoring.,53.77,UNKNOWN_ABNORMALITY
M001,2026-08-17 11:31:22,0.39,243.416,31.5,NORMAL,100.0,LOW,STABLE,0,NONE,Continue normal monitoring.,51.38,UNKNOWN_ABNORMALITY
M001,2026-08-17 11:31:24,0.278,234.888,31.5,NORMAL,100.0,LOW,STABLE,0,NONE,Continue normal monitoring.,50.07,UNKNOWN_ABNORMALITY
M001,2026-08-17 11:31:26,0.261,239.764,31.5,NORMAL,100.0,LOW,STABLE,0,NONE,Continue normal monitoring.,50.61,UNKNOWN_ABNORMALITY
M001,2026-08-17 11:31:28,0.083,244.254,31.5,NORMAL,100.0,LOW,STABLE,0,NONE,Continue normal monitoring.,53.12,UNKNOWN_ABNORMALITY
M001,2026-08-17 11:31:30,0.377,307.942,31.25,NORMAL,100.0,LOW,STABLE,0,NONE,Continue normal monitoring.,56.06,UNKNOWN_ABNORMALITY
M001,2026-08-17 11:31:32,0.04,228.332,31.25,NORMAL,100.0,LOW,STABLE,0,NONE,Continue normal monitoring.,50.28,UNKNOWN_ABNORMALITY
M001,2026-08-17 11:31:34,0.57,231.041,31.25,NORMAL,100.0,LOW,STABLE,0,NONE,Continue normal monitoring.,47.63,NORMAL
M001,2026-08-17 11:31:36,0.842,299.778,31.25,NORMAL,100.0,LOW,STABLE,0,NONE,Continue normal monitoring.,55.12,UNKNOWN_ABNORMALITY
M001,2026-08-17 11:31:38,0.281,223.989,31.0,NORMAL,100.0,LOW,STABLE,0,NONE,Continue normal monitoring.,46.79,NORMAL
M001,2026-08-17 11:31:40,0.215,215.009,31.0,WARNING_VIBRATION,72.0,MEDIUM,FALLING,1,EXCESSIVE_VIBRATION,Inspect motor and rotating components.,48.67,NORMAL
M001,2026-08-17 11:31:42,0.091,213.524,31.0,NORMAL,100.0,LOW,RISING,0,NONE,Continue normal monitoring.,50.21,UNKNOWN_ABNORMALITY
M001,2026-08-17 11:31:44,27.755,400.302,31.0,WARNING_VIBRATION,72.0,MEDIUM,FALLING,1,EXCESSIVE_VIBRATION,Inspect motor and rotating components.,85.62,EXCESSIVE_VIBRATION
M001,2026-08-17 11:31:46,2.203,215.66,31.0,WARNING_VIBRATION,72.0,MEDIUM,STABLE,1,EXCESSIVE_VIBRATION,Inspect motor and rotating components.,62.25,UNKNOWN_ABNORMALITY
M001,2026-08-17 11:31:49,0.632,225.712,31.0,NORMAL,100.0,LOW,RISING,0,NONE,Continue normal monitoring.,46.03,NORMAL
M001,2026-08-17 11:31:51,0.614,220.512,30.75,NORMAL,100.0,LOW,STABLE,0,NONE,Continue normal monitoring.,46.6,NORMAL
M001,2026-08-17 11:31:53,0.44,251.234,30.75,NORMAL,100.0,LOW,STABLE,0,NONE,Continue normal monitoring.,45.47,NORMAL
M001,2026-08-17 11:31:55,0.832,193.886,30.75,NORMAL,100.0,LOW,STABLE,0,NONE,Continue normal monitoring.,55.96,UNKNOWN_ABNORMALITY
M001,2026-08-17 11:31:57,1.331,434.323,30.75,WARNING_SOUND,72.0,MEDIUM,FALLING,1,MECHANICAL_ABNORMALITY,Inspect mechanical components and sound sources.,69.79,UNKNOWN_ABNORMALITY
M001,2026-08-17 11:31:59,0.213,293.27,30.75,NORMAL,100.0,LOW,RISING,0,NONE,Continue normal monitoring.,51.05,UNKNOWN_ABNORMALITY
M001,2026-08-17 11:32:01,0.867,257.788,30.5,NORMAL,100.0,LOW,STABLE,0,NONE,Continue normal monitoring.,40.35,NORMAL
M001,2026-08-17 11:32:03,0.394,234.25,30.5,NORMAL,100.0,LOW,STABLE,0,NONE,Continue normal monitoring.,40.87,NORMAL
M001,2026-08-17 11:32:05,0.125,228.774,30.5,NORMAL,100.0,LOW,STABLE,0,NONE,Continue normal monitoring.,41.4,NORMAL
M001,2026-08-17 11:32:07,0.067,259.07,30.5,NORMAL,100.0,LOW,STABLE,0,NONE,Continue normal monitoring.,45.04,NORMAL
M001,2026-08-17 11:32:09,0.213,235.022,30.25,NORMAL,100.0,LOW,STABLE,0,NONE,Continue normal monitoring.,36.5,NORMAL
M001,2026-08-17 11:32:11,0.118,219.744,30.25,NORMAL,100.0,LOW,STABLE,0,NONE,Continue normal monitoring.,40.42,NORMAL
M001,2026-08-17 11:32:14,0.158,237.631,30.25,NORMAL,100.0,LOW,STABLE,0,NONE,Continue normal monitoring.,36.48,NORMAL
M001,2026-08-17 11:32:16,0.083,246.529,30.25,NORMAL,100.0,LOW,STABLE,0,NONE,Continue normal monitoring.,37.64,NORMAL
M001,2026-08-17 11:32:18,0.07,241.18,30.0,NORMAL,100.0,LOW,STABLE,0,NONE,Continue normal monitoring.,34.18,NORMAL
M001,2026-08-17 11:32:20,0.152,235.585,30.0,NORMAL,100.0,LOW,STABLE,0,NONE,Continue normal monitoring.,32.43,NORMAL
M001,2026-08-17 11:32:22,0.346,218.704,30.0,NORMAL,100.0,LOW,STABLE,0,NONE,Continue normal monitoring.,34.76,NORMAL
M001,2026-08-17 11:32:24,0.177,227.397,30.0,NORMAL,100.0,LOW,STABLE,0,NONE,Continue normal monitoring.,33.52,NORMAL
M001,2026-08-17 11:32:26,0.212,261.725,29.75,NORMAL,100.0,LOW,STABLE,0,NONE,Continue normal monitoring.,27.36,NORMAL
M001,2026-08-17 11:32:28,0.126,248.721,29.75,NORMAL,100.0,LOW,STABLE,0,NONE,Continue normal monitoring.,26.74,NORMAL
M001,2026-08-17 11:32:30,0.184,233.437,29.75,NORMAL,100.0,LOW,STABLE,0,NONE,Continue normal monitoring.,26.84,NORMAL
M001,2026-08-17 11:32:32,0.706,244.848,29.75,NORMAL,100.0,LOW,STABLE,0,NONE,Continue normal monitoring.,24.33,NORMAL
M001,2026-08-17 11:32:34,0.694,254.148,29.75,NORMAL,100.0,LOW,STABLE,0,NONE,Continue normal monitoring.,24.77,NORMAL
M001,2026-08-17 11:32:36,0.04,217.225,29.5,NORMAL,100.0,LOW,STABLE,0,NONE,Continue normal monitoring.,31.98,NORMAL
M001,2026-08-17 11:32:38,0.184,249.781,29.5,NORMAL,100.0,LOW,STABLE,0,NONE,Continue normal monitoring.,19.93,NORMAL
M001,2026-08-17 11:32:41,0.074,214.616,29.5,NORMAL,100.0,LOW,STABLE,0,NONE,Continue normal monitoring.,29.3,NORMAL
M001,2026-08-17 11:32:43,0.261,255.742,29.5,NORMAL,100.0,LOW,STABLE,0,NONE,Continue normal monitoring.,20.61,NORMAL
M001,2026-08-17 11:32:45,0.177,227.499,29.25,NORMAL,100.0,LOW,STABLE,0,NONE,Continue normal monitoring.,13.28,NORMAL
M001,2026-08-17 11:32:47,0.325,224.863,29.25,NORMAL,100.0,LOW,STABLE,0,NONE,Continue normal monitoring.,13.79,NORMAL
M001,2026-08-17 11:32:49,0.312,256.748,29.25,NORMAL,100.0,LOW,STABLE,0,NONE,Continue normal monitoring.,10.63,NORMAL
M001,2026-08-17 11:32:51,0.123,262.6,29.25,NORMAL,100.0,LOW,STABLE,0,NONE,Continue normal monitoring.,14.21,NORMAL
M001,2026-08-17 11:32:53,0.063,216.665,29.25,NORMAL,100.0,LOW,STABLE,0,NONE,Continue normal monitoring.,21.01,NORMAL
M001,2026-08-17 11:32:55,0.101,247.03,29.25,NORMAL,100.0,LOW,STABLE,0,NONE,Continue normal monitoring.,12.46,NORMAL
M001,2026-08-17 11:32:57,0.259,284.634,29.25,WARNING_SOUND,72.0,MEDIUM,FALLING,1,MECHANICAL_ABNORMALITY,Inspect mechanical components and sound sources.,17.48,NORMAL
M001,2026-08-17 11:32:59,0.098,242.723,29.25,NORMAL,100.0,LOW,RISING,0,NONE,Continue normal monitoring.,12.29,NORMAL
M001,2026-08-17 11:33:01,0.084,243.769,29.0,NORMAL,100.0,LOW,STABLE,0,NONE,Continue normal monitoring.,16.38,NORMAL
M001,2026-08-17 11:33:03,0.046,227.392,29.0,NORMAL,100.0,LOW,STABLE,0,NONE,Continue normal monitoring.,22.99,NORMAL
M001,2026-08-17 11:33:06,0.349,231.981,29.0,NORMAL,100.0,LOW,STABLE,0,NONE,Continue normal monitoring.,13.95,NORMAL
M001,2026-08-17 11:33:08,0.259,236.095,29.0,NORMAL,100.0,LOW,STABLE,0,NONE,Continue normal monitoring.,14.1,NORMAL
M001,2026-08-17 11:33:10,0.176,217.206,29.0,NORMAL,100.0,LOW,STABLE,0,NONE,Continue normal monitoring.,19.82,NORMAL
M001,2026-08-17 11:33:12,0.107,239.559,29.0,NORMAL,100.0,LOW,STABLE,0,NONE,Continue normal monitoring.,16.14,NORMAL
M001,2026-08-17 11:33:14,0.025,239.503,29.0,NORMAL,100.0,LOW,STABLE,0,NONE,Continue normal monitoring.,22.71,NORMAL
M001,2026-08-17 11:33:16,0.047,244.415,29.0,NORMAL,100.0,LOW,STABLE,0,NONE,Continue normal monitoring.,20.13,NORMAL
M001,2026-08-17 11:33:18,0.162,244.42,29.0,NORMAL,100.0,LOW,STABLE,0,NONE,Continue normal monitoring.,14.59,NORMAL
M001,2026-08-17 11:33:20,0.054,228.977,29.0,NORMAL,100.0,LOW,STABLE,0,NONE,Continue normal monitoring.,20.31,NORMAL
M001,2026-08-17 11:33:22,0.028,246.145,28.75,NORMAL,100.0,LOW,STABLE,0,NONE,Continue normal monitoring.,22.27,NORMAL
M001,2026-08-17 11:33:24,0.27,265.069,28.75,NORMAL,100.0,LOW,STABLE,0,NONE,Continue normal monitoring.,17.17,NORMAL
M001,2026-08-17 11:33:26,0.01,218.646,28.75,NORMAL,100.0,LOW,STABLE,0,NONE,Continue normal monitoring.,27.57,NORMAL
M001,2026-08-17 11:33:28,0.106,204.793,28.75,NORMAL,100.0,LOW,STABLE,0,NONE,Continue normal monitoring.,27.87,NORMAL
M001,2026-08-17 11:33:30,0.101,228.152,28.75,NORMAL,100.0,LOW,STABLE,0,NONE,Continue normal monitoring.,18.03,NORMAL
M001,2026-08-17 11:33:33,0.322,219.69,28.75,NORMAL,100.0,LOW,STABLE,0,NONE,Continue normal monitoring.,17.75,NORMAL
M001,2026-08-17 11:33:35,0.369,235.692,28.75,NORMAL,100.0,LOW,STABLE,0,NONE,Continue normal monitoring.,14.08,NORMAL
M001,2026-08-17 11:33:37,0.19,270.077,28.75,NORMAL,100.0,LOW,STABLE,0,NONE,Continue normal monitoring.,19.16,NORMAL
M001,2026-08-17 11:33:39,0.437,270.367,28.75,WARNING_SOUND,72.0,MEDIUM,FALLING,1,MECHANICAL_ABNORMALITY,Inspect mechanical components and sound sources.,16.77,NORMAL
M001,2026-08-17 11:33:41,0.113,216.574,28.75,NORMAL,100.0,LOW,RISING,0,NONE,Continue normal monitoring.,21.04,NORMAL
M001,2026-08-17 11:34:29,0.183,291.145,28.5,NORMAL,100.0,LOW,STABLE,0,NONE,Continue normal monitoring.,24.18,NORMAL
M001,2026-08-17 11:34:31,0.079,245.009,28.5,NORMAL,100.0,LOW,STABLE,0,NONE,Continue normal monitoring.,15.01,NORMAL
M001,2026-08-17 11:34:33,0.318,263.074,28.5,NORMAL,100.0,LOW,STABLE,0,NONE,Continue normal monitoring.,12.88,NORMAL
M001,2026-08-17 11:34:35,0.04,223.638,28.25,NORMAL,100.0,LOW,STABLE,0,NONE,Continue normal monitoring.,16.45,NORMAL
M001,2026-08-17 11:34:37,0.333,246.226,28.25,NORMAL,100.0,LOW,STABLE,0,NONE,Continue normal monitoring.,2.46,NORMAL
M001,2026-08-17 11:34:39,0.35,273.326,28.25,NORMAL,100.0,LOW,STABLE,0,NONE,Continue normal monitoring.,9.24,NORMAL
M001,2026-08-17 11:34:41,0.323,243.833,28.25,NORMAL,100.0,LOW,STABLE,0,NONE,Continue normal monitoring.,2.62,NORMAL
M001,2026-08-17 11:34:43,0.283,235.02,28.25,NORMAL,100.0,LOW,STABLE,0,NONE,Continue normal monitoring.,4.04,NORMAL
M001,2026-08-17 11:34:45,0.249,229.587,28.25,NORMAL,100.0,LOW,STABLE,0,NONE,Continue normal monitoring.,4.78,NORMAL
M001,2026-08-17 11:34:47,0.264,247.578,28.25,NORMAL,100.0,LOW,STABLE,0,NONE,Continue normal monitoring.,2.22,NORMAL
M001,2026-08-17 11:34:50,0.292,233.772,28.25,NORMAL,100.0,LOW,STABLE,0,NONE,Continue normal monitoring.,3.92,NORMAL
M001,2026-08-17 11:34:52,0.126,237.655,28.25,NORMAL,100.0,LOW,STABLE,0,NONE,Continue normal monitoring.,6.15,NORMAL
M001,2026-08-17 11:34:54,0.202,259.699,28.25,NORMAL,100.0,LOW,STABLE,0,NONE,Continue normal monitoring.,5.93,NORMAL
M001,2026-08-17 11:34:56,0.315,216.294,28.25,NORMAL,100.0,LOW,STABLE,0,NONE,Continue normal monitoring.,10.06,NORMAL
M001,2026-08-17 11:34:58,0.313,238.71,28.25,NORMAL,100.0,LOW,STABLE,0,NONE,Continue normal monitoring.,3.24,NORMAL
M001,2026-08-17 11:35:00,0.239,241.224,28.25,NORMAL,100.0,LOW,STABLE,0,NONE,Continue normal monitoring.,3.44,NORMAL
M001,2026-08-17 11:35:02,0.198,232.795,28.25,NORMAL,100.0,LOW,STABLE,0,NONE,Continue normal monitoring.,4.95,NORMAL
M001,2026-08-17 11:35:04,0.313,243.269,28.25,NORMAL,100.0,LOW,STABLE,0,NONE,Continue normal monitoring.,2.61,NORMAL
M001,2026-08-17 11:35:06,0.087,239.349,28.25,NORMAL,100.0,LOW,STABLE,0,NONE,Continue normal monitoring.,7.66,NORMAL
M001,2026-08-17 11:35:08,0.299,246.443,28.25,NORMAL,100.0,LOW,STABLE,0,NONE,Continue normal monitoring.,2.26,NORMAL
M001,2026-08-17 11:35:10,0.109,259.486,28.25,NORMAL,100.0,LOW,STABLE,0,NONE,Continue normal monitoring.,9.29,NORMAL
M001,2026-08-17 11:35:12,0.066,208.317,28.25,NORMAL,100.0,LOW,STABLE,0,NONE,Continue normal monitoring.,20.43,NORMAL
M001,2026-08-17 11:35:14,0.084,242.125,28.25,NORMAL,100.0,LOW,STABLE,0,NONE,Continue normal monitoring.,8.25,NORMAL
M001,2026-08-17 11:35:17,0.148,254.424,28.25,NORMAL,100.0,LOW,STABLE,0,NONE,Continue normal monitoring.,6.9,NORMAL
M001,2026-08-17 11:35:19,0.063,250.04,28.25,NORMAL,100.0,LOW,STABLE,0,NONE,Continue normal monitoring.,9.19,NORMAL
M001,2026-08-17 11:35:21,0.007,265.704,28.25,NORMAL,100.0,LOW,STABLE,0,NONE,Continue normal monitoring.,20.71,NORMAL
M001,2026-08-17 11:35:23,0.091,251.242,28.25,NORMAL,100.0,LOW,STABLE,0,NONE,Continue normal monitoring.,7.9,NORMAL
M001,2026-08-17 11:35:25,0.016,234.954,28.25,NORMAL,100.0,LOW,STABLE,0,NONE,Continue normal monitoring.,15.1,NORMAL
M001,2026-08-17 11:35:27,0.096,231.088,28.25,NORMAL,100.0,LOW,STABLE,0,NONE,Continue normal monitoring.,8.25,NORMAL
M001,2026-08-17 11:35:29,0.139,221.669,28.25,NORMAL,100.0,LOW,STABLE,0,NONE,Continue normal monitoring.,10.32,NORMAL
M001,2026-08-17 11:35:31,0.187,266.651,28.25,NORMAL,100.0,LOW,STABLE,0,NONE,Continue normal monitoring.,8.95,NORMAL
M001,2026-08-17 11:35:33,0.282,276.621,28.25,NORMAL,100.0,LOW,STABLE,0,NONE,Continue normal monitoring.,12.83,NORMAL
M001,2026-08-17 11:35:35,0.245,250.157,28.25,NORMAL,100.0,LOW,STABLE,0,NONE,Continue normal monitoring.,3.43,NORMAL
M001,2026-08-17 11:35:37,0.094,219.337,28.25,NORMAL,100.0,LOW,STABLE,0,NONE,Continue normal monitoring.,12.33,NORMAL
M001,2026-08-17 11:35:39,0.169,211.064,28.25,NORMAL,100.0,LOW,STABLE,0,NONE,Continue normal monitoring.,15.13,NORMAL
M001,2026-08-17 11:35:42,0.316,207.946,28.25,NORMAL,100.0,LOW,STABLE,0,NONE,Continue normal monitoring.,16.24,NORMAL
M001,2026-08-17 11:35:44,0.22,240.879,28.25,NORMAL,100.0,LOW,STABLE,0,NONE,Continue normal monitoring.,3.6,NORMAL
M001,2026-08-17 11:35:46,0.144,239.628,28.25,NORMAL,100.0,LOW,STABLE,0,NONE,Continue normal monitoring.,5.4,NORMAL
M001,2026-08-17 11:35:48,0.227,240.164,28.25,NORMAL,100.0,LOW,STABLE,0,NONE,Continue normal monitoring.,3.81,NORMAL
M001,2026-08-17 11:35:50,0.046,233.622,28.25,NORMAL,100.0,LOW,STABLE,0,NONE,Continue normal monitoring.,12.1,NORMAL
M001,2026-08-17 11:35:52,0.242,234.72,28.25,NORMAL,100.0,LOW,STABLE,0,NONE,Continue normal monitoring.,4.38,NORMAL
M001,2026-08-17 11:35:54,0.266,220.911,28.25,NORMAL,100.0,LOW,STABLE,0,NONE,Continue normal monitoring.,8.32,NORMAL
M001,2026-08-17 11:35:56,0.298,247.536,28.25,NORMAL,100.0,LOW,STABLE,0,NONE,Continue normal monitoring.,2.13,NORMAL
M001,2026-08-17 11:35:58,0.194,217.465,28.25,NORMAL,100.0,LOW,STABLE,0,NONE,Continue normal monitoring.,10.69,NORMAL
M001,2026-08-17 11:36:00,0.015,222.456,28.25,NORMAL,100.0,LOW,STABLE,0,NONE,Continue normal monitoring.,18.69,NORMAL
M001,2026-08-17 11:36:02,0.136,244.554,28.25,NORMAL,100.0,LOW,STABLE,0,NONE,Continue normal monitoring.,5.18,NORMAL
M001,2026-08-17 11:36:04,0.257,257.946,28.25,NORMAL,100.0,LOW,STABLE,0,NONE,Continue normal monitoring.,4.22,NORMAL
M001,2026-08-17 11:36:07,0.351,254.944,28.25,NORMAL,100.0,LOW,STABLE,0,NONE,Continue normal monitoring.,2.75,NORMAL
M001,2026-08-17 11:36:09,0.281,259.235,28.25,NORMAL,100.0,LOW,STABLE,0,NONE,Continue normal monitoring.,4.63,NORMAL
M001,2026-08-17 11:36:11,0.156,289.161,28.25,WARNING_SOUND,72.0,MEDIUM,FALLING,1,MECHANICAL_ABNORMALITY,Inspect mechanical components and sound sources.,21.16,NORMAL
M001,2026-08-17 11:36:13,0.219,258.086,28.25,NORMAL,100.0,LOW,RISING,0,NONE,Continue normal monitoring.,5.25,NORMAL
M001,2026-08-17 11:36:15,0.321,345.687,28.25,WARNING_SOUND,72.0,MEDIUM,FALLING,1,MECHANICAL_ABNORMALITY,Inspect mechanical components and sound sources.,35.91,NORMAL
M001,2026-08-17 11:36:17,0.134,352.565,28.25,NORMAL,100.0,LOW,RISING,0,NONE,Continue normal monitoring.,40.37,NORMAL
M001,2026-08-17 11:36:19,0.224,236.443,28.25,NORMAL,100.0,LOW,STABLE,0,NONE,Continue normal monitoring.,4.22,NORMAL
M001,2026-08-17 11:36:21,0.149,258.649,28.25,WARNING_SOUND,72.0,MEDIUM,FALLING,1,MECHANICAL_ABNORMALITY,Inspect mechanical components and sound sources.,8.1,NORMAL
M001,2026-08-17 11:36:23,0.648,242.186,28.25,NORMAL,100.0,LOW,RISING,0,NONE,Continue normal monitoring.,1.14,NORMAL
M001,2026-08-17 11:36:25,0.256,279.722,28.0,NORMAL,100.0,LOW,STABLE,0,NONE,Continue normal monitoring.,29.12,NORMAL
M001,2026-08-17 11:36:27,0.281,282.958,28.25,NORMAL,100.0,LOW,STABLE,0,NONE,Continue normal monitoring.,15.73,NORMAL
M001,2026-08-17 11:36:29,0.022,263.375,28.25,NORMAL,100.0,LOW,STABLE,0,NONE,Continue normal monitoring.,18.32,NORMAL
M001,2026-08-17 11:36:31,0.088,238.928,28.25,NORMAL,100.0,LOW,STABLE,0,NONE,Continue normal monitoring.,7.52,NORMAL
M001,2026-08-17 11:36:34,0.239,230.082,28.25,NORMAL,100.0,LOW,STABLE,0,NONE,Continue normal monitoring.,4.71,NORMAL
M001,2026-08-17 11:36:36,0.07,248.66,28.25,NORMAL,100.0,LOW,STABLE,0,NONE,Continue normal monitoring.,8.24,NORMAL
M001,2026-08-17 11:36:38,0.318,216.137,28.25,NORMAL,100.0,LOW,STABLE,0,NONE,Continue normal monitoring.,9.75,NORMAL
M001,2026-08-17 11:36:40,0.247,220.321,28.0,NORMAL,100.0,LOW,STABLE,0,NONE,Continue normal monitoring.,23.9,NORMAL
M001,2026-08-17 11:36:42,0.184,264.221,28.25,NORMAL,100.0,LOW,STABLE,0,NONE,Continue normal monitoring.,8.27,NORMAL
M001,2026-08-17 11:36:44,0.225,264.346,28.0,NORMAL,100.0,LOW,STABLE,0,NONE,Continue normal monitoring.,22.7,NORMAL
M001,2026-08-17 11:36:46,0.086,243.128,28.0,NORMAL,100.0,LOW,STABLE,0,NONE,Continue normal monitoring.,21.24,NORMAL
M001,2026-08-17 11:36:48,0.089,244.861,28.25,NORMAL,100.0,LOW,STABLE,0,NONE,Continue normal monitoring.,6.9,NORMAL
M001,2026-08-17 11:36:50,0.122,254.366,28.25,NORMAL,100.0,LOW,STABLE,0,NONE,Continue normal monitoring.,7.11,NORMAL
M001,2026-08-17 11:36:52,0.15,225.361,28.25,NORMAL,100.0,LOW,STABLE,0,NONE,Continue normal monitoring.,8.9,NORMAL
M001,2026-08-17 11:36:54,0.347,241.355,28.25,NORMAL,100.0,LOW,STABLE,0,NONE,Continue normal monitoring.,2.53,NORMAL
M001,2026-08-17 11:36:56,0.094,218.806,28.25,NORMAL,100.0,LOW,STABLE,0,NONE,Continue normal monitoring.,12.47,NORMAL
M001,2026-08-17 11:36:59,0.336,226.133,28.25,NORMAL,100.0,LOW,STABLE,0,NONE,Continue normal monitoring.,6.41,NORMAL
M001,2026-08-17 11:37:01,0.026,213.465,28.25,NORMAL,100.0,LOW,STABLE,0,NONE,Continue normal monitoring.,21.01,NORMAL
M001,2026-08-17 11:37:03,0.148,263.671,28.25,NORMAL,100.0,LOW,STABLE,0,NONE,Continue normal monitoring.,9.82,NORMAL
M001,2026-08-17 11:37:05,0.258,220.456,28.25,NORMAL,100.0,LOW,STABLE,0,NONE,Continue normal monitoring.,8.42,NORMAL
M001,2026-08-17 11:37:07,1.164,234.454,28.25,NORMAL,100.0,LOW,STABLE,0,NONE,Continue normal monitoring.,2.65,NORMAL
M001,2026-08-17 11:37:09,0.627,254.587,28.25,NORMAL,100.0,LOW,STABLE,0,NONE,Continue normal monitoring.,1.96,NORMAL
M001,2026-08-17 11:37:11,0.46,240.226,28.25,NORMAL,100.0,LOW,STABLE,0,NONE,Continue normal monitoring.,2.39,NORMAL
M001,2026-08-17 11:37:13,0.069,218.544,28.0,NORMAL,100.0,LOW,STABLE,0,NONE,Continue normal monitoring.,30.14,NORMAL
M001,2026-08-17 11:37:15,0.335,254.242,28.25,NORMAL,100.0,LOW,STABLE,0,NONE,Continue normal monitoring.,2.92,NORMAL
M001,2026-08-17 11:37:17,0.34,258.37,28.25,NORMAL,100.0,LOW,STABLE,0,NONE,Continue normal monitoring.,3.7,NORMAL
M001,2026-08-17 11:37:19,0.143,254.349,28.25,NORMAL,100.0,LOW,STABLE,0,NONE,Continue normal monitoring.,7.03,NORMAL
M001,2026-08-17 11:37:21,0.159,235.342,28.0,NORMAL,100.0,LOW,STABLE,0,NONE,Continue normal monitoring.,19.69,NORMAL
M001,2026-08-17 11:37:23,0.408,217.892,28.25,NORMAL,100.0,LOW,STABLE,0,NONE,Continue normal monitoring.,9.66,NORMAL
M001,2026-08-17 11:37:26,0.576,242.241,28.0,NORMAL,100.0,LOW,STABLE,0,NONE,Continue normal monitoring.,20.77,NORMAL
M001,2026-08-17 11:37:28,0.19,233.642,28.25,NORMAL,100.0,LOW,STABLE,0,NONE,Continue normal monitoring.,4.67,NORMAL
M001,2026-08-17 11:37:30,0.701,239.351,28.0,NORMAL,100.0,LOW,STABLE,0,NONE,Continue normal monitoring.,21.43,NORMAL
M001,2026-08-17 11:37:32,0.22,283.295,28.0,NORMAL,100.0,LOW,STABLE,0,NONE,Continue normal monitoring.,31.72,NORMAL
M001,2026-08-17 11:37:34,0.028,255.44,28.0,NORMAL,100.0,LOW,STABLE,0,NONE,Continue normal monitoring.,29.3,NORMAL
M001,2026-08-17 11:37:36,0.193,213.985,28.25,NORMAL,100.0,LOW,STABLE,0,NONE,Continue normal monitoring.,12.11,NORMAL
M001,2026-08-17 11:37:38,0.23,235.189,28.0,NORMAL,100.0,LOW,STABLE,0,NONE,Continue normal monitoring.,18.74,NORMAL
M001,2026-08-17 11:37:40,0.287,244.069,28.25,NORMAL,100.0,LOW,STABLE,0,NONE,Continue normal monitoring.,2.8,NORMAL
M001,2026-08-17 11:37:42,0.333,236.555,28.25,NORMAL,100.0,LOW,STABLE,0,NONE,Continue normal monitoring.,3.78,NORMAL
M001,2026-08-17 11:37:44,0.063,208.936,28.25,NORMAL,100.0,LOW,STABLE,0,NONE,Continue normal monitoring.,20.27,NORMAL
M001,2026-08-17 11:37:46,0.343,239.947,28.25,NORMAL,100.0,LOW,STABLE,0,NONE,Continue normal monitoring.,2.93,NORMAL
M001,2026-08-17 11:37:48,0.307,279.825,28.25,NORMAL,100.0,LOW,STABLE,0,NONE,Continue normal monitoring.,14.28,NORMAL
M001,2026-08-17 11:37:51,0.34,254.224,28.0,NORMAL,100.0,LOW,STABLE,0,NONE,Continue normal monitoring.,19.41,NORMAL
M001,2026-08-17 11:37:53,0.22,249.244,28.0,NORMAL,100.0,LOW,STABLE,0,NONE,Continue normal monitoring.,17.99,NORMAL
M001,2026-08-17 11:37:55,0.053,240.298,28.25,NORMAL,100.0,LOW,STABLE,0,NONE,Continue normal monitoring.,9.69,NORMAL
M001,2026-08-17 11:37:57,0.276,237.17,28.25,NORMAL,100.0,LOW,STABLE,0,NONE,Continue normal monitoring.,3.67,NORMAL
M001,2026-08-17 11:37:59,1.1,233.023,28.0,NORMAL,100.0,LOW,STABLE,0,NONE,Continue normal monitoring.,20.22,NORMAL
M001,2026-08-17 11:38:02,0.3,209.743,28.0,NORMAL,100.0,LOW,STABLE,0,NONE,Continue normal monitoring.,29.09,NORMAL
M001,2026-08-17 11:38:03,0.254,212.265,28.25,NORMAL,100.0,LOW,STABLE,0,NONE,Continue normal monitoring.,12.76,NORMAL
M001,2026-08-17 11:38:05,0.293,241.494,28.0,NORMAL,100.0,LOW,STABLE,0,NONE,Continue normal monitoring.,17.73,NORMAL
M001,2026-08-17 11:38:07,0.18,201.441,28.0,NORMAL,100.0,LOW,STABLE,0,NONE,Continue normal monitoring.,33.58,NORMAL
M001,2026-08-17 11:38:09,0.092,246.104,28.0,NORMAL,100.0,LOW,STABLE,0,NONE,Continue normal monitoring.,20.52,NORMAL
M001,2026-08-17 11:38:11,0.004,251.286,28.0,NORMAL,100.0,LOW,STABLE,0,NONE,Continue normal monitoring.,30.52,NORMAL
M001,2026-08-17 11:38:13,0.227,261.629,28.0,NORMAL,100.0,LOW,STABLE,0,NONE,Continue normal monitoring.,21.53,NORMAL
M001,2026-08-17 11:38:16,0.211,241.446,28.25,NORMAL,100.0,LOW,STABLE,0,NONE,Continue normal monitoring.,3.98,NORMAL
M001,2026-08-17 11:38:18,0.103,242.234,28.25,NORMAL,100.0,LOW,STABLE,0,NONE,Continue normal monitoring.,7.31,NORMAL
M001,2026-08-17 11:38:20,0.078,277.386,28.25,NORMAL,100.0,LOW,STABLE,0,NONE,Continue normal monitoring.,18.99,NORMAL
M001,2026-08-17 11:38:22,0.28,269.467,28.25,NORMAL,100.0,LOW,STABLE,0,NONE,Continue normal monitoring.,8.26,NORMAL
M001,2026-08-17 11:38:24,0.1,229.809,28.0,NORMAL,100.0,LOW,STABLE,0,NONE,Continue normal monitoring.,23.89,NORMAL
M001,2026-08-17 11:38:26,0.111,211.156,28.25,NORMAL,100.0,LOW,STABLE,0,NONE,Continue normal monitoring.,16.23,NORMAL
M001,2026-08-17 11:38:28,0.247,272.142,28.0,NORMAL,100.0,LOW,STABLE,0,NONE,Continue normal monitoring.,25.4,NORMAL
M001,2026-08-17 11:38:30,0.103,238.746,28.25,NORMAL,100.0,LOW,STABLE,0,NONE,Continue normal monitoring.,7.1,NORMAL
M001,2026-08-17 11:38:32,0.049,237.858,28.25,NORMAL,100.0,LOW,STABLE,0,NONE,Continue normal monitoring.,11.18,NORMAL
M001,2026-08-17 11:38:34,0.042,226.805,28.25,NORMAL,100.0,LOW,STABLE,0,NONE,Continue normal monitoring.,15.41,NORMAL
M001,2026-08-17 11:38:36,0.348,220.011,28.25,NORMAL,100.0,LOW,STABLE,0,NONE,Continue normal monitoring.,8.4,NORMAL
M001,2026-08-17 11:38:38,0.759,256.275,28.0,NORMAL,100.0,LOW,STABLE,0,NONE,Continue normal monitoring.,21.12,NORMAL
M001,2026-08-17 11:38:40,0.076,216.778,28.0,NORMAL,100.0,LOW,STABLE,0,NONE,Continue normal monitoring.,30.24,NORMAL
M001,2026-08-17 11:38:43,0.163,231.243,28.25,NORMAL,100.0,LOW,STABLE,0,NONE,Continue normal monitoring.,6.12,NORMAL
M001,2026-08-17 11:38:45,0.242,241.816,28.0,NORMAL,100.0,LOW,STABLE,0,NONE,Continue normal monitoring.,18.12,NORMAL
M001,2026-08-17 11:38:47,0.19,246.731,28.25,NORMAL,100.0,LOW,STABLE,0,NONE,Continue normal monitoring.,2.87,NORMAL
M001,2026-08-17 11:38:49,0.123,249.479,28.0,NORMAL,100.0,LOW,STABLE,0,NONE,Continue normal monitoring.,20.12,NORMAL
M001,2026-08-17 11:38:51,0.184,268.601,28.25,WARNING_SOUND,72.0,MEDIUM,FALLING,1,MECHANICAL_ABNORMALITY,Inspect mechanical components and sound sources.,9.65,NORMAL
M001,2026-08-17 11:38:53,0.003,246.401,28.0,NORMAL,100.0,LOW,RISING,0,NONE,Continue normal monitoring.,28.93,NORMAL
M001,2026-08-17 11:38:55,0.328,262.046,28.25,NORMAL,100.0,LOW,STABLE,0,NONE,Continue normal monitoring.,4.65,NORMAL
M001,2026-08-17 11:38:57,0.117,292.784,28.25,NORMAL,100.0,LOW,STABLE,0,NONE,Continue normal monitoring.,23.44,NORMAL
M001,2026-08-17 11:38:59,0.203,224.735,28.0,NORMAL,100.0,LOW,STABLE,0,NONE,Continue normal monitoring.,22.88,NORMAL
M001,2026-08-17 11:39:01,0.27,251.544,28.0,NORMAL,100.0,LOW,STABLE,0,NONE,Continue normal monitoring.,18.43,NORMAL
M001,2026-08-17 11:39:03,0.316,263.742,28.0,NORMAL,100.0,LOW,STABLE,0,NONE,Continue normal monitoring.,21.56,NORMAL
M001,2026-08-17 11:39:05,0.107,252.305,28.25,NORMAL,100.0,LOW,STABLE,0,NONE,Continue normal monitoring.,7.75,NORMAL
M001,2026-08-17 11:39:08,0.168,227.766,28.25,NORMAL,100.0,LOW,STABLE,0,NONE,Continue normal monitoring.,7.48,NORMAL
M001,2026-08-17 11:39:10,0.138,218.319,28.0,NORMAL,100.0,LOW,STABLE,0,NONE,Continue normal monitoring.,27.36,NORMAL
M001,2026-08-17 11:39:12,0.04,275.635,28.25,NORMAL,100.0,LOW,STABLE,0,NONE,Continue normal monitoring.,22.99,NORMAL
M001,2026-08-17 11:39:14,0.063,251.292,28.0,NORMAL,100.0,LOW,STABLE,0,NONE,Continue normal monitoring.,23.77,NORMAL
M001,2026-08-17 11:39:16,0.343,225.896,28.25,NORMAL,100.0,LOW,STABLE,0,NONE,Continue normal monitoring.,6.36,NORMAL
M001,2026-08-17 11:39:18,0.117,250.873,28.0,NORMAL,100.0,LOW,STABLE,0,NONE,Continue normal monitoring.,20.78,NORMAL
M001,2026-08-17 11:39:20,0.198,262.754,28.0,NORMAL,100.0,LOW,STABLE,0,NONE,Continue normal monitoring.,22.44,NORMAL
M001,2026-08-17 11:39:22,0.036,266.167,28.25,NORMAL,100.0,LOW,STABLE,0,NONE,Continue normal monitoring.,17.96,NORMAL
M001,2026-08-17 11:39:24,0.084,237.883,28.25,NORMAL,100.0,LOW,STABLE,0,NONE,Continue normal monitoring.,8.45,NORMAL
M001,2026-08-17 11:39:26,0.243,274.254,28.25,NORMAL,100.0,LOW,STABLE,0,NONE,Continue normal monitoring.,11.44,NORMAL
M001,2026-08-17 11:39:28,0.021,237.564,28.25,NORMAL,100.0,LOW,STABLE,0,NONE,Continue normal monitoring.,13.96,NORMAL
M001,2026-08-17 11:39:30,0.141,233.92,28.25,NORMAL,100.0,LOW,STABLE,0,NONE,Continue normal monitoring.,6.13,NORMAL
M001,2026-08-17 11:39:33,0.161,246.57,28.25,NORMAL,100.0,LOW,STABLE,0,NONE,Continue normal monitoring.,4.51,NORMAL
M001,2026-08-17 11:39:35,0.281,237.068,28.25,NORMAL,100.0,LOW,STABLE,0,NONE,Continue normal monitoring.,3.67,NORMAL
M001,2026-08-17 11:39:37,0.353,209.474,28.0,NORMAL,100.0,LOW,STABLE,0,NONE,Continue normal monitoring.,29.68,NORMAL
M001,2026-08-17 11:39:39,0.881,205.251,28.0,NORMAL,100.0,LOW,STABLE,0,NONE,Continue normal monitoring.,30.96,NORMAL
M001,2026-08-17 11:39:41,0.21,233.96,28.0,NORMAL,100.0,LOW,STABLE,0,NONE,Continue normal monitoring.,19.25,NORMAL
M001,2026-08-17 11:39:43,0.23,253.913,28.25,NORMAL,100.0,LOW,STABLE,0,NONE,Continue normal monitoring.,4.06,NORMAL
M001,2026-08-17 11:39:45,0.24,242.299,28.25,NORMAL,100.0,LOW,STABLE,0,NONE,Continue normal monitoring.,3.47,NORMAL
M001,2026-08-17 11:39:47,0.178,234.938,28.25,NORMAL,100.0,LOW,STABLE,0,NONE,Continue normal monitoring.,4.91,NORMAL
M001,2026-08-17 11:39:49,0.245,240.347,28.25,NORMAL,100.0,LOW,STABLE,0,NONE,Continue normal monitoring.,3.59,NORMAL
M001,2026-08-17 11:39:51,0.011,265.527,28.0,NORMAL,100.0,LOW,STABLE,0,NONE,Continue normal monitoring.,34.33,NORMAL
M001,2026-08-17 11:39:53,0.023,263.319,28.0,NORMAL,100.0,LOW,STABLE,0,NONE,Continue normal monitoring.,32.51,NORMAL
M001,2026-08-17 11:39:55,0.087,240.306,28.0,NORMAL,100.0,LOW,STABLE,0,NONE,Continue normal monitoring.,21.85,NORMAL
M001,2026-08-17 11:39:57,0.554,231.164,28.0,NORMAL,100.0,LOW,STABLE,0,NONE,Continue normal monitoring.,22.84,NORMAL
M001,2026-08-17 11:40:00,0.059,228.254,28.25,NORMAL,100.0,LOW,STABLE,0,NONE,Continue normal monitoring.,11.32,NORMAL
M001,2026-08-17 11:40:02,0.048,240.048,28.25,NORMAL,100.0,LOW,STABLE,0,NONE,Continue normal monitoring.,11.24,NORMAL
M001,2026-08-17 11:40:04,0.251,237.898,28.25,NORMAL,100.0,LOW,STABLE,0,NONE,Continue normal monitoring.,3.53,NORMAL
M001,2026-08-17 11:40:06,0.031,259.266,28.25,NORMAL,100.0,LOW,STABLE,0,NONE,Continue normal monitoring.,16.38,NORMAL
M001,2026-08-17 11:40:08,0.103,222.692,28.0,NORMAL,100.0,LOW,STABLE,0,NONE,Continue normal monitoring.,26.11,NORMAL
M001,2026-08-17 11:40:10,0.373,213.916,28.25,NORMAL,100.0,LOW,STABLE,0,NONE,Continue normal monitoring.,11.21,NORMAL
M001,2026-08-17 11:40:12,0.161,259.32,28.25,NORMAL,100.0,LOW,STABLE,0,NONE,Continue normal monitoring.,7.91,NORMAL
M001,2026-08-17 11:40:14,0.253,239.79,28.25,NORMAL,100.0,LOW,STABLE,0,NONE,Continue normal monitoring.,3.19,NORMAL
M001,2026-08-17 11:40:16,1.006,225.769,28.25,NORMAL,100.0,LOW,STABLE,0,NONE,Continue normal monitoring.,4.81,NORMAL
M001,2026-08-17 11:40:25,0.084,247.77,28.0,NORMAL,100.0,LOW,STABLE,0,NONE,Continue normal monitoring.,21.0,NORMAL
M001,2026-08-17 11:40:27,0.264,265.926,28.0,NORMAL,100.0,LOW,STABLE,0,NONE,Continue normal monitoring.,22.44,NORMAL
M001,2026-08-17 11:40:29,0.346,255.309,28.25,NORMAL,100.0,LOW,STABLE,0,NONE,Continue normal monitoring.,2.75,NORMAL
M001,2026-08-17 11:40:31,0.328,215.394,28.0,NORMAL,100.0,LOW,STABLE,0,NONE,Continue normal monitoring.,26.62,NORMAL
M001,2026-08-17 11:40:33,0.018,212.391,28.0,NORMAL,100.0,LOW,STABLE,0,NONE,Continue normal monitoring.,38.38,NORMAL
M001,2026-08-17 11:40:35,0.186,250.179,28.0,NORMAL,100.0,LOW,STABLE,0,NONE,Continue normal monitoring.,18.09,NORMAL
M001,2026-08-17 11:40:37,0.292,235.388,28.0,NORMAL,100.0,LOW,STABLE,0,NONE,Continue normal monitoring.,18.7,NORMAL
M001,2026-08-17 11:40:39,0.184,210.594,28.25,NORMAL,100.0,LOW,STABLE,0,NONE,Continue normal monitoring.,15.44,NORMAL
M001,2026-08-17 11:40:41,0.328,290.711,28.25,NORMAL,100.0,LOW,STABLE,0,NONE,Continue normal monitoring.,18.98,NORMAL
M001,2026-08-17 11:40:43,0.114,242.437,28.0,NORMAL,100.0,LOW,STABLE,0,NONE,Continue normal monitoring.,19.81,NORMAL
M001,2026-08-17 11:40:45,0.24,222.289,28.25,NORMAL,100.0,LOW,STABLE,0,NONE,Continue normal monitoring.,7.45,NORMAL
M001,2026-08-17 11:40:47,0.17,260.595,28.0,NORMAL,100.0,LOW,STABLE,0,NONE,Continue normal monitoring.,21.06,NORMAL
M001,2026-08-17 11:40:50,0.486,265.016,28.25,NORMAL,100.0,LOW,STABLE,0,NONE,Continue normal monitoring.,5.76,NORMAL
M001,2026-08-17 11:40:52,0.113,235.311,28.0,NORMAL,100.0,LOW,STABLE,0,NONE,Continue normal monitoring.,20.73,NORMAL
M001,2026-08-17 11:40:54,0.097,235.786,28.25,NORMAL,100.0,LOW,STABLE,0,NONE,Continue normal monitoring.,7.36,NORMAL
M001,2026-08-17 11:40:56,0.353,194.161,28.25,NORMAL,100.0,LOW,STABLE,0,NONE,Continue normal monitoring.,24.11,NORMAL
M001,2026-08-17 11:40:58,0.468,260.511,28.25,NORMAL,100.0,LOW,STABLE,0,NONE,Continue normal monitoring.,3.92,NORMAL
M001,2026-08-17 11:41:00,0.489,257.3,28.0,NORMAL,100.0,LOW,STABLE,0,NONE,Continue normal monitoring.,21.36,NORMAL
M001,2026-08-17 11:41:02,1.059,231.118,28.25,NORMAL,100.0,LOW,STABLE,0,NONE,Continue normal monitoring.,2.66,NORMAL
M001,2026-08-17 11:41:04,0.141,235.321,28.0,NORMAL,100.0,LOW,STABLE,0,NONE,Continue normal monitoring.,20.02,NORMAL
M001,2026-08-17 11:41:06,0.1,225.211,28.25,NORMAL,100.0,LOW,STABLE,0,NONE,Continue normal monitoring.,10.54,NORMAL
M001,2026-08-17 11:41:08,0.125,225.575,28.0,NORMAL,100.0,LOW,STABLE,0,NONE,Continue normal monitoring.,24.51,NORMAL
M001,2026-08-17 11:41:10,0.132,219.621,28.0,NORMAL,100.0,LOW,STABLE,0,NONE,Continue normal monitoring.,26.52,NORMAL
M001,2026-08-17 11:41:12,0.205,254.816,28.25,NORMAL,100.0,LOW,STABLE,0,NONE,Continue normal monitoring.,4.92,NORMAL
M001,2026-08-17 11:41:14,0.105,219.238,28.25,NORMAL,100.0,LOW,STABLE,0,NONE,Continue normal monitoring.,12.3,NORMAL
M001,2026-08-17 11:41:17,0.091,243.04,28.25,NORMAL,100.0,LOW,STABLE,0,NONE,Continue normal monitoring.,7.23,NORMAL
M001,2026-08-17 11:41:19,0.207,224.24,28.25,NORMAL,100.0,LOW,STABLE,0,NONE,Continue normal monitoring.,7.62,NORMAL
M001,2026-08-17 11:41:21,0.134,275.3,28.0,NORMAL,100.0,LOW,STABLE,0,NONE,Continue normal monitoring.,29.39,NORMAL
M001,2026-08-17 11:41:23,0.26,241.78,28.25,NORMAL,100.0,LOW,STABLE,0,NONE,Continue normal monitoring.,3.14,NORMAL
M001,2026-08-17 11:41:25,0.018,223.164,28.25,NORMAL,100.0,LOW,STABLE,0,NONE,Continue normal monitoring.,18.53,NORMAL
M001,2026-08-17 11:41:27,0.28,262.284,28.0,NORMAL,100.0,LOW,STABLE,0,NONE,Continue normal monitoring.,20.54,NORMAL
M001,2026-08-17 11:41:29,0.308,239.129,28.25,NORMAL,100.0,LOW,STABLE,0,NONE,Continue normal monitoring.,3.21,NORMAL
M001,2026-08-17 11:41:31,0.057,243.459,28.25,NORMAL,100.0,LOW,STABLE,0,NONE,Continue normal monitoring.,9.51,NORMAL
M001,2026-08-17 11:41:33,0.147,209.94,28.25,NORMAL,100.0,LOW,STABLE,0,NONE,Continue normal monitoring.,16.83,NORMAL
M001,2026-08-17 11:41:35,0.091,222.572,28.0,NORMAL,100.0,LOW,STABLE,0,NONE,Continue normal monitoring.,26.54,NORMAL
M001,2026-08-17 11:41:37,0.124,223.502,28.25,NORMAL,100.0,LOW,STABLE,0,NONE,Continue normal monitoring.,10.02,NORMAL
M001,2026-08-17 11:41:39,0.15,267.693,28.0,NORMAL,100.0,LOW,STABLE,0,NONE,Continue normal monitoring.,24.76,NORMAL
M001,2026-08-17 11:41:42,0.13,234.205,28.25,NORMAL,100.0,LOW,STABLE,0,NONE,Continue normal monitoring.,6.81,NORMAL
M001,2026-08-17 11:41:44,0.621,220.667,28.25,NORMAL,100.0,LOW,STABLE,0,NONE,Continue normal monitoring.,7.8,NORMAL
M001,2026-08-17 11:41:46,0.019,247.201,28.0,NORMAL,100.0,LOW,STABLE,0,NONE,Continue normal monitoring.,27.21,NORMAL
M001,2026-08-17 11:42:04,0.098,225.72,28.25,NORMAL,100.0,LOW,STABLE,0,NONE,Continue normal monitoring.,10.3,NORMAL
M001,2026-08-17 11:42:07,0.048,240.179,28.25,NORMAL,100.0,LOW,STABLE,0,NONE,Continue normal monitoring.,11.24,NORMAL
M001,2026-08-17 11:42:09,0.365,244.42,28.25,NORMAL,100.0,LOW,STABLE,0,NONE,Continue normal monitoring.,1.98,NORMAL
M001,2026-08-17 11:42:11,0.094,265.81,28.25,NORMAL,100.0,LOW,STABLE,0,NONE,Continue normal monitoring.,12.24,NORMAL
M001,2026-08-17 11:42:13,0.218,267.566,28.25,NORMAL,100.0,LOW,STABLE,0,NONE,Continue normal monitoring.,8.5,NORMAL
M001,2026-08-17 11:42:15,0.202,227.8,28.25,NORMAL,100.0,LOW,STABLE,0,NONE,Continue normal monitoring.,6.68,NORMAL
M001,2026-08-17 11:42:17,0.352,210.082,28.25,NORMAL,100.0,LOW,STABLE,0,NONE,Continue normal monitoring.,14.18,NORMAL
M001,2026-08-17 11:42:19,0.075,256.186,28.25,NORMAL,100.0,LOW,STABLE,0,NONE,Continue normal monitoring.,10.33,NORMAL
M001,2026-08-17 11:42:21,0.086,216.381,28.25,NORMAL,100.0,LOW,STABLE,0,NONE,Continue normal monitoring.,13.98,NORMAL
M001,2026-08-17 11:42:23,0.336,317.565,28.25,NORMAL,100.0,LOW,STABLE,0,NONE,Continue normal monitoring.,29.73,NORMAL
M001,2026-08-17 11:42:25,0.249,204.319,28.25,NORMAL,100.0,LOW,STABLE,0,NONE,Continue normal monitoring.,19.62,NORMAL
M001,2026-08-17 11:42:27,0.14,221.271,28.25,NORMAL,100.0,LOW,STABLE,0,NONE,Continue normal monitoring.,10.72,NORMAL
M001,2026-08-17 11:42:29,4.638,567.219,28.25,CRITICAL_VIB_SOUND,50.0,HIGH,FALLING,1,LOOSE_COMPONENT,Inspect and secure loose components.,88.71,EXCESSIVE_VIBRATION
M001,2026-08-17 11:42:31,1.915,234.712,28.25,NORMAL,100.0,LOW,RISING,0,NONE,Continue normal monitoring.,24.82,NORMAL
M001,2026-08-17 11:42:34,0.753,246.038,28.25,NORMAL,100.0,LOW,STABLE,0,NONE,Continue normal monitoring.,0.88,NORMAL
M001,2026-08-17 11:42:36,1.376,236.36,28.25,WARNING_VIBRATION,72.0,MEDIUM,FALLING,1,EXCESSIVE_VIBRATION,Inspect motor and rotating components.,7.04,NORMAL
M001,2026-08-17 11:42:38,0.071,244.333,28.25,NORMAL,100.0,LOW,RISING,0,NONE,Continue normal monitoring.,8.33,NORMAL
M001,2026-08-17 11:42:40,0.07,252.305,28.25,NORMAL,100.0,LOW,STABLE,0,NONE,Continue normal monitoring.,9.39,NORMAL
M001,2026-08-17 11:42:42,0.145,250.375,28.25,NORMAL,100.0,LOW,STABLE,0,NONE,Continue normal monitoring.,5.7,NORMAL
M001,2026-08-17 11:42:44,0.068,271.754,28.25,NORMAL,100.0,LOW,STABLE,0,NONE,Continue normal monitoring.,16.04,NORMAL
M001,2026-08-17 11:42:46,0.704,224.708,28.25,NORMAL,100.0,LOW,STABLE,0,NONE,Continue normal monitoring.,6.22,NORMAL
M001,2026-08-17 11:42:48,0.268,204.922,28.0,NORMAL,100.0,LOW,STABLE,0,NONE,Continue normal monitoring.,32.05,NORMAL
M001,2026-08-17 11:42:50,0.012,220.814,28.25,NORMAL,100.0,LOW,STABLE,0,NONE,Continue normal monitoring.,19.41,NORMAL
M001,2026-08-17 11:42:52,0.164,265.929,28.25,NORMAL,100.0,LOW,STABLE,0,NONE,Continue normal monitoring.,9.63,NORMAL
M001,2026-08-17 11:42:54,0.018,238.43,28.25,NORMAL,100.0,LOW,STABLE,0,NONE,Continue normal monitoring.,14.32,NORMAL
M001,2026-08-17 11:42:56,0.262,268.546,28.25,NORMAL,100.0,LOW,STABLE,0,NONE,Continue normal monitoring.,7.86,NORMAL
M001,2026-08-17 11:42:59,0.068,238.238,28.25,NORMAL,100.0,LOW,STABLE,0,NONE,Continue normal monitoring.,8.97,NORMAL
M001,2026-08-17 11:43:01,0.344,217.618,28.0,NORMAL,100.0,LOW,STABLE,0,NONE,Continue normal monitoring.,25.84,NORMAL
M001,2026-08-17 11:43:03,0.24,221.947,28.25,NORMAL,100.0,LOW,STABLE,0,NONE,Continue normal monitoring.,7.52,NORMAL
M001,2026-08-17 11:43:05,0.04,255.242,28.0,NORMAL,100.0,LOW,STABLE,0,NONE,Continue normal monitoring.,28.48,NORMAL
M001,2026-08-17 11:43:07,0.056,229.824,28.0,NORMAL,100.0,LOW,STABLE,0,NONE,Continue normal monitoring.,26.85,NORMAL
M001,2026-08-17 11:43:09,0.004,250.186,28.25,NORMAL,100.0,LOW,STABLE,0,NONE,Continue normal monitoring.,16.24,NORMAL
M001,2026-08-17 11:43:11,0.045,222.071,28.0,NORMAL,100.0,LOW,STABLE,0,NONE,Continue normal monitoring.,31.38,NORMAL
M001,2026-08-17 11:43:13,0.076,247.009,28.0,NORMAL,100.0,LOW,STABLE,0,NONE,Continue normal monitoring.,21.34,NORMAL
M001,2026-08-17 11:43:15,0.697,212.376,28.25,NORMAL,100.0,LOW,STABLE,0,NONE,Continue normal monitoring.,11.48,NORMAL
M001,2026-08-17 11:43:17,0.232,250.539,28.25,NORMAL,100.0,LOW,STABLE,0,NONE,Continue normal monitoring.,3.49,NORMAL
M001,2026-08-17 11:43:19,0.079,234.083,28.0,WARNING_SOUND,72.0,MEDIUM,FALLING,1,MECHANICAL_ABNORMALITY,Inspect mechanical components and sound sources.,23.83,NORMAL
M001,2026-08-17 11:43:21,0.065,205.849,28.25,NORMAL,100.0,LOW,RISING,0,NONE,Continue normal monitoring.,22.79,NORMAL
M001,2026-08-17 11:43:23,0.05,244.386,28.25,NORMAL,100.0,LOW,STABLE,0,NONE,Continue normal monitoring.,10.51,NORMAL
M001,2026-08-17 11:43:26,0.129,233.049,28.25,NORMAL,100.0,LOW,STABLE,0,NONE,Continue normal monitoring.,6.74,NORMAL
M001,2026-08-17 11:43:28,0.057,266.363,28.25,NORMAL,100.0,LOW,STABLE,0,NONE,Continue normal monitoring.,15.2,NORMAL
M001,2026-08-17 11:43:30,0.372,227.701,28.25,NORMAL,100.0,LOW,STABLE,0,NONE,Continue normal monitoring.,5.96,NORMAL
M001,2026-08-17 11:43:32,0.211,228.664,28.25,NORMAL,100.0,LOW,STABLE,0,NONE,Continue normal monitoring.,5.58,NORMAL
M001,2026-08-17 11:43:34,0.258,239.63,28.25,NORMAL,100.0,LOW,STABLE,0,NONE,Continue normal monitoring.,3.03,NORMAL
M001,2026-08-17 11:43:36,0.193,242.872,28.25,NORMAL,100.0,LOW,STABLE,0,NONE,Continue normal monitoring.,3.89,NORMAL
M001,2026-08-17 11:43:38,0.178,248.256,28.25,NORMAL,100.0,LOW,STABLE,0,NONE,Continue normal monitoring.,3.46,NORMAL
M001,2026-08-17 11:43:40,0.299,208.888,28.25,NORMAL,100.0,LOW,STABLE,0,NONE,Continue normal monitoring.,15.85,NORMAL
M001,2026-08-17 11:43:42,1.425,310.059,28.25,NORMAL,100.0,LOW,STABLE,0,NONE,Continue normal monitoring.,28.91,NORMAL
M001,2026-08-17 11:43:44,0.584,271.161,28.25,NORMAL,100.0,LOW,STABLE,0,NONE,Continue normal monitoring.,7.31,NORMAL
M001,2026-08-17 11:43:46,1.176,246.773,28.0,WARNING_VIBRATION,72.0,MEDIUM,FALLING,1,EXCESSIVE_VIBRATION,Inspect motor and rotating components.,19.42,NORMAL
M001,2026-08-17 11:43:48,0.143,238.854,28.0,NORMAL,100.0,LOW,RISING,0,NONE,Continue normal monitoring.,19.55,NORMAL
M001,2026-08-17 11:43:51,0.343,226.673,28.25,NORMAL,100.0,LOW,STABLE,0,NONE,Continue normal monitoring.,6.18,NORMAL
M001,2026-08-17 11:43:53,0.469,263.456,28.0,NORMAL,100.0,LOW,STABLE,0,NONE,Continue normal monitoring.,23.4,NORMAL
M001,2026-08-17 11:43:55,0.124,295.773,28.25,WARNING_SOUND,72.0,MEDIUM,FALLING,1,MECHANICAL_ABNORMALITY,Inspect mechanical components and sound sources.,25.13,NORMAL
M001,2026-08-17 11:43:57,0.547,248.308,28.25,NORMAL,100.0,LOW,RISING,0,NONE,Continue normal monitoring.,2.37,NORMAL
M001,2026-08-17 11:43:59,0.061,224.877,28.25,NORMAL,100.0,LOW,STABLE,0,NONE,Continue normal monitoring.,12.7,NORMAL
M001,2026-08-17 11:44:01,0.248,268.028,28.0,NORMAL,100.0,LOW,STABLE,0,NONE,Continue normal monitoring.,23.08,NORMAL
M001,2026-08-17 11:44:03,0.008,269.996,28.25,NORMAL,100.0,LOW,STABLE,0,NONE,Continue normal monitoring.,22.7,NORMAL
M001,2026-08-17 11:44:05,0.574,226.657,28.25,NORMAL,100.0,LOW,STABLE,0,NONE,Continue normal monitoring.,5.6,NORMAL
M001,2026-08-17 11:44:07,0.23,250.784,28.0,NORMAL,100.0,LOW,STABLE,0,NONE,Continue normal monitoring.,18.54,NORMAL
M001,2026-08-17 11:44:09,0.195,214.505,28.25,NORMAL,100.0,LOW,STABLE,0,NONE,Continue normal monitoring.,11.61,NORMAL
M001,2026-08-17 11:44:11,0.289,243.854,28.25,NORMAL,100.0,LOW,STABLE,0,NONE,Continue normal monitoring.,2.95,NORMAL
M001,2026-08-17 11:44:13,0.341,231.372,28.25,NORMAL,100.0,LOW,STABLE,0,NONE,Continue normal monitoring.,4.3,NORMAL
M001,2026-08-17 11:44:16,0.345,260.126,28.25,NORMAL,100.0,LOW,STABLE,0,NONE,Continue normal monitoring.,3.7,NORMAL
M001,2026-08-17 11:44:18,0.201,235.683,28.0,NORMAL,100.0,LOW,STABLE,0,NONE,Continue normal monitoring.,18.87,NORMAL
M001,2026-08-17 11:44:20,0.042,234.859,28.0,NORMAL,100.0,LOW,STABLE,0,NONE,Continue normal monitoring.,27.65,NORMAL
M001,2026-08-17 11:44:22,0.183,218.361,28.25,NORMAL,100.0,LOW,STABLE,0,NONE,Continue normal monitoring.,10.38,NORMAL
M001,2026-08-17 11:44:24,0.218,251.256,28.25,NORMAL,100.0,LOW,STABLE,0,NONE,Continue normal monitoring.,3.89,NORMAL
M001,2026-08-17 11:44:26,0.015,246.749,28.0,WARNING_SOUND,72.0,MEDIUM,FALLING,1,MECHANICAL_ABNORMALITY,Inspect mechanical components and sound sources.,27.56,NORMAL
M001,2026-08-17 11:44:28,0.345,252.244,28.25,NORMAL,100.0,LOW,RISING,0,NONE,Continue normal monitoring.,2.28,NORMAL
M001,2026-08-17 11:44:30,0.159,213.273,28.25,NORMAL,100.0,LOW,STABLE,0,NONE,Continue normal monitoring.,14.18,NORMAL
M001,2026-08-17 11:44:32,0.199,247.938,28.25,NORMAL,100.0,LOW,STABLE,0,NONE,Continue normal monitoring.,2.82,NORMAL
M001,2026-08-17 11:44:34,0.265,215.973,28.25,NORMAL,100.0,LOW,STABLE,0,NONE,Continue normal monitoring.,9.78,NORMAL
M001,2026-08-17 11:44:36,0.165,211.539,28.25,NORMAL,100.0,LOW,STABLE,0,NONE,Continue normal monitoring.,14.8,NORMAL
M001,2026-08-17 11:44:38,0.508,243.583,28.25,NORMAL,100.0,LOW,STABLE,0,NONE,Continue normal monitoring.,1.94,NORMAL
M001,2026-08-17 11:44:40,0.168,243.084,28.25,NORMAL,100.0,LOW,STABLE,0,NONE,Continue normal monitoring.,4.19,NORMAL
M001,2026-08-17 11:44:43,0.325,246.674,28.25,NORMAL,100.0,LOW,STABLE,0,NONE,Continue normal monitoring.,2.29,NORMAL
M001,2026-08-17 11:44:45,0.029,238.627,28.25,NORMAL,100.0,LOW,STABLE,0,NONE,Continue normal monitoring.,13.34,NORMAL
M001,2026-08-17 11:44:47,1.285,235.061,28.25,NORMAL,100.0,LOW,STABLE,0,NONE,Continue normal monitoring.,4.94,NORMAL
M001,2026-08-17 11:44:49,0.154,257.254,28.0,NORMAL,100.0,LOW,STABLE,0,NONE,Continue normal monitoring.,21.2,NORMAL
M001,2026-08-17 11:44:51,0.276,206.413,28.25,NORMAL,100.0,LOW,STABLE,0,NONE,Continue normal monitoring.,18.22,NORMAL
M001,2026-08-17 11:44:53,0.808,276.547,28.25,NORMAL,100.0,LOW,STABLE,0,NONE,Continue normal monitoring.,10.41,NORMAL
M001,2026-08-17 11:44:55,1.248,239.457,28.0,NORMAL,100.0,LOW,STABLE,0,NONE,Continue normal monitoring.,21.21,NORMAL
M001,2026-08-17 11:44:57,0.5,241.761,28.25,NORMAL,100.0,LOW,STABLE,0,NONE,Continue normal monitoring.,2.36,NORMAL
M001,2026-08-17 11:44:59,0.258,232.44,28.0,NORMAL,100.0,LOW,STABLE,0,NONE,Continue normal monitoring.,19.15,NORMAL
M001,2026-08-17 11:45:01,0.131,223.368,28.25,NORMAL,100.0,LOW,STABLE,0,NONE,Continue normal monitoring.,10.12,NORMAL
M001,2026-08-17 11:45:03,0.23,220.036,28.25,NORMAL,100.0,LOW,STABLE,0,NONE,Continue normal monitoring.,8.83,NORMAL
M001,2026-08-17 11:45:05,0.096,246.051,28.25,NORMAL,100.0,LOW,STABLE,0,NONE,Continue normal monitoring.,6.59,NORMAL
M001,2026-08-17 11:45:08,0.04,249.972,28.0,NORMAL,100.0,LOW,STABLE,0,NONE,Continue normal monitoring.,25.98,NORMAL
M001,2026-08-17 11:45:10,0.031,241.18,28.0,NORMAL,100.0,LOW,STABLE,0,NONE,Continue normal monitoring.,27.0,NORMAL
M001,2026-08-17 11:45:12,0.163,233.946,28.25,NORMAL,100.0,LOW,STABLE,0,NONE,Continue normal monitoring.,5.49,NORMAL
M001,2026-08-17 11:45:14,0.309,258.249,28.25,NORMAL,100.0,LOW,STABLE,0,NONE,Continue normal monitoring.,3.84,NORMAL
M001,2026-08-17 11:45:16,0.275,242.156,28.25,NORMAL,100.0,LOW,STABLE,0,NONE,Continue normal monitoring.,3.13,NORMAL
M001,2026-08-17 11:45:18,0.009,220.265,28.25,NORMAL,100.0,LOW,STABLE,0,NONE,Continue normal monitoring.,19.69,NORMAL
M001,2026-08-17 11:45:20,0.084,260.076,28.25,NORMAL,100.0,LOW,STABLE,0,NONE,Continue normal monitoring.,10.8,NORMAL
M001,2026-08-17 11:45:22,0.037,224.577,28.25,NORMAL,100.0,LOW,STABLE,0,NONE,Continue normal monitoring.,16.27,NORMAL
M001,2026-08-17 11:45:24,0.97,248.48,28.25,NORMAL,100.0,LOW,STABLE,0,NONE,Continue normal monitoring.,1.35,NORMAL
M001,2026-08-17 11:45:26,0.277,238.375,28.25,NORMAL,100.0,LOW,STABLE,0,NONE,Continue normal monitoring.,3.48,NORMAL
M001,2026-08-17 11:45:28,0.483,244.314,28.0,NORMAL,100.0,LOW,STABLE,0,NONE,Continue normal monitoring.,19.75,NORMAL
M001,2026-08-17 11:45:30,0.184,249.905,28.25,NORMAL,100.0,LOW,STABLE,0,NONE,Continue normal monitoring.,3.88,NORMAL
M001,2026-08-17 11:45:33,0.112,228.256,28.0,NORMAL,100.0,LOW,STABLE,0,NONE,Continue normal monitoring.,23.62,NORMAL
M001,2026-08-17 11:45:35,0.19,243.334,28.0,NORMAL,100.0,LOW,STABLE,0,NONE,Continue normal monitoring.,17.6,NORMAL
M001,2026-08-17 11:45:37,0.155,223.512,28.0,NORMAL,100.0,LOW,STABLE,0,NONE,Continue normal monitoring.,24.35,NORMAL
M001,2026-08-17 11:45:39,0.254,253.413,28.25,NORMAL,100.0,LOW,STABLE,0,NONE,Continue normal monitoring.,3.3,NORMAL
M001,2026-08-17 11:45:41,0.774,221.316,28.25,NORMAL,100.0,LOW,STABLE,0,NONE,Continue normal monitoring.,6.44,NORMAL
M001,2026-08-17 11:45:43,0.058,214.355,28.0,NORMAL,100.0,LOW,STABLE,0,NONE,Continue normal monitoring.,31.97,NORMAL
M001,2026-08-17 11:45:45,0.354,223.533,28.25,WARNING_VIBRATION,72.0,MEDIUM,FALLING,1,EXCESSIVE_VIBRATION,Inspect motor and rotating components.,6.77,NORMAL
M001,2026-08-17 11:45:47,0.133,231.289,28.25,NORMAL,100.0,LOW,RISING,0,NONE,Continue normal monitoring.,7.4,NORMAL
M001,2026-08-17 11:45:49,0.914,213.498,28.25,NORMAL,100.0,LOW,STABLE,0,NONE,Continue normal monitoring.,9.23,NORMAL
M001,2026-08-17 11:45:51,0.695,269.756,28.0,NORMAL,100.0,LOW,STABLE,0,NONE,Continue normal monitoring.,26.4,NORMAL
M001,2026-08-17 11:45:53,0.069,289.358,28.25,NORMAL,100.0,LOW,STABLE,0,NONE,Continue normal monitoring.,24.15,NORMAL
M001,2026-08-17 11:45:55,0.706,261.186,28.25,NORMAL,100.0,LOW,STABLE,0,NONE,Continue normal monitoring.,3.39,NORMAL
M001,2026-08-17 11:45:58,0.317,223.671,28.25,NORMAL,100.0,LOW,STABLE,0,NONE,Continue normal monitoring.,7.1,NORMAL
M001,2026-08-17 11:46:00,0.373,257.363,28.25,NORMAL,100.0,LOW,STABLE,0,NONE,Continue normal monitoring.,3.49,NORMAL
M001,2026-08-17 11:46:02,0.896,247.87,28.25,NORMAL,100.0,LOW,STABLE,0,NONE,Continue normal monitoring.,0.21,NORMAL
M001,2026-08-17 11:46:04,0.146,207.345,28.25,NORMAL,100.0,LOW,STABLE,0,NONE,Continue normal monitoring.,18.88,NORMAL
M001,2026-08-17 11:46:06,0.151,209.72,28.25,NORMAL,100.0,LOW,STABLE,0,NONE,Continue normal monitoring.,17.03,NORMAL
M001,2026-08-17 11:46:08,0.183,228.637,28.0,NORMAL,100.0,LOW,STABLE,0,NONE,Continue normal monitoring.,20.89,NORMAL
M001,2026-08-17 11:46:10,0.691,264.632,28.25,NORMAL,100.0,LOW,STABLE,0,NONE,Continue normal monitoring.,5.06,NORMAL
M001,2026-08-17 11:46:12,0.208,204.642,28.25,NORMAL,100.0,LOW,STABLE,0,NONE,Continue normal monitoring.,20.11,NORMAL
M001,2026-08-17 11:46:14,0.049,226.84,28.25,NORMAL,100.0,LOW,STABLE,0,NONE,Continue normal monitoring.,14.34,NORMAL
M001,2026-08-17 11:46:16,0.004,233.183,28.25,NORMAL,100.0,LOW,STABLE,0,NONE,Continue normal monitoring.,16.55,NORMAL
M001,2026-08-17 11:46:18,0.117,216.298,28.0,NORMAL,100.0,LOW,STABLE,0,NONE,Continue normal monitoring.,28.07,NORMAL
M001,2026-08-17 11:46:20,0.269,224.793,28.25,NORMAL,100.0,LOW,STABLE,0,NONE,Continue normal monitoring.,6.65,NORMAL
M001,2026-08-17 11:46:22,0.196,231.143,28.25,NORMAL,100.0,LOW,STABLE,0,NONE,Continue normal monitoring.,5.14,NORMAL
M001,2026-08-17 11:46:25,0.112,256.304,28.25,NORMAL,100.0,LOW,STABLE,0,NONE,Continue normal monitoring.,7.99,NORMAL
M001,2026-08-17 11:46:27,0.127,283.626,28.25,NORMAL,100.0,LOW,STABLE,0,NONE,Continue normal monitoring.,19.77,NORMAL
M001,2026-08-17 11:46:29,0.336,222.993,28.0,NORMAL,100.0,LOW,STABLE,0,NONE,Continue normal monitoring.,23.94,NORMAL
M001,2026-08-17 11:46:31,0.038,269.527,28.25,NORMAL,100.0,LOW,STABLE,0,NONE,Continue normal monitoring.,19.3,NORMAL
M001,2026-08-17 11:46:33,0.578,299.072,28.25,NORMAL,100.0,LOW,STABLE,0,NONE,Continue normal monitoring.,23.03,NORMAL
M001,2026-08-17 11:46:35,0.224,247.729,28.25,NORMAL,100.0,LOW,STABLE,0,NONE,Continue normal monitoring.,2.66,NORMAL
M001,2026-08-17 11:46:37,0.546,245.051,28.25,NORMAL,100.0,LOW,STABLE,0,NONE,Continue normal monitoring.,2.22,NORMAL
M001,2026-08-17 11:46:39,0.218,226.849,28.25,NORMAL,100.0,LOW,STABLE,0,NONE,Continue normal monitoring.,6.76,NORMAL
M001,2026-08-17 11:46:41,0.304,184.271,28.25,NORMAL,100.0,LOW,STABLE,0,NONE,Continue normal monitoring.,26.25,NORMAL
M001,2026-08-17 11:46:43,0.149,239.898,28.25,NORMAL,100.0,LOW,STABLE,0,NONE,Continue normal monitoring.,5.5,NORMAL
M001,2026-08-17 11:46:45,0.184,245.833,28.25,NORMAL,100.0,LOW,STABLE,0,NONE,Continue normal monitoring.,3.35,NORMAL
M001,2026-08-17 11:46:47,0.329,238.928,28.0,NORMAL,100.0,LOW,STABLE,0,NONE,Continue normal monitoring.,19.34,NORMAL
M001,2026-08-17 11:46:50,0.31,251.481,28.25,NORMAL,100.0,LOW,STABLE,0,NONE,Continue normal monitoring.,2.78,NORMAL
M001,2026-08-17 11:46:52,0.225,243.498,28.25,NORMAL,100.0,LOW,STABLE,0,NONE,Continue normal monitoring.,3.4,NORMAL
M001,2026-08-17 11:46:54,0.214,245.283,28.0,NORMAL,100.0,LOW,STABLE,0,NONE,Continue normal monitoring.,17.25,NORMAL
M001,2026-08-17 11:46:56,0.571,262.766,28.25,WARNING_SOUND,72.0,MEDIUM,FALLING,1,MECHANICAL_ABNORMALITY,Inspect mechanical components and sound sources.,5.04,NORMAL
M001,2026-08-17 11:46:58,0.389,252.404,28.25,NORMAL,100.0,LOW,RISING,0,NONE,Continue normal monitoring.,2.82,NORMAL
M001,2026-08-17 11:47:00,0.206,248.853,28.25,NORMAL,100.0,LOW,STABLE,0,NONE,Continue normal monitoring.,3.52,NORMAL
M001,2026-08-17 11:47:02,0.122,236.928,28.25,NORMAL,100.0,LOW,STABLE,0,NONE,Continue normal monitoring.,5.94,NORMAL
M001,2026-08-17 11:47:04,0.227,272.902,28.0,NORMAL,100.0,LOW,STABLE,0,NONE,Continue normal monitoring.,26.43,NORMAL
M001,2026-08-17 11:47:06,0.27,277.953,28.25,NORMAL,100.0,LOW,STABLE,0,NONE,Continue normal monitoring.,12.97,NORMAL
M001,2026-08-17 11:47:08,0.25,256.109,28.25,NORMAL,100.0,LOW,STABLE,0,NONE,Continue normal monitoring.,4.18,NORMAL
M001,2026-08-17 11:47:10,0.509,264.043,28.25,NORMAL,100.0,LOW,STABLE,0,NONE,Continue normal monitoring.,5.17,NORMAL
M001,2026-08-17 11:47:12,0.411,252.888,28.25,NORMAL,100.0,LOW,STABLE,0,NONE,Continue normal monitoring.,2.16,NORMAL
M001,2026-08-17 11:47:14,0.343,233.867,28.25,NORMAL,100.0,LOW,STABLE,0,NONE,Continue normal monitoring.,3.56,NORMAL
M001,2026-08-17 11:47:17,0.144,330.88,28.25,NORMAL,100.0,LOW,STABLE,0,NONE,Continue normal monitoring.,36.66,NORMAL
M001,2026-08-17 11:47:19,0.243,222.048,28.25,NORMAL,100.0,LOW,STABLE,0,NONE,Continue normal monitoring.,7.59,NORMAL
M001,2026-08-17 11:47:21,0.194,224.602,28.25,NORMAL,100.0,LOW,STABLE,0,NONE,Continue normal monitoring.,7.8,NORMAL
M001,2026-08-17 11:47:23,0.273,260.466,28.25,NORMAL,100.0,LOW,STABLE,0,NONE,Continue normal monitoring.,4.59,NORMAL
M001,2026-08-17 11:47:25,0.553,249.552,28.25,NORMAL,100.0,LOW,STABLE,0,NONE,Continue normal monitoring.,2.63,NORMAL
M001,2026-08-17 11:47:27,0.005,255.524,28.25,NORMAL,100.0,LOW,STABLE,0,NONE,Continue normal monitoring.,17.67,NORMAL
M001,2026-08-17 11:47:29,0.086,227.3,28.25,NORMAL,100.0,LOW,STABLE,0,NONE,Continue normal monitoring.,10.47,NORMAL
M001,2026-08-17 11:47:31,0.121,271.889,28.25,NORMAL,100.0,LOW,STABLE,0,NONE,Continue normal monitoring.,12.64,NORMAL
M001,2026-08-17 11:47:33,0.531,238.767,28.25,NORMAL,100.0,LOW,STABLE,0,NONE,Continue normal monitoring.,3.02,NORMAL
M001,2026-08-17 11:47:35,0.068,245.243,28.25,WARNING_SOUND,72.0,MEDIUM,FALLING,1,MECHANICAL_ABNORMALITY,Inspect mechanical components and sound sources.,8.24,NORMAL
M001,2026-08-17 11:47:37,0.644,280.332,28.25,NORMAL,100.0,LOW,RISING,0,NONE,Continue normal monitoring.,10.75,NORMAL
M001,2026-08-17 11:47:39,0.001,238.825,28.25,NORMAL,100.0,LOW,STABLE,0,NONE,Continue normal monitoring.,16.08,NORMAL
M001,2026-08-17 11:47:42,0.263,253.708,28.0,NORMAL,100.0,LOW,STABLE,0,NONE,Continue normal monitoring.,18.55,NORMAL
M001,2026-08-17 11:47:44,0.92,249.766,28.25,NORMAL,100.0,LOW,STABLE,0,NONE,Continue normal monitoring.,0.63,NORMAL
M001,2026-08-17 11:47:46,0.15,237.763,28.25,WARNING_VIBRATION,72.0,MEDIUM,FALLING,1,EXCESSIVE_VIBRATION,Inspect motor and rotating components.,5.74,NORMAL
M001,2026-08-17 11:47:48,1.37,266.6,28.25,NORMAL,100.0,LOW,RISING,0,NONE,Continue normal monitoring.,10.83,NORMAL
M001,2026-08-17 11:47:50,0.423,239.165,28.25,NORMAL,100.0,LOW,STABLE,0,NONE,Continue normal monitoring.,2.84,NORMAL
M001,2026-08-17 11:47:52,0.167,226.78,28.25,NORMAL,100.0,LOW,STABLE,0,NONE,Continue normal monitoring.,7.72,NORMAL
M001,2026-08-17 11:47:54,0.1,241.798,28.25,NORMAL,100.0,LOW,STABLE,0,NONE,Continue normal monitoring.,7.36,NORMAL
M001,2026-08-17 11:47:56,0.11,227.09,28.25,NORMAL,100.0,LOW,STABLE,0,NONE,Continue normal monitoring.,9.25,NORMAL
M001,2026-08-17 11:47:58,0.124,223.114,28.0,NORMAL,100.0,LOW,STABLE,0,NONE,Continue normal monitoring.,25.4,NORMAL
M001,2026-08-17 11:48:00,0.012,237.954,28.25,NORMAL,100.0,LOW,STABLE,0,NONE,Continue normal monitoring.,14.7,NORMAL
M001,2026-08-17 11:48:02,0.342,245.789,28.0,NORMAL,100.0,LOW,STABLE,0,NONE,Continue normal monitoring.,18.06,NORMAL
M001,2026-08-17 11:48:04,0.574,255.896,28.0,NORMAL,100.0,LOW,STABLE,0,NONE,Continue normal monitoring.,21.39,NORMAL
M001,2026-08-17 11:48:06,0.124,267.496,28.25,NORMAL,100.0,LOW,STABLE,0,NONE,Continue normal monitoring.,10.95,NORMAL
M001,2026-08-17 11:48:09,0.013,275.185,28.25,NORMAL,100.0,LOW,STABLE,0,NONE,Continue normal monitoring.,24.79,NORMAL
M001,2026-08-17 11:48:11,0.172,233.92,28.0,NORMAL,100.0,LOW,STABLE,0,NONE,Continue normal monitoring.,19.62,NORMAL
M001,2026-08-17 11:48:13,0.262,410.212,28.25,WARNING_SOUND,72.0,MEDIUM,FALLING,1,MECHANICAL_ABNORMALITY,Inspect mechanical components and sound sources.,49.55,NORMAL
M001,2026-08-17 11:48:15,1.295,342.416,28.25,NORMAL,100.0,LOW,RISING,0,NONE,Continue normal monitoring.,33.23,NORMAL
M001,2026-08-17 11:48:17,0.29,253.087,28.25,NORMAL,100.0,LOW,STABLE,0,NONE,Continue normal monitoring.,2.98,NORMAL
M001,2026-08-17 11:48:19,0.943,298.097,28.25,NORMAL,100.0,LOW,STABLE,0,NONE,Continue normal monitoring.,20.43,NORMAL
M001,2026-08-17 11:48:21,0.086,372.878,28.25,WARNING_SOUND,72.0,MEDIUM,FALLING,1,MECHANICAL_ABNORMALITY,Inspect mechanical components and sound sources.,44.68,NORMAL
M001,2026-08-17 11:48:23,0.252,242.288,28.25,NORMAL,100.0,LOW,RISING,0,NONE,Continue normal monitoring.,3.32,NORMAL
M001,2026-08-17 11:48:25,0.827,246.299,28.0,NORMAL,100.0,LOW,STABLE,0,NONE,Continue normal monitoring.,20.21,NORMAL
M001,2026-08-17 11:48:27,0.059,208.214,28.25,NORMAL,100.0,LOW,STABLE,0,NONE,Continue normal monitoring.,20.85,NORMAL
M001,2026-08-17 11:48:30,1.369,261.828,28.25,NORMAL,100.0,LOW,STABLE,0,NONE,Continue normal monitoring.,8.73,NORMAL
M001,2026-08-17 11:48:31,0.502,252.761,28.0,NORMAL,100.0,LOW,STABLE,0,NONE,Continue normal monitoring.,20.7,NORMAL
M001,2026-08-17 11:48:34,0.347,248.798,28.25,NORMAL,100.0,LOW,STABLE,0,NONE,Continue normal monitoring.,2.04,NORMAL
M001,2026-08-17 11:48:36,0.092,220.608,28.25,NORMAL,100.0,LOW,STABLE,0,NONE,Continue normal monitoring.,12.09,NORMAL
M001,2026-08-17 11:48:38,0.272,212.319,28.25,NORMAL,100.0,LOW,STABLE,0,NONE,Continue normal monitoring.,12.74,NORMAL
M001,2026-08-17 11:48:40,0.33,229.607,28.25,NORMAL,100.0,LOW,STABLE,0,NONE,Continue normal monitoring.,4.92,NORMAL
M001,2026-08-17 11:48:42,1.333,226.259,28.0,NORMAL,100.0,LOW,STABLE,0,NONE,Continue normal monitoring.,24.75,NORMAL
M001,2026-08-17 11:48:44,0.318,246.712,28.25,NORMAL,100.0,LOW,STABLE,0,NONE,Continue normal monitoring.,1.75,NORMAL
M001,2026-08-17 11:48:46,0.295,250.16,28.25,NORMAL,100.0,LOW,STABLE,0,NONE,Continue normal monitoring.,2.9,NORMAL
M001,2026-08-17 11:48:48,0.237,226.188,28.25,NORMAL,100.0,LOW,STABLE,0,NONE,Continue normal monitoring.,6.68,NORMAL
M001,2026-08-17 11:48:50,0.121,240.923,28.25,NORMAL,100.0,LOW,STABLE,0,NONE,Continue normal monitoring.,5.94,NORMAL
M001,2026-08-17 11:48:52,0.411,273.961,28.25,NORMAL,100.0,LOW,STABLE,0,NONE,Continue normal monitoring.,10.21,NORMAL
M001,2026-08-17 11:48:54,0.446,223.299,28.25,NORMAL,100.0,LOW,STABLE,0,NONE,Continue normal monitoring.,7.2,NORMAL
M001,2026-08-17 11:48:56,0.462,241.297,28.25,NORMAL,100.0,LOW,STABLE,0,NONE,Continue normal monitoring.,2.16,NORMAL
M001,2026-08-17 11:48:59,0.143,225.093,28.25,NORMAL,100.0,LOW,STABLE,0,NONE,Continue normal monitoring.,9.18,NORMAL
M001,2026-08-17 11:49:01,0.351,239.837,28.25,NORMAL,100.0,LOW,STABLE,0,NONE,Continue normal monitoring.,2.53,NORMAL
M001,2026-08-17 11:49:03,0.297,267.564,28.25,NORMAL,100.0,LOW,STABLE,0,NONE,Continue normal monitoring.,7.01,NORMAL
M001,2026-08-17 11:49:05,0.265,275.27,28.25,NORMAL,100.0,LOW,STABLE,0,NONE,Continue normal monitoring.,11.29,NORMAL
M001,2026-08-17 11:49:07,0.205,265.965,28.25,NORMAL,100.0,LOW,STABLE,0,NONE,Continue normal monitoring.,8.44,NORMAL
M001,2026-08-17 11:49:09,0.133,211.395,28.25,NORMAL,100.0,LOW,STABLE,0,NONE,Continue normal monitoring.,15.88,NORMAL
M001,2026-08-17 11:49:11,0.087,227.897,28.25,NORMAL,100.0,LOW,STABLE,0,NONE,Continue normal monitoring.,10.31,NORMAL
M001,2026-08-17 11:49:13,0.608,252.444,28.25,NORMAL,100.0,LOW,STABLE,0,NONE,Continue normal monitoring.,1.49,NORMAL
M001,2026-08-17 11:49:15,0.44,217.811,28.25,NORMAL,100.0,LOW,STABLE,0,NONE,Continue normal monitoring.,9.54,NORMAL
M001,2026-08-17 11:49:17,0.203,258.787,28.25,NORMAL,100.0,LOW,STABLE,0,NONE,Continue normal monitoring.,6.07,NORMAL
M001,2026-08-17 11:49:19,0.013,264.221,28.25,NORMAL,100.0,LOW,STABLE,0,NONE,Continue normal monitoring.,19.4,NORMAL
M001,2026-08-17 11:49:21,0.432,253.737,28.25,NORMAL,100.0,LOW,STABLE,0,NONE,Continue normal monitoring.,2.67,NORMAL
M001,2026-08-17 11:49:24,0.239,227.363,28.25,NORMAL,100.0,LOW,STABLE,0,NONE,Continue normal monitoring.,6.22,NORMAL
M001,2026-08-17 11:49:26,0.046,225.032,28.25,NORMAL,100.0,LOW,STABLE,0,NONE,Continue normal monitoring.,15.09,NORMAL
M001,2026-08-17 11:49:28,0.291,230.969,28.25,NORMAL,100.0,LOW,STABLE,0,NONE,Continue normal monitoring.,4.26,NORMAL
M001,2026-08-17 11:49:30,0.123,255.636,28.25,NORMAL,100.0,LOW,STABLE,0,NONE,Continue normal monitoring.,7.21,NORMAL
M001,2026-08-17 11:49:32,0.273,247.641,28.25,NORMAL,100.0,LOW,STABLE,0,NONE,Continue normal monitoring.,2.09,NORMAL
M001,2026-08-17 11:49:34,0.38,230.91,28.25,NORMAL,100.0,LOW,STABLE,0,NONE,Continue normal monitoring.,4.44,NORMAL
M001,2026-08-17 11:49:36,0.316,251.173,28.25,NORMAL,100.0,LOW,STABLE,0,NONE,Continue normal monitoring.,2.6,NORMAL
M001,2026-08-17 11:49:38,0.482,216.034,28.25,NORMAL,100.0,LOW,STABLE,0,NONE,Continue normal monitoring.,10.4,NORMAL
M001,2026-08-17 11:49:40,0.436,240.179,28.25,NORMAL,100.0,LOW,STABLE,0,NONE,Continue normal monitoring.,2.85,NORMAL
M001,2026-08-17 11:49:42,0.039,238.913,28.25,NORMAL,100.0,LOW,STABLE,0,NONE,Continue normal monitoring.,12.21,NORMAL
M001,2026-08-17 11:49:44,0.011,233.784,28.25,NORMAL,100.0,LOW,STABLE,0,NONE,Continue normal monitoring.,15.33,NORMAL
M001,2026-08-17 11:49:46,0.323,242.714,28.25,NORMAL,100.0,LOW,STABLE,0,NONE,Continue normal monitoring.,2.88,NORMAL
M001,2026-08-17 11:49:48,0.105,270.773,28.25,NORMAL,100.0,LOW,STABLE,0,NONE,Continue normal monitoring.,13.35,NORMAL
M001,2026-08-17 11:49:51,0.397,229.29,28.25,NORMAL,100.0,LOW,STABLE,0,NONE,Continue normal monitoring.,5.16,NORMAL
M001,2026-08-17 11:49:53,0.721,248.369,28.25,NORMAL,100.0,LOW,STABLE,0,NONE,Continue normal monitoring.,1.48,NORMAL
M001,2026-08-17 11:49:55,0.443,237.794,28.25,NORMAL,100.0,LOW,STABLE,0,NONE,Continue normal monitoring.,3.26,NORMAL
M001,2026-08-17 11:49:57,0.275,228.106,28.25,NORMAL,100.0,LOW,STABLE,0,NONE,Continue normal monitoring.,5.25,NORMAL
M001,2026-08-17 11:49:59,0.474,253.275,28.25,NORMAL,100.0,LOW,STABLE,0,NONE,Continue normal monitoring.,2.41,NORMAL
M001,2026-08-17 11:50:01,0.206,223.145,28.25,NORMAL,100.0,LOW,STABLE,0,NONE,Continue normal monitoring.,7.73,NORMAL
M001,2026-08-17 11:50:03,0.331,231.726,28.25,NORMAL,100.0,LOW,STABLE,0,NONE,Continue normal monitoring.,4.51,NORMAL
M001,2026-08-17 11:50:05,0.07,204.253,28.0,NORMAL,100.0,LOW,STABLE,0,NONE,Continue normal monitoring.,36.87,NORMAL
M001,2026-08-17 11:50:07,0.319,221.489,28.25,NORMAL,100.0,LOW,STABLE,0,NONE,Continue normal monitoring.,7.92,NORMAL
M001,2026-08-17 11:50:09,0.315,238.083,28.25,NORMAL,100.0,LOW,STABLE,0,NONE,Continue normal monitoring.,3.28,NORMAL
M001,2026-08-17 11:50:11,0.018,236.122,28.0,NORMAL,100.0,LOW,STABLE,0,NONE,Continue normal monitoring.,29.54,NORMAL
M001,2026-08-17 11:50:13,0.184,291.1,28.25,NORMAL,100.0,LOW,STABLE,0,NONE,Continue normal monitoring.,20.64,NORMAL
M001,2026-08-17 11:50:16,0.114,245.516,28.25,NORMAL,100.0,LOW,STABLE,0,NONE,Continue normal monitoring.,5.49,NORMAL
M001,2026-08-17 11:50:18,0.21,267.86,28.25,NORMAL,100.0,LOW,STABLE,0,NONE,Continue normal monitoring.,8.96,NORMAL
M001,2026-08-17 11:50:20,0.151,235.363,28.25,NORMAL,100.0,LOW,STABLE,0,NONE,Continue normal monitoring.,5.78,NORMAL
M001,2026-08-17 11:50:22,0.583,232.873,28.25,NORMAL,100.0,LOW,STABLE,0,NONE,Continue normal monitoring.,3.43,NORMAL
M001,2026-08-17 11:50:24,0.255,234.58,28.25,NORMAL,100.0,LOW,STABLE,0,NONE,Continue normal monitoring.,3.94,NORMAL
M001,2026-08-17 11:50:26,0.419,238.691,28.0,NORMAL,100.0,LOW,STABLE,0,NONE,Continue normal monitoring.,20.07,NORMAL
M001,2026-08-17 11:50:28,0.401,279.059,28.25,NORMAL,100.0,LOW,STABLE,0,NONE,Continue normal monitoring.,13.75,NORMAL
M001,2026-08-17 11:50:30,0.553,241.581,28.25,NORMAL,100.0,LOW,STABLE,0,NONE,Continue normal monitoring.,2.85,NORMAL
M001,2026-08-17 11:50:32,0.088,216.914,28.25,NORMAL,100.0,LOW,STABLE,0,NONE,Continue normal monitoring.,14.09,NORMAL
M001,2026-08-17 11:50:34,0.17,243.79,28.25,NORMAL,100.0,LOW,STABLE,0,NONE,Continue normal monitoring.,4.07,NORMAL
M001,2026-08-17 11:50:36,0.069,238.208,28.25,NORMAL,100.0,LOW,STABLE,0,NONE,Continue normal monitoring.,8.97,NORMAL
M001,2026-08-17 11:50:38,0.02,207.525,28.25,NORMAL,100.0,LOW,STABLE,0,NONE,Continue normal monitoring.,26.06,NORMAL
M001,2026-08-17 11:50:40,0.23,326.414,28.25,NORMAL,100.0,LOW,STABLE,0,NONE,Continue normal monitoring.,33.21,NORMAL
M001,2026-08-17 11:50:43,0.047,295.849,28.25,WARNING_SOUND,72.0,MEDIUM,FALLING,1,MECHANICAL_ABNORMALITY,Inspect mechanical components and sound sources.,30.23,NORMAL
M001,2026-08-17 11:50:45,0.366,228.914,28.25,NORMAL,100.0,LOW,RISING,0,NONE,Continue normal monitoring.,4.58,NORMAL
M001,2026-08-17 11:50:47,0.316,247.148,28.25,NORMAL,100.0,LOW,STABLE,0,NONE,Continue normal monitoring.,2.04,NORMAL
M001,2026-08-17 11:50:49,0.221,218.759,28.25,NORMAL,100.0,LOW,STABLE,0,NONE,Continue normal monitoring.,9.54,NORMAL
M001,2026-08-17 11:50:51,0.255,246.705,28.25,NORMAL,100.0,LOW,STABLE,0,NONE,Continue normal monitoring.,2.18,NORMAL
M001,2026-08-17 11:50:53,0.146,214.223,28.25,NORMAL,100.0,LOW,STABLE,0,NONE,Continue normal monitoring.,13.08,NORMAL
M001,2026-08-17 11:50:55,0.03,222.579,28.25,NORMAL,100.0,LOW,STABLE,0,NONE,Continue normal monitoring.,17.25,NORMAL
M001,2026-08-17 11:50:57,0.031,238.713,28.25,NORMAL,100.0,LOW,STABLE,0,NONE,Continue normal monitoring.,12.89,NORMAL
M001,2026-08-17 11:50:59,0.275,235.406,28.0,NORMAL,100.0,LOW,STABLE,0,NONE,Continue normal monitoring.,18.32,NORMAL
M001,2026-08-17 11:51:01,0.156,221.469,28.25,NORMAL,100.0,LOW,STABLE,0,NONE,Continue normal monitoring.,9.89,NORMAL
M001,2026-08-17 11:51:03,0.139,246.879,28.25,NORMAL,100.0,LOW,STABLE,0,NONE,Continue normal monitoring.,4.74,NORMAL
M001,2026-08-17 11:51:05,0.188,226.414,28.25,NORMAL,100.0,LOW,STABLE,0,NONE,Continue normal monitoring.,7.11,NORMAL
M001,2026-08-17 11:51:08,0.275,256.342,28.25,NORMAL,100.0,LOW,STABLE,0,NONE,Continue normal monitoring.,3.67,NORMAL
M001,2026-08-17 11:51:10,0.141,231.261,28.25,NORMAL,100.0,LOW,STABLE,0,NONE,Continue normal monitoring.,6.94,NORMAL
M001,2026-08-17 11:51:12,0.253,234.864,28.25,NORMAL,100.0,LOW,STABLE,0,NONE,Continue normal monitoring.,3.73,NORMAL
M001,2026-08-17 11:51:14,0.238,229.254,28.25,NORMAL,100.0,LOW,STABLE,0,NONE,Continue normal monitoring.,4.93,NORMAL
M001,2026-08-17 11:51:16,0.67,274.617,28.25,NORMAL,100.0,LOW,STABLE,0,NONE,Continue normal monitoring.,8.28,NORMAL
M001,2026-08-17 11:51:18,0.034,258.717,28.25,NORMAL,100.0,LOW,STABLE,0,NONE,Continue normal monitoring.,15.81,NORMAL
M001,2026-08-17 11:51:20,0.208,197.294,28.25,NORMAL,100.0,LOW,STABLE,0,NONE,Continue normal monitoring.,23.6,NORMAL
M001,2026-08-17 11:51:22,0.414,224.469,28.25,NORMAL,100.0,LOW,STABLE,0,NONE,Continue normal monitoring.,6.93,NORMAL
M001,2026-08-17 11:51:24,0.548,248.392,28.25,NORMAL,100.0,LOW,STABLE,0,NONE,Continue normal monitoring.,2.37,NORMAL
M001,2026-08-17 11:51:26,0.265,238.053,28.0,NORMAL,100.0,LOW,STABLE,0,NONE,Continue normal monitoring.,18.31,NORMAL
M001,2026-08-17 11:51:28,0.092,241.714,28.25,NORMAL,100.0,LOW,STABLE,0,NONE,Continue normal monitoring.,7.49,NORMAL
M001,2026-08-17 11:51:30,0.269,228.672,28.25,NORMAL,100.0,LOW,STABLE,0,NONE,Continue normal monitoring.,4.89,NORMAL
M001,2026-08-17 11:51:33,0.672,231.911,28.25,NORMAL,100.0,LOW,STABLE,0,NONE,Continue normal monitoring.,2.79,NORMAL
M001,2026-08-17 11:51:35,0.573,254.612,28.25,NORMAL,100.0,LOW,STABLE,0,NONE,Continue normal monitoring.,2.7,NORMAL
M001,2026-08-17 11:51:37,0.066,279.221,28.25,NORMAL,100.0,LOW,STABLE,0,NONE,Continue normal monitoring.,20.7,NORMAL
M001,2026-08-17 11:51:39,0.011,264.483,28.25,NORMAL,100.0,LOW,STABLE,0,NONE,Continue normal monitoring.,19.59,NORMAL
M001,2026-08-17 11:51:41,0.678,229.955,28.25,NORMAL,100.0,LOW,STABLE,0,NONE,Continue normal monitoring.,3.45,NORMAL
M001,2026-08-17 11:51:43,0.278,262.743,28.25,NORMAL,100.0,LOW,STABLE,0,NONE,Continue normal monitoring.,5.83,NORMAL
M001,2026-08-17 11:51:45,0.036,256.714,28.25,NORMAL,100.0,LOW,STABLE,0,NONE,Continue normal monitoring.,14.96,NORMAL
M001,2026-08-17 11:51:47,0.131,228.804,28.25,NORMAL,100.0,LOW,STABLE,0,NONE,Continue normal monitoring.,8.05,NORMAL
M001,2026-08-17 11:51:49,0.339,223.261,28.25,NORMAL,100.0,LOW,STABLE,0,NONE,Continue normal monitoring.,7.0,NORMAL
M001,2026-08-17 11:51:51,0.135,216.33,28.25,NORMAL,100.0,LOW,STABLE,0,NONE,Continue normal monitoring.,12.31,NORMAL
M001,2026-08-17 11:51:53,0.212,246.155,28.25,NORMAL,100.0,LOW,STABLE,0,NONE,Continue normal monitoring.,3.21,NORMAL
M001,2026-08-17 11:51:55,0.452,240.99,28.25,NORMAL,100.0,LOW,STABLE,0,NONE,Continue normal monitoring.,2.51,NORMAL
M001,2026-08-17 11:51:57,0.34,253.675,28.25,NORMAL,100.0,LOW,STABLE,0,NONE,Continue normal monitoring.,2.68,NORMAL
M001,2026-08-17 11:52:00,0.197,254.142,28.25,NORMAL,100.0,LOW,STABLE,0,NONE,Continue normal monitoring.,4.81,NORMAL
M001,2026-08-17 11:52:02,0.48,242.603,28.25,NORMAL,100.0,LOW,STABLE,0,NONE,Continue normal monitoring.,2.19,NORMAL
M001,2026-08-17 11:52:04,0.066,242.154,28.25,NORMAL,100.0,LOW,STABLE,0,NONE,Continue normal monitoring.,9.07,NORMAL
M001,2026-08-17 11:52:06,0.077,250.895,28.25,NORMAL,100.0,LOW,STABLE,0,NONE,Continue normal monitoring.,8.88,NORMAL
M001,2026-08-17 11:52:08,0.231,201.099,28.25,NORMAL,100.0,LOW,STABLE,0,NONE,Continue normal monitoring.,21.16,NORMAL
M001,2026-08-17 11:52:10,0.182,218.646,28.25,NORMAL,100.0,LOW,STABLE,0,NONE,Continue normal monitoring.,10.19,NORMAL
M001,2026-08-17 11:52:12,0.088,195.764,28.25,NORMAL,100.0,LOW,STABLE,0,NONE,Continue normal monitoring.,26.97,NORMAL
M001,2026-08-17 11:52:14,0.027,214.836,28.25,NORMAL,100.0,LOW,STABLE,0,NONE,Continue normal monitoring.,19.99,NORMAL
M001,2026-08-17 11:52:16,0.323,248.621,28.25,NORMAL,100.0,LOW,STABLE,0,NONE,Continue normal monitoring.,2.52,NORMAL
M001,2026-08-17 11:52:18,0.051,218.65,28.25,NORMAL,100.0,LOW,STABLE,0,NONE,Continue normal monitoring.,15.32,NORMAL
M001,2026-08-17 11:52:20,0.326,231.862,28.25,NORMAL,100.0,LOW,STABLE,0,NONE,Continue normal monitoring.,4.23,NORMAL
M001,2026-08-17 11:52:22,0.05,235.968,28.25,NORMAL,100.0,LOW,STABLE,0,NONE,Continue normal monitoring.,11.44,NORMAL
M001,2026-08-17 11:52:25,0.007,244.428,28.25,NORMAL,100.0,LOW,STABLE,0,NONE,Continue normal monitoring.,15.58,NORMAL
M001,2026-08-17 11:52:27,0.011,250.717,28.25,NORMAL,100.0,LOW,STABLE,0,NONE,Continue normal monitoring.,15.63,NORMAL
M001,2026-08-17 11:52:29,0.006,269.361,28.25,NORMAL,100.0,LOW,STABLE,0,NONE,Continue normal monitoring.,22.82,NORMAL
M001,2026-08-17 11:52:31,0.206,248.988,28.25,NORMAL,100.0,LOW,STABLE,0,NONE,Continue normal monitoring.,3.52,NORMAL
M001,2026-08-17 11:52:33,0.315,246.56,28.25,NORMAL,100.0,LOW,STABLE,0,NONE,Continue normal monitoring.,2.33,NORMAL
M001,2026-08-17 11:52:35,0.078,241.259,28.0,NORMAL,100.0,LOW,STABLE,0,NONE,Continue normal monitoring.,22.27,NORMAL
M001,2026-08-17 11:52:37,0.145,235.442,28.25,NORMAL,100.0,LOW,STABLE,0,NONE,Continue normal monitoring.,6.02,NORMAL
M001,2026-08-17 11:52:39,0.188,241.758,28.25,NORMAL,100.0,LOW,STABLE,0,NONE,Continue normal monitoring.,4.14,NORMAL
M001,2026-08-17 11:52:41,0.124,244.204,28.25,NORMAL,100.0,LOW,STABLE,0,NONE,Continue normal monitoring.,5.53,NORMAL
M001,2026-08-17 11:52:43,0.161,217.218,28.25,NORMAL,100.0,LOW,STABLE,0,NONE,Continue normal monitoring.,11.92,NORMAL
M001,2026-08-17 11:52:45,0.033,221.611,28.25,NORMAL,100.0,LOW,STABLE,0,NONE,Continue normal monitoring.,17.53,NORMAL
M001,2026-08-17 11:52:47,0.001,238.007,28.25,NORMAL,100.0,LOW,STABLE,0,NONE,Continue normal monitoring.,16.17,NORMAL
M001,2026-08-17 11:52:50,0.28,270.076,28.25,NORMAL,100.0,LOW,STABLE,0,NONE,Continue normal monitoring.,8.27,NORMAL
M001,2026-08-17 11:52:52,0.302,221.545,28.25,NORMAL,100.0,LOW,STABLE,0,NONE,Continue normal monitoring.,7.84,NORMAL
M001,2026-08-17 11:52:54,0.565,240.169,28.25,NORMAL,100.0,LOW,STABLE,0,NONE,Continue normal monitoring.,2.8,NORMAL
M001,2026-08-17 11:52:56,0.02,219.452,28.25,NORMAL,100.0,LOW,STABLE,0,NONE,Continue normal monitoring.,19.4,NORMAL
M001,2026-08-17 11:52:58,0.197,240.296,28.25,NORMAL,100.0,LOW,STABLE,0,NONE,Continue normal monitoring.,4.3,NORMAL
M001,2026-08-17 11:53:00,0.035,228.637,28.25,NORMAL,100.0,LOW,STABLE,0,NONE,Continue normal monitoring.,14.75,NORMAL
M001,2026-08-17 11:53:02,0.139,256.915,28.25,NORMAL,100.0,LOW,STABLE,0,NONE,Continue normal monitoring.,7.67,NORMAL
M001,2026-08-17 11:53:04,0.03,231.048,28.25,NORMAL,100.0,LOW,STABLE,0,NONE,Continue normal monitoring.,14.59,NORMAL
M001,2026-08-17 11:53:06,0.022,224.558,28.25,NORMAL,100.0,LOW,STABLE,0,NONE,Continue normal monitoring.,18.03,NORMAL
M001,2026-08-17 11:53:08,0.14,251.78,28.25,NORMAL,100.0,LOW,STABLE,0,NONE,Continue normal monitoring.,6.71,NORMAL
M001,2026-08-17 11:53:10,0.478,223.703,28.25,NORMAL,100.0,LOW,STABLE,0,NONE,Continue normal monitoring.,6.83,NORMAL
M001,2026-08-17 11:53:12,0.402,229.682,28.0,NORMAL,100.0,LOW,STABLE,0,NONE,Continue normal monitoring.,21.9,NORMAL
M001,2026-08-17 11:53:14,0.372,221.082,28.25,NORMAL,100.0,LOW,STABLE,0,NONE,Continue normal monitoring.,8.3,NORMAL
M001,2026-08-17 11:53:17,0.803,252.822,28.25,NORMAL,100.0,LOW,STABLE,0,NONE,Continue normal monitoring.,1.37,NORMAL
M001,2026-08-17 11:53:19,0.416,255.331,28.25,NORMAL,100.0,LOW,STABLE,0,NONE,Continue normal monitoring.,2.59,NORMAL
M001,2026-08-17 11:53:21,0.246,240.788,28.25,NORMAL,100.0,LOW,STABLE,0,NONE,Continue normal monitoring.,3.58,NORMAL
M001,2026-08-17 11:53:23,0.015,240.241,28.25,NORMAL,100.0,LOW,STABLE,0,NONE,Continue normal monitoring.,14.85,NORMAL
M001,2026-08-17 11:53:25,0.088,230.854,28.25,NORMAL,100.0,LOW,STABLE,0,NONE,Continue normal monitoring.,8.98,NORMAL
M001,2026-08-17 11:53:27,0.066,253.513,28.25,NORMAL,100.0,LOW,STABLE,0,NONE,Continue normal monitoring.,10.13,NORMAL
M001,2026-08-17 11:53:29,0.076,265.507,28.25,NORMAL,100.0,LOW,STABLE,0,NONE,Continue normal monitoring.,13.22,NORMAL
M001,2026-08-17 11:53:31,0.046,233.188,28.25,NORMAL,100.0,LOW,STABLE,0,NONE,Continue normal monitoring.,12.49,NORMAL
M001,2026-08-17 11:53:33,0.458,362.06,28.25,WARNING_SOUND,72.0,MEDIUM,FALLING,1,MECHANICAL_ABNORMALITY,Inspect mechanical components and sound sources.,38.5,NORMAL
M001,2026-08-17 11:53:35,0.244,275.706,28.25,NORMAL,100.0,LOW,RISING,0,NONE,Continue normal monitoring.,12.82,NORMAL
M001,2026-08-17 11:53:37,0.379,246.71,28.25,NORMAL,100.0,LOW,STABLE,0,NONE,Continue normal monitoring.,2.23,NORMAL
M001,2026-08-17 11:53:39,0.086,255.146,28.25,NORMAL,100.0,LOW,STABLE,0,NONE,Continue normal monitoring.,9.09,NORMAL
M001,2026-08-17 11:53:42,0.393,210.601,28.25,NORMAL,100.0,LOW,STABLE,0,NONE,Continue normal monitoring.,14.9,NORMAL
M001,2026-08-17 11:53:44,0.102,245.689,28.25,NORMAL,100.0,LOW,STABLE,0,NONE,Continue normal monitoring.,6.78,NORMAL
M001,2026-08-17 11:53:46,0.162,200.758,28.25,NORMAL,100.0,LOW,STABLE,0,NONE,Continue normal monitoring.,23.11,NORMAL
M001,2026-08-17 11:53:48,0.38,285.96,28.25,NORMAL,100.0,LOW,STABLE,0,NONE,Continue normal monitoring.,17.37,NORMAL
M001,2026-08-17 11:53:50,0.022,237.006,28.25,NORMAL,100.0,LOW,STABLE,0,NONE,Continue normal monitoring.,14.33,NORMAL
M001,2026-08-17 11:53:52,0.109,240.56,28.25,NORMAL,100.0,LOW,STABLE,0,NONE,Continue normal monitoring.,6.51,NORMAL
M001,2026-08-17 11:53:54,0.273,257.874,28.25,NORMAL,100.0,LOW,STABLE,0,NONE,Continue normal monitoring.,4.15,NORMAL
M001,2026-08-17 11:53:56,0.967,254.583,28.25,NORMAL,100.0,LOW,STABLE,0,NONE,Continue normal monitoring.,2.06,NORMAL
M001,2026-08-17 11:53:58,0.563,240.925,28.25,NORMAL,100.0,LOW,STABLE,0,NONE,Continue normal monitoring.,2.51,NORMAL
M001,2026-08-17 11:54:00,0.206,255.851,28.25,NORMAL,100.0,LOW,STABLE,0,NONE,Continue normal monitoring.,5.11,NORMAL
M001,2026-08-17 11:54:02,0.004,233.722,28.25,NORMAL,100.0,LOW,STABLE,0,NONE,Continue normal monitoring.,16.14,NORMAL
M001,2026-08-17 11:54:04,0.287,251.451,28.25,NORMAL,100.0,LOW,STABLE,0,NONE,Continue normal monitoring.,3.16,NORMAL
M001,2026-08-17 11:54:07,1.064,245.865,28.25,NORMAL,100.0,LOW,STABLE,0,NONE,Continue normal monitoring.,1.56,NORMAL
M001,2026-08-17 11:54:09,0.977,232.122,28.25,WARNING_VIBRATION,72.0,MEDIUM,FALLING,1,EXCESSIVE_VIBRATION,Inspect motor and rotating components.,1.97,NORMAL
M001,2026-08-17 11:54:11,0.547,241.9,28.0,NORMAL,100.0,LOW,RISING,0,NONE,Continue normal monitoring.,21.55,NORMAL
M001,2026-08-17 11:54:13,0.393,275.619,28.25,NORMAL,100.0,LOW,STABLE,0,NONE,Continue normal monitoring.,12.16,NORMAL
M001,2026-08-17 11:54:15,0.376,252.436,28.25,NORMAL,100.0,LOW,STABLE,0,NONE,Continue normal monitoring.,2.62,NORMAL
M001,2026-08-17 11:54:17,0.756,253.976,28.25,NORMAL,100.0,LOW,STABLE,0,NONE,Continue normal monitoring.,1.72,NORMAL
M001,2026-08-17 11:54:19,0.238,227.218,28.25,NORMAL,100.0,LOW,STABLE,0,NONE,Continue normal monitoring.,6.34,NORMAL
M001,2026-08-17 11:54:21,0.442,219.624,28.25,NORMAL,100.0,LOW,STABLE,0,NONE,Continue normal monitoring.,8.7,NORMAL
M001,2026-08-17 11:54:23,0.039,222.057,28.25,NORMAL,100.0,LOW,STABLE,0,NONE,Continue normal monitoring.,16.72,NORMAL
M001,2026-08-17 11:54:25,0.488,254.877,28.25,NORMAL,100.0,LOW,STABLE,0,NONE,Continue normal monitoring.,2.79,NORMAL
M001,2026-08-17 11:54:27,0.375,354.272,28.25,WARNING_SOUND,72.0,MEDIUM,FALLING,1,MECHANICAL_ABNORMALITY,Inspect mechanical components and sound sources.,36.15,NORMAL
M001,2026-08-17 11:54:29,0.16,244.293,28.25,NORMAL,100.0,LOW,RISING,0,NONE,Continue normal monitoring.,5.0,NORMAL
M001,2026-08-17 11:54:31,0.527,240.513,28.25,NORMAL,100.0,LOW,STABLE,0,NONE,Continue normal monitoring.,2.8,NORMAL
M001,2026-08-17 11:54:34,0.086,231.798,28.25,NORMAL,100.0,LOW,STABLE,0,NONE,Continue normal monitoring.,8.91,NORMAL
M001,2026-08-17 11:54:36,0.135,252.796,28.25,NORMAL,100.0,LOW,STABLE,0,NONE,Continue normal monitoring.,6.59,NORMAL
M001,2026-08-17 11:54:38,0.299,206.581,28.25,NORMAL,100.0,LOW,STABLE,0,NONE,Continue normal monitoring.,17.31,NORMAL
M001,2026-08-17 11:54:40,0.085,210.19,28.25,NORMAL,100.0,LOW,STABLE,0,NONE,Continue normal monitoring.,17.96,NORMAL
M001,2026-08-17 11:54:42,0.342,234.85,28.25,NORMAL,100.0,LOW,STABLE,0,NONE,Continue normal monitoring.,3.65,NORMAL
M001,2026-08-17 11:54:46,0.773,241.829,28.25,NORMAL,100.0,LOW,STABLE,0,NONE,Continue normal monitoring.,1.04,NORMAL
M001,2026-08-17 11:54:46,0.093,254.033,28.25,NORMAL,100.0,LOW,STABLE,0,NONE,Continue normal monitoring.,8.48,NORMAL
M001,2026-08-17 11:54:48,0.096,235.932,28.25,NORMAL,100.0,LOW,STABLE,0,NONE,Continue normal monitoring.,7.38,NORMAL
M001,2026-08-17 11:54:50,0.058,235.438,28.25,NORMAL,100.0,LOW,STABLE,0,NONE,Continue normal monitoring.,10.11,NORMAL
M001,2026-08-17 11:54:52,0.254,230.372,28.25,NORMAL,100.0,LOW,STABLE,0,NONE,Continue normal monitoring.,4.52,NORMAL
M001,2026-08-17 11:54:54,0.156,234.283,28.25,NORMAL,100.0,LOW,STABLE,0,NONE,Continue normal monitoring.,6.09,NORMAL
M001,2026-08-17 11:54:56,0.165,240.368,28.25,NORMAL,100.0,LOW,STABLE,0,NONE,Continue normal monitoring.,5.0,NORMAL
M001,2026-08-17 11:54:59,0.118,234.622,28.25,NORMAL,100.0,LOW,STABLE,0,NONE,Continue normal monitoring.,6.48,NORMAL
M001,2026-08-17 11:55:01,0.16,208.817,28.25,NORMAL,100.0,LOW,STABLE,0,NONE,Continue normal monitoring.,18.06,NORMAL
M001,2026-08-17 11:55:03,0.587,226.2,28.25,NORMAL,100.0,LOW,STABLE,0,NONE,Continue normal monitoring.,5.66,NORMAL
M001,2026-08-17 11:55:05,0.469,223.419,28.25,NORMAL,100.0,LOW,STABLE,0,NONE,Continue normal monitoring.,6.93,NORMAL
M001,2026-08-17 11:55:07,0.366,227.509,28.25,NORMAL,100.0,LOW,STABLE,0,NONE,Continue normal monitoring.,5.63,NORMAL
M001,2026-08-17 11:55:09,0.68,243.108,28.25,NORMAL,100.0,LOW,STABLE,0,NONE,Continue normal monitoring.,1.01,NORMAL
M001,2026-08-17 11:55:11,0.519,252.295,28.25,NORMAL,100.0,LOW,STABLE,0,NONE,Continue normal monitoring.,2.26,NORMAL
M001,2026-08-17 11:55:13,0.034,261.652,28.25,NORMAL,100.0,LOW,STABLE,0,NONE,Continue normal monitoring.,16.57,NORMAL
M001,2026-08-17 11:55:15,0.483,229.137,28.25,NORMAL,100.0,LOW,STABLE,0,NONE,Continue normal monitoring.,4.19,NORMAL
M001,2026-08-17 11:55:17,0.0,229.73,28.25,NORMAL,100.0,LOW,STABLE,0,NONE,Continue normal monitoring.,17.61,NORMAL
M001,2026-08-17 11:55:19,0.55,231.097,28.25,NORMAL,100.0,LOW,STABLE,0,NONE,Continue normal monitoring.,4.26,NORMAL
M001,2026-08-17 11:55:21,0.018,259.742,28.25,NORMAL,100.0,LOW,STABLE,0,NONE,Continue normal monitoring.,17.32,NORMAL
M001,2026-08-17 11:55:24,0.075,266.565,28.25,NORMAL,100.0,LOW,STABLE,0,NONE,Continue normal monitoring.,13.41,NORMAL
M001,2026-08-17 11:55:26,0.957,233.346,28.25,NORMAL,100.0,LOW,STABLE,0,NONE,Continue normal monitoring.,2.03,NORMAL
M001,2026-08-17 11:55:28,0.31,296.688,28.25,NORMAL,100.0,LOW,STABLE,0,NONE,Continue normal monitoring.,23.37,NORMAL
M001,2026-08-17 11:55:30,0.944,231.038,28.25,NORMAL,100.0,LOW,STABLE,0,NONE,Continue normal monitoring.,1.97,NORMAL
M001,2026-08-17 11:55:32,3.1,248.852,28.25,WARNING_VIBRATION,72.0,MEDIUM,FALLING,1,EXCESSIVE_VIBRATION,Inspect motor and rotating components.,52.86,EXCESSIVE_VIBRATION
M001,2026-08-17 11:55:34,0.016,239.006,28.0,NORMAL,100.0,LOW,RISING,0,NONE,Continue normal monitoring.,29.11,NORMAL
M001,2026-08-17 11:55:36,0.07,240.689,28.25,NORMAL,100.0,LOW,STABLE,0,NONE,Continue normal monitoring.,9.01,NORMAL
M001,2026-08-17 11:55:38,0.46,235.28,28.25,NORMAL,100.0,LOW,STABLE,0,NONE,Continue normal monitoring.,3.03,NORMAL
M001,2026-08-17 11:55:40,0.669,238.875,28.25,WARNING_VIBRATION,72.0,MEDIUM,FALLING,1,EXCESSIVE_VIBRATION,Inspect motor and rotating components.,1.72,NORMAL
M001,2026-08-17 11:55:42,0.022,262.084,28.25,NORMAL,100.0,LOW,RISING,0,NONE,Continue normal monitoring.,17.95,NORMAL
M001,2026-08-17 11:55:44,1.354,241.569,28.25,WARNING_VIBRATION,72.0,MEDIUM,FALLING,1,EXCESSIVE_VIBRATION,Inspect motor and rotating components.,6.59,NORMAL
M001,2026-08-17 11:55:46,0.353,241.993,28.25,NORMAL,100.0,LOW,RISING,0,NONE,Continue normal monitoring.,2.51,NORMAL
M001,2026-08-17 11:55:48,0.115,213.074,28.25,NORMAL,100.0,LOW,STABLE,0,NONE,Continue normal monitoring.,14.87,NORMAL
M001,2026-08-17 11:55:51,0.291,223.602,28.25,NORMAL,100.0,LOW,STABLE,0,NONE,Continue normal monitoring.,7.04,NORMAL
M001,2026-08-17 11:55:53,0.658,227.948,28.25,NORMAL,100.0,LOW,STABLE,0,NONE,Continue normal monitoring.,4.15,NORMAL
M001,2026-08-17 11:55:55,0.568,226.521,28.25,NORMAL,100.0,LOW,STABLE,0,NONE,Continue normal monitoring.,5.86,NORMAL
M001,2026-08-17 11:55:57,1.031,202.821,28.25,NORMAL,100.0,LOW,STABLE,0,NONE,Continue normal monitoring.,17.24,NORMAL
M001,2026-08-17 11:55:59,0.543,255.898,28.25,NORMAL,100.0,LOW,STABLE,0,NONE,Continue normal monitoring.,3.12,NORMAL
M001,2026-08-17 11:56:01,1.674,240.243,28.25,NORMAL,100.0,LOW,STABLE,0,NONE,Continue normal monitoring.,16.13,NORMAL
M001,2026-08-17 11:56:03,0.679,255.869,28.25,NORMAL,100.0,LOW,STABLE,0,NONE,Continue normal monitoring.,1.91,NORMAL
M001,2026-08-17 11:56:05,0.091,226.682,28.25,NORMAL,100.0,LOW,STABLE,0,NONE,Continue normal monitoring.,10.47,NORMAL
M001,2026-08-17 11:56:07,0.151,223.426,28.25,NORMAL,100.0,LOW,STABLE,0,NONE,Continue normal monitoring.,9.32,NORMAL
M001,2026-08-17 11:56:09,0.133,216.047,28.25,NORMAL,100.0,LOW,STABLE,0,NONE,Continue normal monitoring.,12.63,NORMAL
M001,2026-08-17 11:56:11,0.084,241.673,28.25,NORMAL,100.0,LOW,STABLE,0,NONE,Continue normal monitoring.,8.34,NORMAL
M001,2026-08-17 11:56:13,0.832,259.886,28.25,NORMAL,100.0,LOW,STABLE,0,NONE,Continue normal monitoring.,3.49,NORMAL
M001,2026-08-17 11:56:16,0.589,246.741,28.25,NORMAL,100.0,LOW,STABLE,0,NONE,Continue normal monitoring.,1.55,NORMAL
M001,2026-08-17 11:56:18,0.258,240.297,28.25,NORMAL,100.0,LOW,STABLE,0,NONE,Continue normal monitoring.,3.2,NORMAL
M001,2026-08-17 11:56:20,0.06,235.051,28.25,NORMAL,100.0,LOW,STABLE,0,NONE,Continue normal monitoring.,9.38,NORMAL
M001,2026-08-17 11:56:22,0.305,265.483,28.25,NORMAL,100.0,LOW,STABLE,0,NONE,Continue normal monitoring.,6.46,NORMAL
M001,2026-08-17 11:56:24,0.198,252.747,28.25,NORMAL,100.0,LOW,STABLE,0,NONE,Continue normal monitoring.,4.38,NORMAL
M001,2026-08-17 11:56:26,0.225,227.347,28.25,NORMAL,100.0,LOW,STABLE,0,NONE,Continue normal monitoring.,6.56,NORMAL
M001,2026-08-17 11:56:28,0.367,264.277,28.25,NORMAL,100.0,LOW,STABLE,0,NONE,Continue normal monitoring.,5.7,NORMAL
M001,2026-08-17 11:56:30,0.143,269.508,28.25,NORMAL,100.0,LOW,STABLE,0,NONE,Continue normal monitoring.,11.72,NORMAL
M001,2026-08-17 11:56:32,0.5,261.222,28.25,NORMAL,100.0,LOW,STABLE,0,NONE,Continue normal monitoring.,3.83,NORMAL
M001,2026-08-17 11:56:34,0.181,217.157,28.0,NORMAL,100.0,LOW,STABLE,0,NONE,Continue normal monitoring.,26.17,NORMAL
M001,2026-08-17 11:56:36,0.434,238.514,28.25,NORMAL,100.0,LOW,STABLE,0,NONE,Continue normal monitoring.,3.1,NORMAL
M001,2026-08-17 11:56:38,0.548,248.52,28.25,NORMAL,100.0,LOW,STABLE,0,NONE,Continue normal monitoring.,2.37,NORMAL
M001,2026-08-17 11:56:40,0.292,218.508,28.25,NORMAL,100.0,LOW,STABLE,0,NONE,Continue normal monitoring.,9.28,NORMAL
M001,2026-08-17 11:56:43,0.46,259.037,28.25,NORMAL,100.0,LOW,STABLE,0,NONE,Continue normal monitoring.,3.73,NORMAL
M001,2026-08-17 11:56:45,0.082,250.674,28.25,NORMAL,100.0,LOW,STABLE,0,NONE,Continue normal monitoring.,8.75,NORMAL
M001,2026-08-17 11:56:47,0.36,231.334,28.25,NORMAL,100.0,LOW,STABLE,0,NONE,Continue normal monitoring.,3.91,NORMAL
M001,2026-08-17 11:56:49,0.663,216.439,28.25,NORMAL,100.0,LOW,STABLE,0,NONE,Continue normal monitoring.,9.02,NORMAL
M001,2026-08-17 11:56:51,0.711,265.291,28.25,NORMAL,100.0,LOW,STABLE,0,NONE,Continue normal monitoring.,5.15,NORMAL
M001,2026-08-17 11:56:53,0.566,236.398,28.25,NORMAL,100.0,LOW,STABLE,0,NONE,Continue normal monitoring.,3.41,NORMAL
M001,2026-08-17 11:56:55,0.888,252.405,28.25,NORMAL,100.0,LOW,STABLE,0,NONE,Continue normal monitoring.,0.76,NORMAL
M001,2026-08-17 11:56:57,0.596,227.599,28.25,NORMAL,100.0,LOW,STABLE,0,NONE,Continue normal monitoring.,4.69,NORMAL
M001,2026-08-17 11:56:59,0.592,266.27,28.25,NORMAL,100.0,LOW,STABLE,0,NONE,Continue normal monitoring.,5.86,NORMAL
M001,2026-08-17 11:57:01,0.155,277.206,28.25,NORMAL,100.0,LOW,STABLE,0,NONE,Continue normal monitoring.,15.79,NORMAL
M001,2026-08-17 11:57:03,0.205,276.596,28.25,NORMAL,100.0,LOW,STABLE,0,NONE,Continue normal monitoring.,14.2,NORMAL
M001,2026-08-17 11:57:05,0.281,255.292,28.25,NORMAL,100.0,LOW,STABLE,0,NONE,Continue normal monitoring.,3.47,NORMAL
M001,2026-08-17 11:57:08,0.013,248.179,28.25,NORMAL,100.0,LOW,STABLE,0,NONE,Continue normal monitoring.,14.29,NORMAL
M001,2026-08-17 11:57:10,0.495,246.644,28.0,NORMAL,100.0,LOW,STABLE,0,NONE,Continue normal monitoring.,19.86,NORMAL
M001,2026-08-17 11:57:12,0.683,255.762,28.25,WARNING_VIBRATION,72.0,MEDIUM,FALLING,1,EXCESSIVE_VIBRATION,Inspect motor and rotating components.,1.91,NORMAL
M001,2026-08-17 11:57:14,0.825,241.052,28.25,NORMAL,100.0,LOW,RISING,0,NONE,Continue normal monitoring.,1.56,NORMAL
M001,2026-08-17 11:57:16,0.067,279.935,28.25,NORMAL,100.0,LOW,STABLE,0,NONE,Continue normal monitoring.,20.95,NORMAL
M001,2026-08-17 11:57:18,0.004,242.231,28.25,NORMAL,100.0,LOW,STABLE,0,NONE,Continue normal monitoring.,16.39,NORMAL
M001,2026-08-17 11:57:20,0.492,254.025,28.25,NORMAL,100.0,LOW,STABLE,0,NONE,Continue normal monitoring.,2.7,NORMAL
M001,2026-08-17 11:57:22,0.755,258.207,28.25,NORMAL,100.0,LOW,STABLE,0,NONE,Continue normal monitoring.,2.42,NORMAL
M001,2026-08-17 11:57:24,0.512,258.935,28.25,NORMAL,100.0,LOW,STABLE,0,NONE,Continue normal monitoring.,3.66,NORMAL
M001,2026-08-17 11:57:26,0.223,238.428,28.25,NORMAL,100.0,LOW,STABLE,0,NONE,Continue normal monitoring.,4.03,NORMAL
M001,2026-08-17 11:57:28,0.494,235.543,28.25,NORMAL,100.0,LOW,STABLE,0,NONE,Continue normal monitoring.,3.22,NORMAL
M001,2026-08-17 11:57:30,0.063,264.979,28.25,NORMAL,100.0,LOW,STABLE,0,NONE,Continue normal monitoring.,13.79,NORMAL
M001,2026-08-17 11:57:33,0.332,245.368,28.25,NORMAL,100.0,LOW,STABLE,0,NONE,Continue normal monitoring.,2.5,NORMAL
M001,2026-08-17 11:57:35,0.66,259.259,28.25,NORMAL,100.0,LOW,STABLE,0,NONE,Continue normal monitoring.,2.95,NORMAL
M001,2026-08-17 11:57:37,0.174,254.887,28.25,NORMAL,100.0,LOW,STABLE,0,NONE,Continue normal monitoring.,5.26,NORMAL
M001,2026-08-17 11:57:39,0.379,270.042,28.25,WARNING_SOUND,72.0,MEDIUM,FALLING,1,MECHANICAL_ABNORMALITY,Inspect mechanical components and sound sources.,8.14,NORMAL
M001,2026-08-17 11:57:41,0.071,253.81,28.25,NORMAL,100.0,LOW,RISING,0,NONE,Continue normal monitoring.,9.76,NORMAL
M001,2026-08-17 11:57:43,0.073,247.242,28.25,NORMAL,100.0,LOW,STABLE,0,NONE,Continue normal monitoring.,7.58,NORMAL
M001,2026-08-17 11:57:45,0.182,236.443,28.25,NORMAL,100.0,LOW,STABLE,0,NONE,Continue normal monitoring.,4.73,NORMAL
M001,2026-08-17 11:57:47,0.401,248.322,28.25,NORMAL,100.0,LOW,STABLE,0,NONE,Continue normal monitoring.,2.46,NORMAL
M001,2026-08-17 11:57:49,0.597,259.585,28.25,NORMAL,100.0,LOW,STABLE,0,NONE,Continue normal monitoring.,3.33,NORMAL
M001,2026-08-17 11:57:51,0.144,241.155,28.25,NORMAL,100.0,LOW,STABLE,0,NONE,Continue normal monitoring.,5.76,NORMAL
M001,2026-08-17 11:57:53,0.284,230.47,28.25,NORMAL,100.0,LOW,STABLE,0,NONE,Continue normal monitoring.,4.83,NORMAL
M001,2026-08-17 11:57:55,0.319,262.737,28.25,NORMAL,100.0,LOW,STABLE,0,NONE,Continue normal monitoring.,5.3,NORMAL
M001,2026-08-17 11:57:57,0.695,226.926,28.25,NORMAL,100.0,LOW,STABLE,0,NONE,Continue normal monitoring.,5.25,NORMAL
M001,2026-08-17 11:58:00,0.503,230.393,28.25,NORMAL,100.0,LOW,STABLE,0,NONE,Continue normal monitoring.,3.95,NORMAL
M001,2026-08-17 11:58:02,1.735,281.973,28.25,WARNING_SOUND,72.0,MEDIUM,FALLING,1,MECHANICAL_ABNORMALITY,Inspect mechanical components and sound sources.,27.37,NORMAL
M001,2026-08-17 11:58:04,0.079,279.802,28.25,NORMAL,100.0,LOW,RISING,0,NONE,Continue normal monitoring.,20.16,NORMAL
M001,2026-08-17 11:58:06,0.525,234.005,28.25,NORMAL,100.0,LOW,STABLE,0,NONE,Continue normal monitoring.,3.57,NORMAL
M001,2026-08-17 11:58:08,0.351,247.084,28.25,NORMAL,100.0,LOW,STABLE,0,NONE,Continue normal monitoring.,1.51,NORMAL
M001,2026-08-17 11:58:10,0.49,270.682,28.25,NORMAL,100.0,LOW,STABLE,0,NONE,Continue normal monitoring.,7.75,NORMAL
M001,2026-08-17 11:58:12,0.097,226.411,28.25,NORMAL,100.0,LOW,STABLE,0,NONE,Continue normal monitoring.,9.78,NORMAL
M001,2026-08-17 11:58:14,0.513,238.463,28.25,NORMAL,100.0,LOW,STABLE,0,NONE,Continue normal monitoring.,3.07,NORMAL
M001,2026-08-17 11:58:16,0.772,222.329,28.25,NORMAL,100.0,LOW,STABLE,0,NONE,Continue normal monitoring.,5.75,NORMAL
M001,2026-08-17 11:58:18,0.984,235.469,28.25,NORMAL,100.0,LOW,STABLE,0,NONE,Continue normal monitoring.,1.57,NORMAL
M001,2026-08-17 11:58:20,0.355,235.95,28.25,NORMAL,100.0,LOW,STABLE,0,NONE,Continue normal monitoring.,3.37,NORMAL
M001,2026-08-17 11:58:22,0.86,274.283,28.25,NORMAL,100.0,LOW,STABLE,0,NONE,Continue normal monitoring.,8.65,NORMAL
M001,2026-08-17 11:58:25,0.088,240.693,28.25,NORMAL,100.0,LOW,STABLE,0,NONE,Continue normal monitoring.,7.73,NORMAL
M001,2026-08-17 11:58:27,0.563,230.131,28.25,NORMAL,100.0,LOW,STABLE,0,NONE,Continue normal monitoring.,4.27,NORMAL
M001,2026-08-17 11:58:29,0.103,242.124,28.25,NORMAL,100.0,LOW,STABLE,0,NONE,Continue normal monitoring.,7.29,NORMAL
M001,2026-08-17 11:58:31,0.078,266.753,28.25,NORMAL,100.0,LOW,STABLE,0,NONE,Continue normal monitoring.,13.44,NORMAL
M001,2026-08-17 11:58:33,0.614,274.943,28.25,NORMAL,100.0,LOW,STABLE,0,NONE,Continue normal monitoring.,8.48,NORMAL
M001,2026-08-17 11:58:35,0.614,267.022,28.25,NORMAL,100.0,LOW,STABLE,0,NONE,Continue normal monitoring.,5.54,NORMAL
M001,2026-08-17 11:58:37,0.598,273.667,28.25,WARNING_SOUND,72.0,MEDIUM,FALLING,1,MECHANICAL_ABNORMALITY,Inspect mechanical components and sound sources.,8.29,NORMAL
M001,2026-08-17 11:58:39,0.296,256.207,28.25,NORMAL,100.0,LOW,RISING,0,NONE,Continue normal monitoring.,3.71,NORMAL
M001,2026-08-17 11:58:41,0.122,289.363,28.25,WARNING_SOUND,72.0,MEDIUM,FALLING,1,MECHANICAL_ABNORMALITY,Inspect mechanical components and sound sources.,21.39,NORMAL
M001,2026-08-17 11:58:43,0.191,260.387,28.25,NORMAL,100.0,LOW,RISING,0,NONE,Continue normal monitoring.,6.18,NORMAL
M001,2026-08-17 11:58:45,0.267,273.144,28.25,NORMAL,100.0,LOW,STABLE,0,NONE,Continue normal monitoring.,10.0,NORMAL
M001,2026-08-17 11:58:47,1.066,238.317,28.25,NORMAL,100.0,LOW,STABLE,0,NONE,Continue normal monitoring.,2.34,NORMAL
M001,2026-08-17 11:58:50,0.253,299.263,28.25,NORMAL,100.0,LOW,STABLE,0,NONE,Continue normal monitoring.,24.7,NORMAL
M001,2026-08-17 11:58:52,0.038,253.892,28.25,NORMAL,100.0,LOW,STABLE,0,NONE,Continue normal monitoring.,13.99,NORMAL
M001,2026-08-17 11:58:54,0.408,204.306,28.25,NORMAL,100.0,LOW,STABLE,0,NONE,Continue normal monitoring.,19.39,NORMAL
M001,2026-08-17 11:58:56,0.693,229.13,28.25,NORMAL,100.0,LOW,STABLE,0,NONE,Continue normal monitoring.,4.09,NORMAL
M001,2026-08-17 11:58:58,0.422,269.36,28.25,NORMAL,100.0,LOW,STABLE,0,NONE,Continue normal monitoring.,7.88,NORMAL
M001,2026-08-17 11:59:00,0.31,239.228,28.25,NORMAL,100.0,LOW,STABLE,0,NONE,Continue normal monitoring.,3.21,NORMAL
M001,2026-08-17 11:59:02,0.564,252.592,28.25,NORMAL,100.0,LOW,STABLE,0,NONE,Continue normal monitoring.,2.45,NORMAL
M001,2026-08-17 11:59:04,0.091,221.64,28.25,NORMAL,100.0,LOW,STABLE,0,NONE,Continue normal monitoring.,12.14,NORMAL
M001,2026-08-17 11:59:06,0.083,243.278,28.25,NORMAL,100.0,LOW,STABLE,0,NONE,Continue normal monitoring.,8.17,NORMAL
M001,2026-08-17 11:59:08,0.018,279.402,28.25,NORMAL,100.0,LOW,STABLE,0,NONE,Continue normal monitoring.,26.46,NORMAL
M001,2026-08-17 11:59:10,0.252,236.064,28.25,NORMAL,100.0,LOW,STABLE,0,NONE,Continue normal monitoring.,3.84,NORMAL
M001,2026-08-17 11:59:12,0.2,215.217,28.25,NORMAL,100.0,LOW,STABLE,0,NONE,Continue normal monitoring.,10.97,NORMAL
M001,2026-08-17 11:59:14,1.974,228.175,28.25,WARNING_VIBRATION,72.0,MEDIUM,FALLING,1,EXCESSIVE_VIBRATION,Inspect motor and rotating components.,29.19,NORMAL
M001,2026-08-17 11:59:17,0.184,255.837,28.25,NORMAL,100.0,LOW,RISING,0,NONE,Continue normal monitoring.,5.49,NORMAL
M001,2026-08-17 11:59:19,0.315,258.757,28.25,NORMAL,100.0,LOW,STABLE,0,NONE,Continue normal monitoring.,4.36,NORMAL
M001,2026-08-17 11:59:21,0.441,240.785,28.25,NORMAL,100.0,LOW,STABLE,0,NONE,Continue normal monitoring.,2.88,NORMAL
M001,2026-08-17 11:59:23,0.055,243.733,28.25,NORMAL,100.0,LOW,STABLE,0,NONE,Continue normal monitoring.,9.44,NORMAL
M001,2026-08-17 11:59:25,0.176,255.336,28.25,NORMAL,100.0,LOW,STABLE,0,NONE,Continue normal monitoring.,5.25,NORMAL
M001,2026-08-17 11:59:27,0.715,249.226,28.25,NORMAL,100.0,LOW,STABLE,0,NONE,Continue normal monitoring.,1.3,NORMAL
M001,2026-08-17 11:59:29,0.089,250.586,28.25,NORMAL,100.0,LOW,STABLE,0,NONE,Continue normal monitoring.,7.71,NORMAL
M001,2026-08-17 11:59:31,0.093,235.288,28.25,NORMAL,100.0,LOW,STABLE,0,NONE,Continue normal monitoring.,7.43,NORMAL
M001,2026-08-17 11:59:33,0.492,265.823,28.25,NORMAL,100.0,LOW,STABLE,0,NONE,Continue normal monitoring.,6.11,NORMAL
M001,2026-08-17 11:59:35,0.669,253.431,28.25,NORMAL,100.0,LOW,STABLE,0,NONE,Continue normal monitoring.,1.53,NORMAL
M001,2026-08-17 11:59:37,0.429,276.649,28.25,NORMAL,100.0,LOW,STABLE,0,NONE,Continue normal monitoring.,12.17,NORMAL
M001,2026-08-17 11:59:39,0.193,241.768,28.25,NORMAL,100.0,LOW,STABLE,0,NONE,Continue normal monitoring.,4.11,NORMAL
M001,2026-08-17 11:59:42,0.313,255.141,28.25,NORMAL,100.0,LOW,STABLE,0,NONE,Continue normal monitoring.,3.18,NORMAL
M001,2026-08-17 11:59:44,0.834,235.288,28.25,NORMAL,100.0,LOW,STABLE,0,NONE,Continue normal monitoring.,2.24,NORMAL
M001,2026-08-17 11:59:46,0.448,249.09,28.25,NORMAL,100.0,LOW,STABLE,0,NONE,Continue normal monitoring.,2.03,NORMAL
M001,2026-08-17 11:59:48,0.57,228.194,28.25,NORMAL,100.0,LOW,STABLE,0,NONE,Continue normal monitoring.,4.88,NORMAL
M001,2026-08-17 11:59:50,0.233,261.913,28.25,NORMAL,100.0,LOW,STABLE,0,NONE,Continue normal monitoring.,6.17,NORMAL
M001,2026-08-17 11:59:52,0.11,244.831,28.25,NORMAL,100.0,LOW,STABLE,0,NONE,Continue normal monitoring.,5.88,NORMAL
M001,2026-08-17 11:59:54,0.45,234.762,28.25,NORMAL,100.0,LOW,STABLE,0,NONE,Continue normal monitoring.,3.16,NORMAL
M001,2026-08-17 11:59:56,0.486,228.896,28.25,NORMAL,100.0,LOW,STABLE,0,NONE,Continue normal monitoring.,4.31,NORMAL
M001,2026-08-17 11:59:58,0.303,279.065,28.25,NORMAL,100.0,LOW,STABLE,0,NONE,Continue normal monitoring.,13.9,NORMAL
M001,2026-08-17 12:00:00,0.265,251.733,28.25,NORMAL,100.0,LOW,STABLE,0,NONE,Continue normal monitoring.,3.19,NORMAL
M001,2026-08-17 12:00:02,0.192,471.943,28.25,WARNING_SOUND,72.0,MEDIUM,FALLING,1,MECHANICAL_ABNORMALITY,Inspect mechanical components and sound sources.,58.72,UNKNOWN_ABNORMALITY
M001,2026-08-17 12:00:04,0.895,244.521,28.25,NORMAL,100.0,LOW,RISING,0,NONE,Continue normal monitoring.,0.35,NORMAL
M001,2026-08-17 12:00:07,0.373,244.614,28.25,NORMAL,100.0,LOW,STABLE,0,NONE,Continue normal monitoring.,2.21,NORMAL
M001,2026-08-17 12:00:09,0.232,235.555,28.25,NORMAL,100.0,LOW,STABLE,0,NONE,Continue normal monitoring.,4.07,NORMAL
M001,2026-08-17 12:00:11,0.718,229.811,28.25,NORMAL,100.0,LOW,STABLE,0,NONE,Continue normal monitoring.,4.01,NORMAL
M001,2026-08-17 12:00:13,0.665,231.901,28.25,NORMAL,100.0,LOW,STABLE,0,NONE,Continue normal monitoring.,2.67,NORMAL
M001,2026-08-17 12:00:15,0.163,326.237,28.25,WARNING_SOUND,72.0,MEDIUM,FALLING,1,MECHANICAL_ABNORMALITY,Inspect mechanical components and sound sources.,34.75,NORMAL
M001,2026-08-17 12:00:17,0.331,251.851,28.25,NORMAL,100.0,LOW,RISING,0,NONE,Continue normal monitoring.,3.05,NORMAL
M001,2026-08-17 12:00:19,1.059,229.342,28.25,NORMAL,100.0,LOW,STABLE,0,NONE,Continue normal monitoring.,3.39,NORMAL
M001,2026-08-17 12:00:21,1.039,218.404,28.25,NORMAL,100.0,LOW,STABLE,0,NONE,Continue normal monitoring.,8.44,NORMAL
M001,2026-08-17 12:00:23,1.043,247.055,28.25,NORMAL,100.0,LOW,STABLE,0,NONE,Continue normal monitoring.,1.73,NORMAL
M001,2026-08-17 12:00:25,1.167,254.095,28.25,WARNING_VIBRATION,72.0,MEDIUM,FALLING,1,EXCESSIVE_VIBRATION,Inspect motor and rotating components.,2.42,NORMAL
M001,2026-08-17 12:00:27,0.841,222.562,28.25,NORMAL,100.0,LOW,RISING,0,NONE,Continue normal monitoring.,5.88,NORMAL
M001,2026-08-17 12:00:29,0.877,273.915,28.25,NORMAL,100.0,LOW,STABLE,0,NONE,Continue normal monitoring.,7.49,NORMAL
M001,2026-08-17 12:00:31,0.478,228.944,28.25,NORMAL,100.0,LOW,STABLE,0,NONE,Continue normal monitoring.,4.23,NORMAL
M001,2026-08-17 12:00:34,0.444,246.593,28.25,NORMAL,100.0,LOW,STABLE,0,NONE,Continue normal monitoring.,2.05,NORMAL
M001,2026-08-17 12:00:36,1.136,222.277,28.25,NORMAL,100.0,LOW,STABLE,0,NONE,Continue normal monitoring.,6.45,NORMAL
M001,2026-08-17 12:00:38,0.718,236.517,28.25,NORMAL,100.0,LOW,STABLE,0,NONE,Continue normal monitoring.,2.89,NORMAL
M001,2026-08-17 12:00:40,1.363,254.358,28.25,NORMAL,100.0,LOW,STABLE,0,NONE,Continue normal monitoring.,7.04,NORMAL
M001,2026-08-17 12:00:42,1.189,250.987,28.25,NORMAL,100.0,LOW,STABLE,0,NONE,Continue normal monitoring.,2.3,NORMAL
M001,2026-08-17 12:00:44,0.215,243.382,28.25,NORMAL,100.0,LOW,STABLE,0,NONE,Continue normal monitoring.,3.68,NORMAL
M001,2026-08-17 12:00:46,0.18,232.083,28.25,NORMAL,100.0,LOW,STABLE,0,NONE,Continue normal monitoring.,5.22,NORMAL
M001,2026-08-17 12:00:48,0.357,231.816,28.25,NORMAL,100.0,LOW,STABLE,0,NONE,Continue normal monitoring.,3.72,NORMAL
M001,2026-08-17 12:00:50,0.626,247.792,28.25,NORMAL,100.0,LOW,STABLE,0,NONE,Continue normal monitoring.,0.97,NORMAL
M001,2026-08-17 12:00:52,0.368,270.149,28.25,NORMAL,100.0,LOW,STABLE,0,NONE,Continue normal monitoring.,7.78,NORMAL
M001,2026-08-17 12:00:54,0.518,211.976,28.25,NORMAL,100.0,LOW,STABLE,0,NONE,Continue normal monitoring.,12.89,NORMAL
M001,2026-08-17 12:00:56,0.766,212.023,28.25,NORMAL,100.0,LOW,STABLE,0,NONE,Continue normal monitoring.,11.03,NORMAL
M001,2026-08-17 12:00:59,0.403,243.892,28.25,NORMAL,100.0,LOW,STABLE,0,NONE,Continue normal monitoring.,2.52,NORMAL
M001,2026-08-17 12:01:01,0.354,243.525,28.25,NORMAL,100.0,LOW,STABLE,0,NONE,Continue normal monitoring.,2.07,NORMAL
M001,2026-08-17 12:01:03,0.487,250.708,28.25,NORMAL,100.0,LOW,STABLE,0,NONE,Continue normal monitoring.,2.34,NORMAL
M001,2026-08-17 12:01:05,0.494,258.028,28.25,NORMAL,100.0,LOW,STABLE,0,NONE,Continue normal monitoring.,3.36,NORMAL
M001,2026-08-17 12:01:07,0.918,231.674,28.25,NORMAL,100.0,LOW,STABLE,0,NONE,Continue normal monitoring.,1.68,NORMAL
M001,2026-08-17 12:01:09,0.294,204.255,28.25,NORMAL,100.0,LOW,STABLE,0,NONE,Continue normal monitoring.,19.63,NORMAL
M001,2026-08-17 12:01:11,1.038,252.41,28.25,NORMAL,100.0,LOW,STABLE,0,NONE,Continue normal monitoring.,2.32,NORMAL
M001,2026-08-17 12:01:13,0.563,258.878,28.25,NORMAL,100.0,LOW,STABLE,0,NONE,Continue normal monitoring.,3.77,NORMAL
M001,2026-08-17 12:01:15,0.947,254.425,28.25,NORMAL,100.0,LOW,STABLE,0,NONE,Continue normal monitoring.,1.5,NORMAL
M001,2026-08-17 12:01:17,0.65,207.431,28.25,WARNING_VIBRATION,72.0,MEDIUM,FALLING,1,EXCESSIVE_VIBRATION,Inspect motor and rotating components.,14.12,NORMAL
M001,2026-08-17 12:01:19,0.307,228.325,28.25,NORMAL,100.0,LOW,RISING,0,NONE,Continue normal monitoring.,5.28,NORMAL
M001,2026-08-17 12:01:21,0.634,220.692,28.25,NORMAL,100.0,LOW,STABLE,0,NONE,Continue normal monitoring.,7.67,NORMAL
M001,2026-08-17 12:01:23,0.108,244.585,28.25,NORMAL,100.0,LOW,STABLE,0,NONE,Continue normal monitoring.,6.13,NORMAL
M001,2026-08-17 12:01:26,0.33,240.726,28.25,NORMAL,100.0,LOW,STABLE,0,NONE,Continue normal monitoring.,3.48,NORMAL
M001,2026-08-17 12:01:28,0.966,251.556,28.25,NORMAL,100.0,LOW,STABLE,0,NONE,Continue normal monitoring.,1.51,NORMAL
M001,2026-08-17 12:01:30,0.637,250.407,28.25,NORMAL,100.0,LOW,STABLE,0,NONE,Continue normal monitoring.,1.24,NORMAL
M001,2026-08-17 12:01:32,0.777,227.861,28.25,NORMAL,100.0,LOW,STABLE,0,NONE,Continue normal monitoring.,3.7,NORMAL
M001,2026-08-17 12:01:34,1.73,232.104,28.25,NORMAL,100.0,LOW,STABLE,0,NONE,Continue normal monitoring.,18.51,NORMAL
M001,2026-08-17 12:01:36,0.51,234.521,28.25,NORMAL,100.0,LOW,STABLE,0,NONE,Continue normal monitoring.,3.44,NORMAL
M001,2026-08-17 12:01:38,0.802,261.17,28.25,NORMAL,100.0,LOW,STABLE,0,NONE,Continue normal monitoring.,3.05,NORMAL
M001,2026-08-17 12:01:40,0.038,250.028,28.25,NORMAL,100.0,LOW,STABLE,0,NONE,Continue normal monitoring.,12.5,NORMAL
M001,2026-08-17 12:01:42,0.077,217.533,28.25,NORMAL,100.0,LOW,STABLE,0,NONE,Continue normal monitoring.,14.25,NORMAL
M001,2026-08-17 12:01:44,0.406,246.652,28.25,NORMAL,100.0,LOW,STABLE,0,NONE,Continue normal monitoring.,1.98,NORMAL
M001,2026-08-17 12:01:46,0.039,251.131,28.25,NORMAL,100.0,LOW,STABLE,0,NONE,Continue normal monitoring.,13.11,NORMAL
M001,2026-08-17 12:01:48,1.177,260.901,28.25,NORMAL,100.0,LOW,STABLE,0,NONE,Continue normal monitoring.,3.94,NORMAL
M001,2026-08-17 12:01:51,0.39,265.078,28.25,NORMAL,100.0,LOW,STABLE,0,NONE,Continue normal monitoring.,6.11,NORMAL
M001,2026-08-17 12:01:53,0.575,252.795,28.25,NORMAL,100.0,LOW,STABLE,0,NONE,Continue normal monitoring.,2.44,NORMAL
M001,2026-08-17 12:01:55,0.272,233.211,28.25,NORMAL,100.0,LOW,STABLE,0,NONE,Continue normal monitoring.,3.97,NORMAL
M001,2026-08-17 12:01:57,0.453,274.078,28.25,NORMAL,100.0,LOW,STABLE,0,NONE,Continue normal monitoring.,9.96,NORMAL
M001,2026-08-17 12:01:59,0.254,248.603,28.25,NORMAL,100.0,LOW,STABLE,0,NONE,Continue normal monitoring.,2.63,NORMAL
M001,2026-08-17 12:02:01,0.549,234.305,28.25,NORMAL,100.0,LOW,STABLE,0,NONE,Continue normal monitoring.,4.18,NORMAL
M001,2026-08-17 12:02:03,0.024,225.662,28.25,NORMAL,100.0,LOW,STABLE,0,NONE,Continue normal monitoring.,17.57,NORMAL
M001,2026-08-17 12:02:05,0.484,260.092,28.25,NORMAL,100.0,LOW,STABLE,0,NONE,Continue normal monitoring.,3.68,NORMAL
M001,2026-08-17 12:02:07,0.003,272.928,28.25,NORMAL,100.0,LOW,STABLE,0,NONE,Continue normal monitoring.,24.27,NORMAL
M001,2026-08-17 12:02:09,0.369,225.51,28.25,NORMAL,100.0,LOW,STABLE,0,NONE,Continue normal monitoring.,6.09,NORMAL
M001,2026-08-17 12:02:11,1.016,231.245,28.25,NORMAL,100.0,LOW,STABLE,0,NONE,Continue normal monitoring.,2.56,NORMAL
M001,2026-08-17 12:02:13,0.161,233.424,28.25,NORMAL,100.0,LOW,STABLE,0,NONE,Continue normal monitoring.,5.75,NORMAL
M001,2026-08-17 12:02:16,0.186,238.371,28.25,NORMAL,100.0,LOW,STABLE,0,NONE,Continue normal monitoring.,4.36,NORMAL
M001,2026-08-17 12:02:18,0.592,242.842,28.25,NORMAL,100.0,LOW,STABLE,0,NONE,Continue normal monitoring.,1.79,NORMAL
M001,2026-08-17 12:02:20,0.693,244.581,28.25,NORMAL,100.0,LOW,STABLE,0,NONE,Continue normal monitoring.,1.33,NORMAL
M001,2026-08-17 12:02:22,0.39,239.377,28.25,NORMAL,100.0,LOW,STABLE,0,NONE,Continue normal monitoring.,3.34,NORMAL
M001,2026-08-17 12:02:24,0.542,253.545,28.25,NORMAL,100.0,LOW,STABLE,0,NONE,Continue normal monitoring.,2.96,NORMAL
M001,2026-08-17 12:02:26,0.063,230.088,28.25,NORMAL,100.0,LOW,STABLE,0,NONE,Continue normal monitoring.,10.62,NORMAL
M001,2026-08-17 12:02:28,0.213,243.391,28.25,NORMAL,100.0,LOW,STABLE,0,NONE,Continue normal monitoring.,3.68,NORMAL
M001,2026-08-17 12:02:30,0.481,260.553,28.25,NORMAL,100.0,LOW,STABLE,0,NONE,Continue normal monitoring.,3.85,NORMAL
M001,2026-08-17 12:02:32,0.281,239.269,28.25,NORMAL,100.0,LOW,STABLE,0,NONE,Continue normal monitoring.,3.4,NORMAL
M001,2026-08-17 12:02:34,0.099,252.244,28.25,NORMAL,100.0,LOW,STABLE,0,NONE,Continue normal monitoring.,7.8,NORMAL
M001,2026-08-17 12:02:36,0.313,274.783,28.25,WARNING_SOUND,72.0,MEDIUM,FALLING,1,MECHANICAL_ABNORMALITY,Inspect mechanical components and sound sources.,11.38,NORMAL
M001,2026-08-17 12:02:38,0.347,265.172,28.25,NORMAL,100.0,LOW,RISING,0,NONE,Continue normal monitoring.,5.69,NORMAL
M001,2026-08-17 12:02:40,0.16,283.133,28.25,NORMAL,100.0,LOW,STABLE,0,NONE,Continue normal monitoring.,18.77,NORMAL
M001,2026-08-17 12:02:43,0.027,245.532,28.25,NORMAL,100.0,LOW,STABLE,0,NONE,Continue normal monitoring.,13.19,NORMAL
M001,2026-08-17 12:02:45,0.431,238.378,28.25,NORMAL,100.0,LOW,STABLE,0,NONE,Continue normal monitoring.,2.93,NORMAL
M001,2026-08-17 12:02:47,0.75,200.045,28.25,NORMAL,100.0,LOW,STABLE,0,NONE,Continue normal monitoring.,19.27,NORMAL
M001,2026-08-17 12:02:49,0.415,245.317,28.25,NORMAL,100.0,LOW,STABLE,0,NONE,Continue normal monitoring.,1.77,NORMAL
M001,2026-08-17 12:02:51,0.929,253.345,28.25,NORMAL,100.0,LOW,STABLE,0,NONE,Continue normal monitoring.,1.28,NORMAL
M001,2026-08-17 12:02:53,0.875,235.314,28.25,NORMAL,100.0,LOW,STABLE,0,NONE,Continue normal monitoring.,1.24,NORMAL
M001,2026-08-17 12:02:55,0.892,211.702,28.25,NORMAL,100.0,LOW,STABLE,0,NONE,Continue normal monitoring.,10.21,NORMAL
M001,2026-08-17 12:02:57,0.816,229.001,28.25,NORMAL,100.0,LOW,STABLE,0,NONE,Continue normal monitoring.,3.14,NORMAL
M001,2026-08-17 12:02:59,0.515,266.261,28.25,NORMAL,100.0,LOW,STABLE,0,NONE,Continue normal monitoring.,6.08,NORMAL
M001,2026-08-17 12:03:01,0.453,251.132,28.25,NORMAL,100.0,LOW,STABLE,0,NONE,Continue normal monitoring.,2.12,NORMAL
M001,2026-08-17 12:03:03,0.366,276.147,28.25,NORMAL,100.0,LOW,STABLE,0,NONE,Continue normal monitoring.,11.94,NORMAL
M001,2026-08-17 12:03:05,0.406,275.518,28.25,WARNING_SOUND,72.0,MEDIUM,FALLING,1,MECHANICAL_ABNORMALITY,Inspect mechanical components and sound sources.,11.48,NORMAL
M001,2026-08-17 12:03:08,0.369,218.891,28.25,NORMAL,100.0,LOW,RISING,0,NONE,Continue normal monitoring.,8.46,NORMAL
M001,2026-08-17 12:03:10,0.173,254.197,28.25,NORMAL,100.0,LOW,STABLE,0,NONE,Continue normal monitoring.,5.4,NORMAL
M001,2026-08-17 12:03:12,0.49,275.879,28.25,NORMAL,100.0,LOW,STABLE,0,NONE,Continue normal monitoring.,11.06,NORMAL
M001,2026-08-17 12:03:14,0.72,236.015,28.25,NORMAL,100.0,LOW,STABLE,0,NONE,Continue normal monitoring.,2.86,NORMAL
M001,2026-08-17 12:03:16,0.883,249.205,28.25,NORMAL,100.0,LOW,STABLE,0,NONE,Continue normal monitoring.,0.17,NORMAL
M001,2026-08-17 12:03:18,0.422,258.829,28.25,WARNING_SOUND,72.0,MEDIUM,FALLING,1,MECHANICAL_ABNORMALITY,Inspect mechanical components and sound sources.,4.03,NORMAL
M001,2026-08-17 12:03:20,0.579,233.387,28.25,NORMAL,100.0,LOW,RISING,0,NONE,Continue normal monitoring.,3.55,NORMAL
M001,2026-08-17 12:03:22,0.656,223.088,28.25,NORMAL,100.0,LOW,STABLE,0,NONE,Continue normal monitoring.,5.34,NORMAL
M001,2026-08-17 12:03:24,0.625,220.205,28.25,NORMAL,100.0,LOW,STABLE,0,NONE,Continue normal monitoring.,7.85,NORMAL
M001,2026-08-17 12:03:26,0.431,251.295,28.25,NORMAL,100.0,LOW,STABLE,0,NONE,Continue normal monitoring.,2.52,NORMAL
M001,2026-08-17 12:03:28,0.975,235.727,28.25,NORMAL,100.0,LOW,STABLE,0,NONE,Continue normal monitoring.,1.78,NORMAL
M001,2026-08-17 12:03:30,0.753,236.149,28.25,NORMAL,100.0,LOW,STABLE,0,NONE,Continue normal monitoring.,2.25,NORMAL
M001,2026-08-17 12:03:32,0.324,229.744,28.25,NORMAL,100.0,LOW,STABLE,0,NONE,Continue normal monitoring.,4.72,NORMAL
M001,2026-08-17 12:03:35,0.552,224.801,28.25,NORMAL,100.0,LOW,STABLE,0,NONE,Continue normal monitoring.,7.31,NORMAL
M001,2026-08-17 12:03:37,0.696,192.792,28.25,NORMAL,100.0,LOW,STABLE,0,NONE,Continue normal monitoring.,22.69,NORMAL
M001,2026-08-17 12:03:39,1.156,237.989,28.25,NORMAL,100.0,LOW,STABLE,0,NONE,Continue normal monitoring.,2.32,NORMAL
M001,2026-08-17 12:03:41,0.898,231.133,28.25,NORMAL,100.0,LOW,STABLE,0,NONE,Continue normal monitoring.,1.5,NORMAL
M001,2026-08-17 12:03:43,0.814,239.127,28.25,NORMAL,100.0,LOW,STABLE,0,NONE,Continue normal monitoring.,1.63,NORMAL
M001,2026-08-17 12:03:45,0.343,213.686,28.25,NORMAL,100.0,LOW,STABLE,0,NONE,Continue normal monitoring.,11.73,NORMAL
M001,2026-08-17 12:03:47,0.496,241.588,28.25,NORMAL,100.0,LOW,STABLE,0,NONE,Continue normal monitoring.,2.36,NORMAL
M001,2026-08-17 12:03:49,0.631,222.969,28.25,NORMAL,100.0,LOW,STABLE,0,NONE,Continue normal monitoring.,5.64,NORMAL
M001,2026-08-17 12:03:51,0.969,205.799,28.25,NORMAL,100.0,LOW,STABLE,0,NONE,Continue normal monitoring.,16.29,NORMAL
M001,2026-08-17 12:03:53,0.652,249.365,28.25,NORMAL,100.0,LOW,STABLE,0,NONE,Continue normal monitoring.,1.02,NORMAL
M001,2026-08-17 12:03:55,0.509,228.196,28.25,NORMAL,100.0,LOW,STABLE,0,NONE,Continue normal monitoring.,4.41,NORMAL
M001,2026-08-17 12:03:57,0.502,259.606,28.25,NORMAL,100.0,LOW,STABLE,0,NONE,Continue normal monitoring.,3.56,NORMAL
M001,2026-08-17 12:04:00,0.659,262.559,28.25,NORMAL,100.0,LOW,STABLE,0,NONE,Continue normal monitoring.,4.17,NORMAL
M001,2026-08-17 12:04:02,1.111,234.193,28.25,NORMAL,100.0,LOW,STABLE,0,NONE,Continue normal monitoring.,2.2,NORMAL
M001,2026-08-17 12:04:04,0.595,250.746,28.25,NORMAL,100.0,LOW,STABLE,0,NONE,Continue normal monitoring.,1.94,NORMAL
M001,2026-08-17 12:04:06,0.296,246.981,28.25,NORMAL,100.0,LOW,STABLE,0,NONE,Continue normal monitoring.,2.23,NORMAL
M001,2026-08-17 12:04:08,0.33,226.922,28.25,NORMAL,100.0,LOW,STABLE,0,NONE,Continue normal monitoring.,6.46,NORMAL
M001,2026-08-17 12:04:10,1.286,218.02,28.25,NORMAL,100.0,LOW,STABLE,0,NONE,Continue normal monitoring.,9.58,NORMAL
M001,2026-08-17 12:04:12,0.594,263.195,28.25,NORMAL,100.0,LOW,STABLE,0,NONE,Continue normal monitoring.,5.06,NORMAL
M001,2026-08-17 12:04:14,0.609,216.713,28.25,NORMAL,100.0,LOW,STABLE,0,NONE,Continue normal monitoring.,9.05,NORMAL
M001,2026-08-17 12:04:16,0.899,212.503,28.25,NORMAL,100.0,LOW,STABLE,0,NONE,Continue normal monitoring.,9.64,NORMAL
M001,2026-08-17 12:04:18,0.431,233.281,28.25,NORMAL,100.0,LOW,STABLE,0,NONE,Continue normal monitoring.,3.48,NORMAL
M001,2026-08-17 12:04:20,0.814,226.443,28.25,NORMAL,100.0,LOW,STABLE,0,NONE,Continue normal monitoring.,4.02,NORMAL
M001,2026-08-17 12:04:23,0.703,262.317,28.25,NORMAL,100.0,LOW,STABLE,0,NONE,Continue normal monitoring.,4.09,NORMAL
M001,2026-08-17 12:04:25,0.394,226.917,28.25,NORMAL,100.0,LOW,STABLE,0,NONE,Continue normal monitoring.,6.63,NORMAL
M001,2026-08-17 12:04:27,0.385,234.099,28.25,NORMAL,100.0,LOW,STABLE,0,NONE,Continue normal monitoring.,4.02,NORMAL
M001,2026-08-17 12:04:29,0.313,234.954,28.25,NORMAL,100.0,LOW,STABLE,0,NONE,Continue normal monitoring.,3.65,NORMAL
M001,2026-08-17 12:04:31,0.516,276.964,28.25,NORMAL,100.0,LOW,STABLE,0,NONE,Continue normal monitoring.,11.27,NORMAL
M001,2026-08-17 12:04:33,0.283,246.864,28.25,NORMAL,100.0,LOW,STABLE,0,NONE,Continue normal monitoring.,2.32,NORMAL
M001,2026-08-17 12:04:35,0.792,272.665,28.25,NORMAL,100.0,LOW,STABLE,0,NONE,Continue normal monitoring.,7.35,NORMAL
M001,2026-08-17 12:04:37,0.449,262.213,28.25,NORMAL,100.0,LOW,STABLE,0,NONE,Continue normal monitoring.,4.42,NORMAL
M001,2026-08-17 12:04:39,0.419,252.402,28.25,NORMAL,100.0,LOW,STABLE,0,NONE,Continue normal monitoring.,2.46,NORMAL
M001,2026-08-17 12:04:41,0.725,230.609,28.25,NORMAL,100.0,LOW,STABLE,0,NONE,Continue normal monitoring.,3.73,NORMAL
M001,2026-08-17 12:04:43,0.776,230.81,28.25,NORMAL,100.0,LOW,STABLE,0,NONE,Continue normal monitoring.,2.74,NORMAL
M001,2026-08-17 12:04:45,0.515,233.602,28.25,NORMAL,100.0,LOW,STABLE,0,NONE,Continue normal monitoring.,3.25,NORMAL
M001,2026-08-17 12:04:47,0.788,251.817,28.25,NORMAL,100.0,LOW,STABLE,0,NONE,Continue normal monitoring.,1.17,NORMAL
M001,2026-08-17 12:04:49,0.504,256.496,28.25,NORMAL,100.0,LOW,STABLE,0,NONE,Continue normal monitoring.,2.75,NORMAL
M001,2026-08-17 12:04:52,0.766,253.594,28.25,NORMAL,100.0,LOW,STABLE,0,NONE,Continue normal monitoring.,1.72,NORMAL
M001,2026-08-17 12:04:54,0.751,222.646,28.25,NORMAL,100.0,LOW,STABLE,0,NONE,Continue normal monitoring.,5.62,NORMAL
M001,2026-08-17 12:04:56,0.594,209.231,28.25,NORMAL,100.0,LOW,STABLE,0,NONE,Continue normal monitoring.,13.53,NORMAL
M001,2026-08-17 12:04:58,0.528,265.458,28.25,NORMAL,100.0,LOW,STABLE,0,NONE,Continue normal monitoring.,6.07,NORMAL
M001,2026-08-17 12:05:00,0.269,233.28,28.25,NORMAL,100.0,LOW,STABLE,0,NONE,Continue normal monitoring.,4.0,NORMAL
M001,2026-08-17 12:05:02,0.309,246.495,28.25,NORMAL,100.0,LOW,STABLE,0,NONE,Continue normal monitoring.,2.11,NORMAL
M001,2026-08-17 12:05:04,0.571,240.965,28.25,NORMAL,100.0,LOW,STABLE,0,NONE,Continue normal monitoring.,2.41,NORMAL
M001,2026-08-17 12:05:06,1.018,245.016,28.25,NORMAL,100.0,LOW,STABLE,0,NONE,Continue normal monitoring.,1.49,NORMAL
M001,2026-08-17 12:05:08,1.018,240.057,28.25,NORMAL,100.0,LOW,STABLE,0,NONE,Continue normal monitoring.,2.49,NORMAL
M001,2026-08-17 12:05:10,1.011,260.271,28.25,NORMAL,100.0,LOW,STABLE,0,NONE,Continue normal monitoring.,3.4,NORMAL
M001,2026-08-17 12:05:12,1.029,218.549,28.25,NORMAL,100.0,LOW,STABLE,0,NONE,Continue normal monitoring.,8.43,NORMAL
M001,2026-08-17 12:05:14,0.596,237.615,28.25,NORMAL,100.0,LOW,STABLE,0,NONE,Continue normal monitoring.,2.71,NORMAL
M001,2026-08-17 12:05:17,1.008,234.061,28.25,NORMAL,100.0,LOW,STABLE,0,NONE,Continue normal monitoring.,2.33,NORMAL
M001,2026-08-17 12:05:19,0.666,305.445,28.25,NORMAL,100.0,LOW,STABLE,0,NONE,Continue normal monitoring.,24.49,NORMAL
M001,2026-08-17 12:05:21,0.648,260.803,28.25,NORMAL,100.0,LOW,STABLE,0,NONE,Continue normal monitoring.,2.62,NORMAL
M001,2026-08-17 12:05:23,0.87,264.848,28.25,NORMAL,100.0,LOW,STABLE,0,NONE,Continue normal monitoring.,4.15,NORMAL
M001,2026-08-17 12:05:25,0.889,287.231,28.25,NORMAL,100.0,LOW,STABLE,0,NONE,Continue normal monitoring.,13.65,NORMAL
M001,2026-08-17 12:05:27,0.682,251.01,28.25,NORMAL,100.0,LOW,STABLE,0,NONE,Continue normal monitoring.,1.27,NORMAL
M001,2026-08-17 12:05:29,0.484,231.972,28.25,NORMAL,100.0,LOW,STABLE,0,NONE,Continue normal monitoring.,3.6,NORMAL
M001,2026-08-17 12:05:31,0.775,237.653,28.25,NORMAL,100.0,LOW,STABLE,0,NONE,Continue normal monitoring.,1.78,NORMAL
M001,2026-08-17 12:05:33,0.401,288.809,28.25,NORMAL,100.0,LOW,STABLE,0,NONE,Continue normal monitoring.,17.99,NORMAL
M001,2026-08-17 12:05:35,0.36,241.516,28.25,NORMAL,100.0,LOW,STABLE,0,NONE,Continue normal monitoring.,2.35,NORMAL
M001,2026-08-17 12:05:37,0.488,288.1,28.25,NORMAL,100.0,LOW,STABLE,0,NONE,Continue normal monitoring.,17.04,NORMAL
M001,2026-08-17 12:05:39,0.599,270.075,28.25,NORMAL,100.0,LOW,STABLE,0,NONE,Continue normal monitoring.,6.69,NORMAL
M001,2026-08-17 12:05:41,0.714,252.23,28.25,NORMAL,100.0,LOW,STABLE,0,NONE,Continue normal monitoring.,1.69,NORMAL
M001,2026-08-17 12:05:44,0.521,255.168,28.25,NORMAL,100.0,LOW,STABLE,0,NONE,Continue normal monitoring.,2.82,NORMAL
M001,2026-08-17 12:05:46,0.494,257.933,28.25,NORMAL,100.0,LOW,STABLE,0,NONE,Continue normal monitoring.,3.27,NORMAL
M001,2026-08-17 12:05:48,0.648,244.388,28.25,NORMAL,100.0,LOW,STABLE,0,NONE,Continue normal monitoring.,0.67,NORMAL
M001,2026-08-17 12:05:50,0.806,262.214,28.25,NORMAL,100.0,LOW,STABLE,0,NONE,Continue normal monitoring.,3.41,NORMAL
M001,2026-08-17 12:05:52,0.818,244.797,28.25,NORMAL,100.0,LOW,STABLE,0,NONE,Continue normal monitoring.,1.03,NORMAL
M001,2026-08-17 12:05:54,0.81,253.676,28.25,NORMAL,100.0,LOW,STABLE,0,NONE,Continue normal monitoring.,1.67,NORMAL
M001,2026-08-17 12:05:56,0.457,242.075,28.25,NORMAL,100.0,LOW,STABLE,0,NONE,Continue normal monitoring.,2.1,NORMAL
M001,2026-08-17 12:05:58,0.455,256.247,28.25,NORMAL,100.0,LOW,STABLE,0,NONE,Continue normal monitoring.,2.93,NORMAL
M001,2026-08-17 12:06:00,0.693,252.633,28.25,NORMAL,100.0,LOW,STABLE,0,NONE,Continue normal monitoring.,1.89,NORMAL
M001,2026-08-17 12:06:02,0.492,232.618,28.25,NORMAL,100.0,LOW,STABLE,0,NONE,Continue normal monitoring.,3.32,NORMAL
M001,2026-08-17 12:06:04,0.486,195.194,28.25,NORMAL,100.0,LOW,STABLE,0,NONE,Continue normal monitoring.,23.38,NORMAL
M001,2026-08-17 12:06:06,0.837,242.839,28.25,NORMAL,100.0,LOW,STABLE,0,NONE,Continue normal monitoring.,1.38,NORMAL
M001,2026-08-17 12:06:09,0.424,291.944,28.25,WARNING_SOUND,72.0,MEDIUM,FALLING,1,MECHANICAL_ABNORMALITY,Inspect mechanical components and sound sources.,18.57,NORMAL
M001,2026-08-17 12:06:11,0.499,226.754,28.25,NORMAL,100.0,LOW,RISING,0,NONE,Continue normal monitoring.,5.85,NORMAL
M001,2026-08-17 12:06:13,0.658,214.769,28.25,NORMAL,100.0,LOW,STABLE,0,NONE,Continue normal monitoring.,9.39,NORMAL
M001,2026-08-17 12:06:15,1.106,246.015,28.25,NORMAL,100.0,LOW,STABLE,0,NONE,Continue normal monitoring.,1.15,NORMAL
M001,2026-08-17 12:06:17,0.417,259.502,28.25,NORMAL,100.0,LOW,STABLE,0,NONE,Continue normal monitoring.,4.0,NORMAL
M001,2026-08-17 12:06:19,0.974,215.381,28.25,NORMAL,100.0,LOW,STABLE,0,NONE,Continue normal monitoring.,8.77,NORMAL
M001,2026-08-17 12:06:21,3.399,257.18,28.25,WARNING_VIBRATION,72.0,MEDIUM,FALLING,1,EXCESSIVE_VIBRATION,Inspect motor and rotating components.,53.36,EXCESSIVE_VIBRATION
M001,2026-08-17 12:06:23,1.497,228.424,28.25,NORMAL,100.0,LOW,RISING,0,NONE,Continue normal monitoring.,10.95,NORMAL
M001,2026-08-17 12:06:25,0.57,250.361,28.25,NORMAL,100.0,LOW,STABLE,0,NONE,Continue normal monitoring.,2.62,NORMAL
M001,2026-08-17 12:06:27,1.223,337.81,28.25,NORMAL,100.0,LOW,STABLE,0,NONE,Continue normal monitoring.,31.88,NORMAL
M001,2026-08-17 12:06:29,0.464,235.123,28.25,NORMAL,100.0,LOW,STABLE,0,NONE,Continue normal monitoring.,3.43,NORMAL
M001,2026-08-17 12:06:31,0.024,232.326,28.25,NORMAL,100.0,LOW,STABLE,0,NONE,Continue normal monitoring.,14.82,NORMAL
M001,2026-08-17 12:06:34,1.258,247.637,28.25,NORMAL,100.0,LOW,STABLE,0,NONE,Continue normal monitoring.,3.1,NORMAL
M001,2026-08-17 12:06:36,0.621,255.833,28.25,NORMAL,100.0,LOW,STABLE,0,NONE,Continue normal monitoring.,2.17,NORMAL
M001,2026-08-17 12:06:38,0.686,268.874,28.25,NORMAL,100.0,LOW,STABLE,0,NONE,Continue normal monitoring.,6.03,NORMAL
M001,2026-08-17 12:06:40,1.452,234.987,28.25,WARNING_VIBRATION,72.0,MEDIUM,FALLING,1,EXCESSIVE_VIBRATION,Inspect motor and rotating components.,9.17,NORMAL
M001,2026-08-17 12:06:42,1.239,209.51,28.25,NORMAL,100.0,LOW,RISING,0,NONE,Continue normal monitoring.,13.18,NORMAL
M001,2026-08-17 12:06:44,1.153,259.668,28.25,NORMAL,100.0,LOW,STABLE,0,NONE,Continue normal monitoring.,3.59,NORMAL
M001,2026-08-17 12:06:46,0.284,243.648,28.25,NORMAL,100.0,LOW,STABLE,0,NONE,Continue normal monitoring.,2.86,NORMAL
M001,2026-08-17 12:06:48,1.245,224.213,28.25,NORMAL,100.0,LOW,STABLE,0,NONE,Continue normal monitoring.,7.23,NORMAL
M001,2026-08-17 12:06:50,0.877,229.672,28.25,NORMAL,100.0,LOW,STABLE,0,NONE,Continue normal monitoring.,2.4,NORMAL
M001,2026-08-17 12:06:52,0.221,268.739,28.25,NORMAL,100.0,LOW,STABLE,0,NONE,Continue normal monitoring.,9.01,NORMAL
M001,2026-08-17 12:06:54,0.682,241.848,28.25,NORMAL,100.0,LOW,STABLE,0,NONE,Continue normal monitoring.,1.04,NORMAL
M001,2026-08-17 12:06:56,0.762,265.36,28.25,NORMAL,100.0,LOW,STABLE,0,NONE,Continue normal monitoring.,4.71,NORMAL
M001,2026-08-17 12:06:58,0.724,202.836,28.25,NORMAL,100.0,LOW,STABLE,0,NONE,Continue normal monitoring.,17.7,NORMAL
M001,2026-08-17 12:07:01,0.745,228.189,28.25,NORMAL,100.0,LOW,STABLE,0,NONE,Continue normal monitoring.,3.91,NORMAL
M001,2026-08-17 12:07:03,0.313,240.48,28.25,NORMAL,100.0,LOW,STABLE,0,NONE,Continue normal monitoring.,3.07,NORMAL
M001,2026-08-17 12:07:05,1.159,302.07,28.25,NORMAL,100.0,LOW,STABLE,0,NONE,Continue normal monitoring.,22.31,NORMAL
M001,2026-08-17 12:07:07,0.823,203.738,28.25,NORMAL,100.0,LOW,STABLE,0,NONE,Continue normal monitoring.,16.62,NORMAL
M001,2026-08-17 12:07:09,0.958,252.972,28.25,NORMAL,100.0,LOW,STABLE,0,NONE,Continue normal monitoring.,1.42,NORMAL
M001,2026-08-17 12:07:11,0.598,244.625,28.25,NORMAL,100.0,LOW,STABLE,0,NONE,Continue normal monitoring.,1.28,NORMAL
M001,2026-08-17 12:07:13,1.006,254.191,28.25,NORMAL,100.0,LOW,STABLE,0,NONE,Continue normal monitoring.,2.19,NORMAL
M001,2026-08-17 12:07:15,0.923,225.26,28.25,NORMAL,100.0,LOW,STABLE,0,NONE,Continue normal monitoring.,4.25,NORMAL
M001,2026-08-17 12:07:17,0.634,226.217,28.25,NORMAL,100.0,LOW,STABLE,0,NONE,Continue normal monitoring.,5.02,NORMAL
M001,2026-08-17 12:07:19,0.377,243.873,28.25,NORMAL,100.0,LOW,STABLE,0,NONE,Continue normal monitoring.,2.29,NORMAL
M001,2026-08-17 12:07:21,0.718,240.627,28.25,NORMAL,100.0,LOW,STABLE,0,NONE,Continue normal monitoring.,2.14,NORMAL
M001,2026-08-17 12:07:23,0.566,217.333,28.25,NORMAL,100.0,LOW,STABLE,0,NONE,Continue normal monitoring.,10.05,NORMAL
M001,2026-08-17 12:07:26,0.759,226.144,28.25,NORMAL,100.0,LOW,STABLE,0,NONE,Continue normal monitoring.,4.6,NORMAL
M001,2026-08-17 12:07:28,0.827,226.66,28.25,NORMAL,100.0,LOW,STABLE,0,NONE,Continue normal monitoring.,4.28,NORMAL
M001,2026-08-17 12:07:30,0.77,256.277,28.25,NORMAL,100.0,LOW,STABLE,0,NONE,Continue normal monitoring.,1.87,NORMAL
M001,2026-08-17 12:07:32,0.198,227.805,28.25,NORMAL,100.0,LOW,STABLE,0,NONE,Continue normal monitoring.,7.0,NORMAL
M001,2026-08-17 12:07:34,0.642,244.773,28.25,NORMAL,100.0,LOW,STABLE,0,NONE,Continue normal monitoring.,0.84,NORMAL
M001,2026-08-17 12:07:36,0.637,253.691,28.25,NORMAL,100.0,LOW,STABLE,0,NONE,Continue normal monitoring.,1.63,NORMAL
M001,2026-08-17 12:07:38,0.976,226.583,28.25,NORMAL,100.0,LOW,STABLE,0,NONE,Continue normal monitoring.,4.35,NORMAL
M001,2026-08-17 12:07:40,0.687,239.573,28.25,NORMAL,100.0,LOW,STABLE,0,NONE,Continue normal monitoring.,1.68,NORMAL
M001,2026-08-17 12:07:42,0.017,240.732,28.25,NORMAL,100.0,LOW,STABLE,0,NONE,Continue normal monitoring.,14.96,NORMAL
M001,2026-08-17 12:07:44,0.528,230.432,28.25,NORMAL,100.0,LOW,STABLE,0,NONE,Continue normal monitoring.,4.24,NORMAL
M001,2026-08-17 12:07:46,0.713,242.4,28.25,NORMAL,100.0,LOW,STABLE,0,NONE,Continue normal monitoring.,1.89,NORMAL
M001,2026-08-17 12:07:48,0.603,242.958,28.25,NORMAL,100.0,LOW,STABLE,0,NONE,Continue normal monitoring.,1.27,NORMAL
M001,2026-08-17 12:07:51,0.266,249.514,28.25,NORMAL,100.0,LOW,STABLE,0,NONE,Continue normal monitoring.,2.74,NORMAL
M001,2026-08-17 12:07:53,0.467,235.338,28.25,NORMAL,100.0,LOW,STABLE,0,NONE,Continue normal monitoring.,3.28,NORMAL
M001,2026-08-17 12:07:55,0.982,237.953,28.25,NORMAL,100.0,LOW,STABLE,0,NONE,Continue normal monitoring.,1.22,NORMAL
M001,2026-08-17 12:07:57,0.556,229.42,28.25,NORMAL,100.0,LOW,STABLE,0,NONE,Continue normal monitoring.,4.83,NORMAL
M001,2026-08-17 12:07:59,0.6,246.433,28.25,NORMAL,100.0,LOW,STABLE,0,NONE,Continue normal monitoring.,0.98,NORMAL
M001,2026-08-17 12:08:01,0.921,254.292,28.25,NORMAL,100.0,LOW,STABLE,0,NONE,Continue normal monitoring.,1.43,NORMAL
M001,2026-08-17 12:08:03,0.732,254.818,28.25,NORMAL,100.0,LOW,STABLE,0,NONE,Continue normal monitoring.,2.16,NORMAL
M001,2026-08-17 12:08:05,0.85,231.785,28.25,NORMAL,100.0,LOW,STABLE,0,NONE,Continue normal monitoring.,2.67,NORMAL
M001,2026-08-17 12:08:07,0.872,216.482,28.25,NORMAL,100.0,LOW,STABLE,0,NONE,Continue normal monitoring.,8.72,NORMAL
M001,2026-08-17 12:08:09,0.425,206.291,28.25,NORMAL,100.0,LOW,STABLE,0,NONE,Continue normal monitoring.,17.83,NORMAL
M001,2026-08-17 12:08:11,0.81,232.601,28.25,NORMAL,100.0,LOW,STABLE,0,NONE,Continue normal monitoring.,2.06,NORMAL
M001,2026-08-17 12:08:13,0.806,246.572,28.25,NORMAL,100.0,LOW,STABLE,0,NONE,Continue normal monitoring.,0.57,NORMAL
M001,2026-08-17 12:08:15,0.701,253.305,28.25,NORMAL,100.0,LOW,STABLE,0,NONE,Continue normal monitoring.,2.17,NORMAL
M001,2026-08-17 12:08:18,0.693,244.324,28.25,NORMAL,100.0,LOW,STABLE,0,NONE,Continue normal monitoring.,1.41,NORMAL
M001,2026-08-17 12:08:20,0.573,232.3,28.25,NORMAL,100.0,LOW,STABLE,0,NONE,Continue normal monitoring.,3.71,NORMAL
M001,2026-08-17 12:08:22,0.793,236.622,28.25,NORMAL,100.0,LOW,STABLE,0,NONE,Continue normal monitoring.,1.59,NORMAL
M001,2026-08-17 12:08:24,0.72,216.413,28.25,NORMAL,100.0,LOW,STABLE,0,NONE,Continue normal monitoring.,9.09,NORMAL
M001,2026-08-17 12:08:26,0.503,249.267,28.25,NORMAL,100.0,LOW,STABLE,0,NONE,Continue normal monitoring.,1.95,NORMAL
M001,2026-08-17 12:08:28,0.44,229.09,28.25,NORMAL,100.0,LOW,STABLE,0,NONE,Continue normal monitoring.,4.46,NORMAL
M001,2026-08-17 12:08:30,0.689,265.659,28.25,NORMAL,100.0,LOW,STABLE,0,NONE,Continue normal monitoring.,5.55,NORMAL
M001,2026-08-17 12:08:32,0.353,222.286,28.25,NORMAL,100.0,LOW,STABLE,0,NONE,Continue normal monitoring.,7.03,NORMAL
M001,2026-08-17 12:08:34,0.044,254.303,28.25,NORMAL,100.0,LOW,STABLE,0,NONE,Continue normal monitoring.,13.53,NORMAL
M001,2026-08-17 12:08:36,0.292,242.411,28.25,NORMAL,100.0,LOW,STABLE,0,NONE,Continue normal monitoring.,3.25,NORMAL
M001,2026-08-17 12:08:38,0.926,248.496,28.25,NORMAL,100.0,LOW,STABLE,0,NONE,Continue normal monitoring.,0.77,NORMAL
M001,2026-08-17 12:08:40,2.499,302.618,28.25,WARNING_VIBRATION,72.0,MEDIUM,FALLING,1,EXCESSIVE_VIBRATION,Inspect motor and rotating components.,59.46,UNKNOWN_ABNORMALITY
M001,2026-08-17 12:08:43,0.02,222.5,28.25,NORMAL,100.0,LOW,RISING,0,NONE,Continue normal monitoring.,18.43,NORMAL
M001,2026-08-17 12:08:45,0.19,211.405,28.25,NORMAL,100.0,LOW,STABLE,0,NONE,Continue normal monitoring.,14.19,NORMAL
M001,2026-08-17 12:08:47,0.629,273.118,28.25,NORMAL,100.0,LOW,STABLE,0,NONE,Continue normal monitoring.,7.12,NORMAL
M001,2026-08-17 12:08:49,0.403,256.633,28.25,NORMAL,100.0,LOW,STABLE,0,NONE,Continue normal monitoring.,3.69,NORMAL
M001,2026-08-17 12:08:51,0.655,230.87,28.25,NORMAL,100.0,LOW,STABLE,0,NONE,Continue normal monitoring.,2.65,NORMAL
M001,2026-08-17 12:08:53,1.168,217.871,28.25,NORMAL,100.0,LOW,STABLE,0,NONE,Continue normal monitoring.,8.25,NORMAL
M001,2026-08-17 12:08:55,0.372,225.057,28.25,NORMAL,100.0,LOW,STABLE,0,NONE,Continue normal monitoring.,6.45,NORMAL
M001,2026-08-17 12:08:57,0.798,230.158,28.25,NORMAL,100.0,LOW,STABLE,0,NONE,Continue normal monitoring.,2.52,NORMAL
M001,2026-08-17 12:08:59,0.654,267.461,28.25,NORMAL,100.0,LOW,STABLE,0,NONE,Continue normal monitoring.,5.2,NORMAL
M001,2026-08-17 12:09:01,0.892,274.259,28.25,NORMAL,100.0,LOW,STABLE,0,NONE,Continue normal monitoring.,7.74,NORMAL
M001,2026-08-17 12:09:03,0.688,245.953,28.25,NORMAL,100.0,LOW,STABLE,0,NONE,Continue normal monitoring.,0.99,NORMAL
M001,2026-08-17 12:09:05,0.773,258.647,28.25,NORMAL,100.0,LOW,STABLE,0,NONE,Continue normal monitoring.,2.61,NORMAL
M001,2026-08-17 12:09:08,1.062,225.081,28.25,NORMAL,100.0,LOW,STABLE,0,NONE,Continue normal monitoring.,5.55,NORMAL
M001,2026-08-17 12:09:10,0.629,251.877,28.25,NORMAL,100.0,LOW,STABLE,0,NONE,Continue normal monitoring.,1.53,NORMAL
M001,2026-08-17 12:09:12,0.176,238.973,28.25,NORMAL,100.0,LOW,STABLE,0,NONE,Continue normal monitoring.,4.4,NORMAL
M001,2026-08-17 12:09:14,0.299,258.834,28.25,NORMAL,100.0,LOW,STABLE,0,NONE,Continue normal monitoring.,4.38,NORMAL
M001,2026-08-17 12:09:16,0.427,217.22,28.25,NORMAL,100.0,LOW,STABLE,0,NONE,Continue normal monitoring.,10.01,NORMAL
M001,2026-08-17 12:09:18,0.591,222.052,28.25,NORMAL,100.0,LOW,STABLE,0,NONE,Continue normal monitoring.,7.31,NORMAL
M001,2026-08-17 12:09:20,0.559,247.609,28.25,NORMAL,100.0,LOW,STABLE,0,NONE,Continue normal monitoring.,1.97,NORMAL
M001,2026-08-17 12:09:22,1.446,222.023,28.25,NORMAL,100.0,LOW,STABLE,0,NONE,Continue normal monitoring.,12.14,NORMAL
M001,2026-08-17 12:09:24,0.389,230.941,28.25,NORMAL,100.0,LOW,STABLE,0,NONE,Continue normal monitoring.,4.56,NORMAL
M001,2026-08-17 12:09:26,0.923,264.263,28.25,NORMAL,100.0,LOW,STABLE,0,NONE,Continue normal monitoring.,4.08,NORMAL
M001,2026-08-17 12:09:28,0.818,250.867,28.25,NORMAL,100.0,LOW,STABLE,0,NONE,Continue normal monitoring.,1.4,NORMAL
M001,2026-08-17 12:09:30,0.834,250.268,28.25,NORMAL,100.0,LOW,STABLE,0,NONE,Continue normal monitoring.,1.59,NORMAL
M001,2026-08-17 12:09:32,0.785,245.767,28.25,NORMAL,100.0,LOW,STABLE,0,NONE,Continue normal monitoring.,0.24,NORMAL
M001,2026-08-17 12:09:35,0.66,246.816,28.25,NORMAL,100.0,LOW,STABLE,0,NONE,Continue normal monitoring.,0.81,NORMAL
M001,2026-08-17 12:09:37,0.729,254.276,28.25,NORMAL,100.0,LOW,STABLE,0,NONE,Continue normal monitoring.,1.85,NORMAL
M001,2026-08-17 12:09:39,0.585,230.966,28.25,NORMAL,100.0,LOW,STABLE,0,NONE,Continue normal monitoring.,3.5,NORMAL
M001,2026-08-17 12:09:41,0.478,295.702,28.25,NORMAL,100.0,LOW,STABLE,0,NONE,Continue normal monitoring.,21.37,NORMAL
M001,2026-08-17 12:09:43,1.127,219.855,28.25,NORMAL,100.0,LOW,STABLE,0,NONE,Continue normal monitoring.,7.38,NORMAL
M001,2026-08-17 12:09:45,0.787,241.715,28.25,NORMAL,100.0,LOW,STABLE,0,NONE,Continue normal monitoring.,1.03,NORMAL
M001,2026-08-17 12:09:47,0.842,198.903,28.25,NORMAL,100.0,LOW,STABLE,0,NONE,Continue normal monitoring.,20.05,NORMAL
M001,2026-08-17 12:09:49,0.515,262.454,28.25,NORMAL,100.0,LOW,STABLE,0,NONE,Continue normal monitoring.,4.94,NORMAL
M001,2026-08-17 12:09:51,0.836,254.913,28.25,NORMAL,100.0,LOW,STABLE,0,NONE,Continue normal monitoring.,2.1,NORMAL
M001,2026-08-17 12:09:53,0.818,276.374,28.25,NORMAL,100.0,LOW,STABLE,0,NONE,Continue normal monitoring.,10.66,NORMAL
M001,2026-08-17 12:09:55,0.707,252.487,28.25,NORMAL,100.0,LOW,STABLE,0,NONE,Continue normal monitoring.,1.76,NORMAL
M001,2026-08-17 12:09:57,0.806,257.309,28.25,NORMAL,100.0,LOW,STABLE,0,NONE,Continue normal monitoring.,1.94,NORMAL
M001,2026-08-17 12:10:00,1.277,311.668,28.25,NORMAL,100.0,LOW,STABLE,0,NONE,Continue normal monitoring.,27.04,NORMAL
M001,2026-08-17 12:10:02,0.737,326.885,28.25,WARNING_SOUND,72.0,MEDIUM,FALLING,1,MECHANICAL_ABNORMALITY,Inspect mechanical components and sound sources.,29.01,NORMAL
M001,2026-08-17 12:10:04,0.79,290.779,28.25,NORMAL,100.0,LOW,RISING,0,NONE,Continue normal monitoring.,15.14,NORMAL
M001,2026-08-17 12:10:06,0.642,262.115,28.25,NORMAL,100.0,LOW,STABLE,0,NONE,Continue normal monitoring.,3.39,NORMAL
M001,2026-08-17 12:10:08,0.883,270.735,28.25,NORMAL,100.0,LOW,STABLE,0,NONE,Continue normal monitoring.,6.03,NORMAL
M001,2026-08-17 12:10:10,0.483,205.474,28.25,NORMAL,100.0,LOW,STABLE,0,NONE,Continue normal monitoring.,18.69,NORMAL
M001,2026-08-17 12:10:12,0.622,251.014,28.25,NORMAL,100.0,LOW,STABLE,0,NONE,Continue normal monitoring.,1.58,NORMAL
M001,2026-08-17 12:10:14,0.997,238.228,28.25,NORMAL,100.0,LOW,STABLE,0,NONE,Continue normal monitoring.,1.63,NORMAL
M001,2026-08-17 12:10:16,0.471,249.067,28.25,NORMAL,100.0,LOW,STABLE,0,NONE,Continue normal monitoring.,1.84,NORMAL
M001,2026-08-17 12:10:18,0.912,260.746,28.25,NORMAL,100.0,LOW,STABLE,0,NONE,Continue normal monitoring.,2.48,NORMAL
M001,2026-08-17 12:10:20,0.816,314.487,28.25,WARNING_SOUND,72.0,MEDIUM,FALLING,1,MECHANICAL_ABNORMALITY,Inspect mechanical components and sound sources.,25.35,NORMAL
M001,2026-08-17 12:10:22,1.022,247.185,28.25,NORMAL,100.0,LOW,RISING,0,NONE,Continue normal monitoring.,1.32,NORMAL
M001,2026-08-17 12:10:25,0.664,242.717,28.25,NORMAL,100.0,LOW,STABLE,0,NONE,Continue normal monitoring.,1.11,NORMAL
M001,2026-08-17 12:10:27,0.711,336.898,28.25,WARNING_SOUND,72.0,MEDIUM,FALLING,1,MECHANICAL_ABNORMALITY,Inspect mechanical components and sound sources.,31.5,NORMAL
M001,2026-08-17 12:10:29,0.594,246.414,28.25,NORMAL,100.0,LOW,RISING,0,NONE,Continue normal monitoring.,1.34,NORMAL
M001,2026-08-17 12:10:31,1.305,213.612,28.25,NORMAL,100.0,LOW,STABLE,0,NONE,Continue normal monitoring.,11.71,NORMAL
M001,2026-08-17 12:10:33,0.632,228.033,28.25,NORMAL,100.0,LOW,STABLE,0,NONE,Continue normal monitoring.,4.14,NORMAL
M001,2026-08-17 12:10:35,0.286,229.211,28.25,NORMAL,100.0,LOW,STABLE,0,NONE,Continue normal monitoring.,5.12,NORMAL
M001,2026-08-17 12:10:37,0.671,251.481,28.25,NORMAL,100.0,LOW,STABLE,0,NONE,Continue normal monitoring.,1.5,NORMAL
M001,2026-08-17 12:10:39,0.664,228.147,28.25,NORMAL,100.0,LOW,STABLE,0,NONE,Continue normal monitoring.,3.85,NORMAL
M001,2026-08-17 12:10:41,0.902,224.939,28.25,NORMAL,100.0,LOW,STABLE,0,NONE,Continue normal monitoring.,4.0,NORMAL
M001,2026-08-17 12:10:43,0.705,245.638,28.25,NORMAL,100.0,LOW,STABLE,0,NONE,Continue normal monitoring.,1.27,NORMAL
M001,2026-08-17 12:10:45,0.586,267.008,28.25,NORMAL,100.0,LOW,STABLE,0,NONE,Continue normal monitoring.,6.15,NORMAL
M001,2026-08-17 12:10:47,0.538,276.017,28.25,NORMAL,100.0,LOW,STABLE,0,NONE,Continue normal monitoring.,10.92,NORMAL
M001,2026-08-17 12:10:49,0.635,276.777,28.25,NORMAL,100.0,LOW,STABLE,0,NONE,Continue normal monitoring.,9.68,NORMAL
M001,2026-08-17 12:10:52,0.19,255.263,28.25,NORMAL,100.0,LOW,STABLE,0,NONE,Continue normal monitoring.,4.98,NORMAL
M001,2026-08-17 12:10:54,0.341,247.363,28.25,NORMAL,100.0,LOW,STABLE,0,NONE,Continue normal monitoring.,1.93,NORMAL
M001,2026-08-17 12:10:56,0.496,217.563,28.25,NORMAL,100.0,LOW,STABLE,0,NONE,Continue normal monitoring.,10.08,NORMAL
M001,2026-08-17 12:10:58,0.765,242.732,28.25,NORMAL,100.0,LOW,STABLE,0,NONE,Continue normal monitoring.,1.07,NORMAL
M001,2026-08-17 12:11:00,0.724,221.238,28.25,NORMAL,100.0,LOW,STABLE,0,NONE,Continue normal monitoring.,7.47,NORMAL
M001,2026-08-17 12:11:02,0.884,255.426,28.25,NORMAL,100.0,LOW,STABLE,0,NONE,Continue normal monitoring.,0.96,NORMAL
M001,2026-08-17 12:11:04,1.108,237.318,28.25,NORMAL,100.0,LOW,STABLE,0,NONE,Continue normal monitoring.,2.06,NORMAL
M001,2026-08-17 12:11:06,0.629,286.02,28.25,NORMAL,100.0,LOW,STABLE,0,NONE,Continue normal monitoring.,13.98,NORMAL
M001,2026-08-17 12:11:08,0.685,251.442,28.25,NORMAL,100.0,LOW,STABLE,0,NONE,Continue normal monitoring.,1.48,NORMAL
M001,2026-08-17 12:11:10,0.72,244.216,28.25,NORMAL,100.0,LOW,STABLE,0,NONE,Continue normal monitoring.,1.39,NORMAL
M001,2026-08-17 12:11:12,1.09,222.775,28.25,NORMAL,100.0,LOW,STABLE,0,NONE,Continue normal monitoring.,6.1,NORMAL
M001,2026-08-17 12:11:14,1.703,276.652,28.25,NORMAL,100.0,LOW,STABLE,0,NONE,Continue normal monitoring.,24.24,NORMAL
M001,2026-08-17 12:11:17,0.609,287.035,28.25,NORMAL,100.0,LOW,STABLE,0,NONE,Continue normal monitoring.,14.96,NORMAL
M001,2026-08-17 12:11:19,0.718,247.382,28.25,NORMAL,100.0,LOW,STABLE,0,NONE,Continue normal monitoring.,1.22,NORMAL
M001,2026-08-17 12:11:21,1.239,268.465,28.25,NORMAL,100.0,LOW,STABLE,0,NONE,Continue normal monitoring.,8.37,NORMAL
M001,2026-08-17 12:11:23,0.842,302.123,28.25,NORMAL,100.0,LOW,STABLE,0,NONE,Continue normal monitoring.,22.63,NORMAL
M001,2026-08-17 12:11:25,0.842,250.379,28.25,NORMAL,100.0,LOW,STABLE,0,NONE,Continue normal monitoring.,1.58,NORMAL
M001,2026-08-17 12:11:27,0.46,233.613,28.25,NORMAL,100.0,LOW,STABLE,0,NONE,Continue normal monitoring.,2.86,NORMAL
M001,2026-08-17 12:11:29,0.659,269.444,28.25,NORMAL,100.0,LOW,STABLE,0,NONE,Continue normal monitoring.,6.44,NORMAL
M001,2026-08-17 12:11:31,0.709,238.944,28.25,NORMAL,100.0,LOW,STABLE,0,NONE,Continue normal monitoring.,2.35,NORMAL
M001,2026-08-17 12:11:33,0.975,233.152,28.25,NORMAL,100.0,LOW,STABLE,0,NONE,Continue normal monitoring.,2.08,NORMAL
M001,2026-08-17 12:11:35,0.817,225.369,28.25,NORMAL,100.0,LOW,STABLE,0,NONE,Continue normal monitoring.,4.46,NORMAL
M001,2026-08-17 12:11:37,0.951,224.736,28.25,NORMAL,100.0,LOW,STABLE,0,NONE,Continue normal monitoring.,5.2,NORMAL
M001,2026-08-17 12:11:39,0.999,243.799,28.25,NORMAL,100.0,LOW,STABLE,0,NONE,Continue normal monitoring.,1.41,NORMAL
M001,2026-08-17 12:11:41,1.085,272.455,28.25,NORMAL,100.0,LOW,STABLE,0,NONE,Continue normal monitoring.,8.41,NORMAL
M001,2026-08-17 12:11:44,1.129,283.571,28.25,NORMAL,100.0,LOW,STABLE,0,NONE,Continue normal monitoring.,12.92,NORMAL
M001,2026-08-17 12:11:46,0.22,259.007,28.25,NORMAL,100.0,LOW,STABLE,0,NONE,Continue normal monitoring.,5.79,NORMAL
M001,2026-08-17 12:11:48,0.596,253.342,28.25,NORMAL,100.0,LOW,STABLE,0,NONE,Continue normal monitoring.,2.05,NORMAL
M001,2026-08-17 12:11:50,0.85,321.972,28.25,WARNING_SOUND,72.0,MEDIUM,FALLING,1,MECHANICAL_ABNORMALITY,Inspect mechanical components and sound sources.,26.86,NORMAL
M001,2026-08-17 12:11:52,0.576,244.416,28.25,NORMAL,100.0,LOW,RISING,0,NONE,Continue normal monitoring.,1.87,NORMAL
M001,2026-08-17 12:11:54,0.27,253.895,28.25,NORMAL,100.0,LOW,STABLE,0,NONE,Continue normal monitoring.,3.67,NORMAL
M001,2026-08-17 12:11:56,0.859,259.668,28.25,NORMAL,100.0,LOW,STABLE,0,NONE,Continue normal monitoring.,3.18,NORMAL
M001,2026-08-17 12:11:58,1.202,256.059,28.25,NORMAL,100.0,LOW,STABLE,0,NONE,Continue normal monitoring.,3.15,NORMAL
M001,2026-08-17 12:12:00,0.654,206.736,28.25,NORMAL,100.0,LOW,STABLE,0,NONE,Continue normal monitoring.,14.94,NORMAL
M001,2026-08-17 12:12:02,1.122,270.852,28.25,NORMAL,100.0,LOW,STABLE,0,NONE,Continue normal monitoring.,7.88,NORMAL
M001,2026-08-17 12:12:04,1.157,265.87,28.25,NORMAL,100.0,LOW,STABLE,0,NONE,Continue normal monitoring.,5.98,NORMAL
M001,2026-08-17 12:12:06,0.016,271.741,28.25,WARNING_SOUND,72.0,MEDIUM,FALLING,1,MECHANICAL_ABNORMALITY,Inspect mechanical components and sound sources.,22.33,NORMAL
M001,2026-08-17 12:12:09,0.378,279.946,28.25,NORMAL,100.0,LOW,RISING,0,NONE,Continue normal monitoring.,13.97,NORMAL
M001,2026-08-17 12:12:11,1.058,250.213,28.25,WARNING_VIBRATION,72.0,MEDIUM,FALLING,1,EXCESSIVE_VIBRATION,Inspect motor and rotating components.,1.73,NORMAL
M001,2026-08-17 12:12:13,0.782,218.789,28.25,NORMAL,100.0,LOW,RISING,0,NONE,Continue normal monitoring.,7.37,NORMAL
M001,2026-08-17 12:12:15,0.726,246.721,28.25,NORMAL,100.0,LOW,STABLE,0,NONE,Continue normal monitoring.,1.08,NORMAL
M001,2026-08-17 12:12:17,0.649,250.597,28.25,NORMAL,100.0,LOW,STABLE,0,NONE,Continue normal monitoring.,1.01,NORMAL
M001,2026-08-17 12:12:19,0.854,248.536,28.25,NORMAL,100.0,LOW,STABLE,0,NONE,Continue normal monitoring.,1.19,NORMAL
M001,2026-08-17 12:12:21,0.947,234.138,28.25,NORMAL,100.0,LOW,STABLE,0,NONE,Continue normal monitoring.,1.66,NORMAL
M001,2026-08-17 12:12:23,0.59,276.902,28.25,NORMAL,100.0,LOW,STABLE,0,NONE,Continue normal monitoring.,10.56,NORMAL
M001,2026-08-17 12:12:25,0.885,245.749,28.25,NORMAL,100.0,LOW,STABLE,0,NONE,Continue normal monitoring.,0.12,NORMAL
M001,2026-08-17 12:12:27,0.804,313.473,28.25,NORMAL,100.0,LOW,STABLE,0,NONE,Continue normal monitoring.,25.21,NORMAL
M001,2026-08-17 12:12:29,0.515,271.25,28.25,NORMAL,100.0,LOW,STABLE,0,NONE,Continue normal monitoring.,7.8,NORMAL
M001,2026-08-17 12:12:31,0.138,264.303,28.25,NORMAL,100.0,LOW,STABLE,0,NONE,Continue normal monitoring.,9.95,NORMAL
M001,2026-08-17 12:12:34,0.533,217.46,28.25,NORMAL,100.0,LOW,STABLE,0,NONE,Continue normal monitoring.,10.31,NORMAL
M001,2026-08-17 12:12:36,1.063,283.365,28.25,NORMAL,100.0,LOW,STABLE,0,NONE,Continue normal monitoring.,13.19,NORMAL
M001,2026-08-17 12:12:38,0.687,401.731,28.25,WARNING_SOUND,72.0,MEDIUM,FALLING,1,MECHANICAL_ABNORMALITY,Inspect mechanical components and sound sources.,45.37,NORMAL
M001,2026-08-17 12:12:40,0.702,277.125,28.25,NORMAL,100.0,LOW,RISING,0,NONE,Continue normal monitoring.,10.1,NORMAL
M001,2026-08-17 12:12:42,0.691,252.544,28.25,NORMAL,100.0,LOW,STABLE,0,NONE,Continue normal monitoring.,1.89,NORMAL
M001,2026-08-17 12:12:44,0.723,275.312,28.25,NORMAL,100.0,LOW,STABLE,0,NONE,Continue normal monitoring.,9.07,NORMAL
M001,2026-08-17 12:12:46,0.792,329.144,28.25,WARNING_SOUND,72.0,MEDIUM,FALLING,1,MECHANICAL_ABNORMALITY,Inspect mechanical components and sound sources.,28.76,NORMAL
M001,2026-08-17 12:12:48,0.616,336.75,28.25,NORMAL,100.0,LOW,RISING,0,NONE,Continue normal monitoring.,31.74,NORMAL
M001,2026-08-17 12:12:50,0.718,359.692,28.25,WARNING_SOUND,72.0,MEDIUM,FALLING,1,MECHANICAL_ABNORMALITY,Inspect mechanical components and sound sources.,36.99,NORMAL
M001,2026-08-17 12:12:52,0.682,383.684,28.25,NORMAL,100.0,LOW,RISING,0,NONE,Continue normal monitoring.,41.84,NORMAL
M001,2026-08-17 12:12:54,0.735,360.035,28.25,WARNING_SOUND,72.0,MEDIUM,FALLING,1,MECHANICAL_ABNORMALITY,Inspect mechanical components and sound sources.,37.5,NORMAL
M001,2026-08-17 12:12:56,0.694,336.477,28.25,NORMAL,100.0,LOW,RISING,0,NONE,Continue normal monitoring.,32.16,NORMAL
M001,2026-08-17 12:12:58,0.495,261.09,28.25,NORMAL,100.0,LOW,STABLE,0,NONE,Continue normal monitoring.,3.84,NORMAL
M001,2026-08-17 12:13:01,0.401,303.247,28.25,NORMAL,100.0,LOW,STABLE,0,NONE,Continue normal monitoring.,25.27,NORMAL
M001,2026-08-17 12:13:03,1.063,286.62,28.25,NORMAL,100.0,LOW,STABLE,0,NONE,Continue normal monitoring.,14.55,NORMAL
M001,2026-08-17 12:13:05,0.866,253.554,28.25,NORMAL,100.0,LOW,STABLE,0,NONE,Continue normal monitoring.,1.82,NORMAL
M001,2026-08-17 12:13:07,1.003,261.599,28.25,NORMAL,100.0,LOW,STABLE,0,NONE,Continue normal monitoring.,3.88,NORMAL
M001,2026-08-17 12:13:09,0.588,269.107,28.25,NORMAL,100.0,LOW,STABLE,0,NONE,Continue normal monitoring.,6.8,NORMAL
M001,2026-08-17 12:13:11,0.894,255.432,28.25,NORMAL,100.0,LOW,STABLE,0,NONE,Continue normal monitoring.,1.1,NORMAL
M001,2026-08-17 12:13:13,0.364,241.658,28.25,NORMAL,100.0,LOW,STABLE,0,NONE,Continue normal monitoring.,2.49,NORMAL
M001,2026-08-17 12:13:15,0.435,234.596,28.25,NORMAL,100.0,LOW,STABLE,0,NONE,Continue normal monitoring.,3.49,NORMAL
M001,2026-08-17 12:13:17,0.032,204.175,28.25,NORMAL,100.0,LOW,STABLE,0,NONE,Continue normal monitoring.,27.64,NORMAL
M001,2026-08-17 12:13:19,1.246,234.429,28.25,NORMAL,100.0,LOW,STABLE,0,NONE,Continue normal monitoring.,4.29,NORMAL
M001,2026-08-17 12:13:21,0.786,229.494,28.25,NORMAL,100.0,LOW,STABLE,0,NONE,Continue normal monitoring.,2.7,NORMAL
M001,2026-08-17 12:13:23,0.483,219.064,28.25,NORMAL,100.0,LOW,STABLE,0,NONE,Continue normal monitoring.,9.28,NORMAL
M001,2026-08-17 12:13:26,0.627,232.83,28.25,NORMAL,100.0,LOW,STABLE,0,NONE,Continue normal monitoring.,2.76,NORMAL
M001,2026-08-17 12:13:28,0.555,220.119,28.25,NORMAL,100.0,LOW,STABLE,0,NONE,Continue normal monitoring.,9.51,NORMAL
M001,2026-08-17 12:13:30,0.688,219.453,28.25,NORMAL,100.0,LOW,STABLE,0,NONE,Continue normal monitoring.,8.13,NORMAL
M001,2026-08-17 12:13:32,0.349,223.813,28.25,NORMAL,100.0,LOW,STABLE,0,NONE,Continue normal monitoring.,6.94,NORMAL
M001,2026-08-17 12:13:34,0.762,260.892,28.25,NORMAL,100.0,LOW,STABLE,0,NONE,Continue normal monitoring.,3.01,NORMAL
M001,2026-08-17 12:13:36,0.832,228.427,28.25,NORMAL,100.0,LOW,STABLE,0,NONE,Continue normal monitoring.,3.71,NORMAL
M001,2026-08-17 12:13:38,0.87,235.581,28.25,NORMAL,100.0,LOW,STABLE,0,NONE,Continue normal monitoring.,1.8,NORMAL
M001,2026-08-17 12:13:40,0.809,245.684,28.25,NORMAL,100.0,LOW,STABLE,0,NONE,Continue normal monitoring.,0.7,NORMAL
M001,2026-08-17 12:13:42,0.569,222.939,28.25,NORMAL,100.0,LOW,STABLE,0,NONE,Continue normal monitoring.,6.71,NORMAL
M001,2026-08-17 12:13:44,0.646,225.12,28.25,NORMAL,100.0,LOW,STABLE,0,NONE,Continue normal monitoring.,4.72,NORMAL
M001,2026-08-17 12:13:46,0.759,228.005,28.25,NORMAL,100.0,LOW,STABLE,0,NONE,Continue normal monitoring.,4.05,NORMAL
M001,2026-08-17 12:13:48,1.071,231.118,28.25,NORMAL,100.0,LOW,STABLE,0,NONE,Continue normal monitoring.,2.91,NORMAL
M001,2026-08-17 12:13:50,0.528,238.402,28.25,NORMAL,100.0,LOW,STABLE,0,NONE,Continue normal monitoring.,3.28,NORMAL
M001,2026-08-17 12:13:53,0.648,260.404,28.25,NORMAL,100.0,LOW,STABLE,0,NONE,Continue normal monitoring.,2.52,NORMAL
M001,2026-08-17 12:13:55,0.73,249.921,28.25,NORMAL,100.0,LOW,STABLE,0,NONE,Continue normal monitoring.,1.28,NORMAL
M001,2026-08-17 12:13:57,1.124,198.436,28.25,NORMAL,100.0,LOW,STABLE,0,NONE,Continue normal monitoring.,19.61,NORMAL
M001,2026-08-17 12:13:59,0.54,248.009,28.25,NORMAL,100.0,LOW,STABLE,0,NONE,Continue normal monitoring.,2.08,NORMAL
M001,2026-08-17 12:14:01,0.79,236.656,28.25,NORMAL,100.0,LOW,STABLE,0,NONE,Continue normal monitoring.,1.66,NORMAL
M001,2026-08-17 12:14:03,1.11,273.484,28.25,NORMAL,100.0,LOW,STABLE,0,NONE,Continue normal monitoring.,8.39,NORMAL
M001,2026-08-17 12:14:05,0.85,261.839,28.25,NORMAL,100.0,LOW,STABLE,0,NONE,Continue normal monitoring.,3.78,NORMAL
M001,2026-08-17 12:14:07,0.654,249.927,28.25,NORMAL,100.0,LOW,STABLE,0,NONE,Continue normal monitoring.,0.89,NORMAL
M001,2026-08-17 12:14:09,0.666,303.172,28.25,NORMAL,100.0,LOW,STABLE,0,NONE,Continue normal monitoring.,24.02,NORMAL
M001,2026-08-17 12:14:11,0.806,351.842,28.25,WARNING_SOUND,72.0,MEDIUM,FALLING,1,MECHANICAL_ABNORMALITY,Inspect mechanical components and sound sources.,34.05,NORMAL
M001,2026-08-17 12:14:13,0.449,320.974,28.25,NORMAL,100.0,LOW,RISING,0,NONE,Continue normal monitoring.,28.21,NORMAL
M001,2026-08-17 12:14:15,0.578,307.106,28.25,NORMAL,100.0,LOW,STABLE,0,NONE,Continue normal monitoring.,25.07,NORMAL
M001,2026-08-17 12:14:18,0.804,302.261,28.25,NORMAL,100.0,LOW,STABLE,0,NONE,Continue normal monitoring.,22.5,NORMAL
M001,2026-08-17 12:14:20,0.955,236.661,28.25,NORMAL,100.0,LOW,STABLE,0,NONE,Continue normal monitoring.,1.42,NORMAL
M001,2026-08-17 12:14:22,0.827,247.549,28.25,NORMAL,100.0,LOW,STABLE,0,NONE,Continue normal monitoring.,1.13,NORMAL
M001,2026-08-17 12:14:24,0.268,245.153,28.25,NORMAL,100.0,LOW,STABLE,0,NONE,Continue normal monitoring.,2.51,NORMAL
M001,2026-08-17 12:14:26,0.964,244.203,28.25,NORMAL,100.0,LOW,STABLE,0,NONE,Continue normal monitoring.,1.02,NORMAL
M001,2026-08-17 12:14:28,0.691,225.266,28.25,NORMAL,100.0,LOW,STABLE,0,NONE,Continue normal monitoring.,5.62,NORMAL
M001,2026-08-17 12:14:30,0.602,238.564,28.25,NORMAL,100.0,LOW,STABLE,0,NONE,Continue normal monitoring.,2.19,NORMAL
M001,2026-08-17 12:14:32,0.491,220.67,28.25,NORMAL,100.0,LOW,STABLE,0,NONE,Continue normal monitoring.,8.83,NORMAL
M001,2026-08-17 12:14:34,0.844,227.467,28.25,NORMAL,100.0,LOW,STABLE,0,NONE,Continue normal monitoring.,3.87,NORMAL
M001,2026-08-17 12:14:36,0.344,255.454,28.25,NORMAL,100.0,LOW,STABLE,0,NONE,Continue normal monitoring.,2.75,NORMAL
M001,2026-08-17 12:14:38,0.746,248.424,28.25,NORMAL,100.0,LOW,STABLE,0,NONE,Continue normal monitoring.,1.41,NORMAL
M001,2026-08-17 12:14:40,0.297,256.636,28.25,NORMAL,100.0,LOW,STABLE,0,NONE,Continue normal monitoring.,3.75,NORMAL
M001,2026-08-17 12:14:43,0.862,237.337,28.25,NORMAL,100.0,LOW,STABLE,0,NONE,Continue normal monitoring.,1.96,NORMAL
M001,2026-08-17 12:14:45,0.713,244.444,28.25,NORMAL,100.0,LOW,STABLE,0,NONE,Continue normal monitoring.,1.5,NORMAL
M001,2026-08-17 12:14:47,0.804,276.082,28.25,NORMAL,100.0,LOW,STABLE,0,NONE,Continue normal monitoring.,9.95,NORMAL
M001,2026-08-17 12:14:49,1.161,269.368,28.25,NORMAL,100.0,LOW,STABLE,0,NONE,Continue normal monitoring.,7.93,NORMAL
M001,2026-08-17 12:14:51,1.43,252.736,28.25,NORMAL,100.0,LOW,STABLE,0,NONE,Continue normal monitoring.,7.08,NORMAL
M001,2026-08-17 12:14:53,1.124,303.628,28.25,NORMAL,100.0,LOW,STABLE,0,NONE,Continue normal monitoring.,23.02,NORMAL
M001,2026-08-17 12:14:55,1.064,273.684,28.25,NORMAL,100.0,LOW,STABLE,0,NONE,Continue normal monitoring.,9.14,NORMAL
M001,2026-08-17 12:14:57,0.725,217.511,28.25,NORMAL,100.0,LOW,STABLE,0,NONE,Continue normal monitoring.,8.63,NORMAL
M001,2026-08-17 12:14:59,0.903,240.566,28.25,NORMAL,100.0,LOW,STABLE,0,NONE,Continue normal monitoring.,0.69,NORMAL
M001,2026-08-17 12:15:01,0.692,240.935,28.25,NORMAL,100.0,LOW,STABLE,0,NONE,Continue normal monitoring.,1.84,NORMAL
M001,2026-08-17 12:15:03,0.812,243.669,28.25,NORMAL,100.0,LOW,STABLE,0,NONE,Continue normal monitoring.,0.95,NORMAL
M001,2026-08-17 12:15:05,0.774,240.856,28.25,NORMAL,100.0,LOW,STABLE,0,NONE,Continue normal monitoring.,1.24,NORMAL
M001,2026-08-17 12:15:07,0.895,235.063,28.25,NORMAL,100.0,LOW,STABLE,0,NONE,Continue normal monitoring.,1.19,NORMAL
M001,2026-08-17 12:15:10,0.594,230.234,28.25,NORMAL,100.0,LOW,STABLE,0,NONE,Continue normal monitoring.,3.73,NORMAL
M001,2026-08-17 12:15:12,0.548,254.027,28.25,NORMAL,100.0,LOW,STABLE,0,NONE,Continue normal monitoring.,3.13,NORMAL
M001,2026-08-17 12:15:14,1.279,230.559,28.25,NORMAL,100.0,LOW,STABLE,0,NONE,Continue normal monitoring.,5.02,NORMAL
M001,2026-08-17 12:15:16,0.924,263.709,28.25,NORMAL,100.0,LOW,STABLE,0,NONE,Continue normal monitoring.,3.89,NORMAL
M001,2026-08-17 12:15:18,0.09,233.813,28.25,NORMAL,100.0,LOW,STABLE,0,NONE,Continue normal monitoring.,7.98,NORMAL
M001,2026-08-17 12:15:20,0.09,311.897,28.25,NORMAL,100.0,LOW,STABLE,0,NONE,Continue normal monitoring.,32.8,NORMAL
M001,2026-08-17 12:15:22,0.255,204.122,28.25,NORMAL,100.0,LOW,STABLE,0,NONE,Continue normal monitoring.,19.54,NORMAL
M001,2026-08-17 12:15:24,0.718,224.227,28.25,NORMAL,100.0,LOW,STABLE,0,NONE,Continue normal monitoring.,6.01,NORMAL
M001,2026-08-17 12:15:26,0.838,234.151,28.25,NORMAL,100.0,LOW,STABLE,0,NONE,Continue normal monitoring.,2.49,NORMAL
M001,2026-08-17 12:15:28,0.359,224.536,28.25,NORMAL,100.0,LOW,STABLE,0,NONE,Continue normal monitoring.,6.58,NORMAL
M001,2026-08-17 12:15:30,0.264,225.886,28.25,NORMAL,100.0,LOW,STABLE,0,NONE,Continue normal monitoring.,6.24,NORMAL
M001,2026-08-17 12:15:32,0.729,220.119,28.25,NORMAL,100.0,LOW,STABLE,0,NONE,Continue normal monitoring.,7.57,NORMAL
M001,2026-08-17 12:15:35,0.555,262.389,28.25,NORMAL,100.0,LOW,STABLE,0,NONE,Continue normal monitoring.,5.2,NORMAL
M001,2026-08-17 12:15:37,0.803,235.728,28.25,NORMAL,100.0,LOW,STABLE,0,NONE,Continue normal monitoring.,1.73,NORMAL
M001,2026-08-17 12:15:39,0.708,228.378,28.25,NORMAL,100.0,LOW,STABLE,0,NONE,Continue normal monitoring.,4.56,NORMAL
M001,2026-08-17 12:15:41,0.516,235.001,28.25,NORMAL,100.0,LOW,STABLE,0,NONE,Continue normal monitoring.,3.44,NORMAL
M001,2026-08-17 12:15:43,0.524,226.269,28.25,NORMAL,100.0,LOW,STABLE,0,NONE,Continue normal monitoring.,6.54,NORMAL
M001,2026-08-17 12:15:45,1.053,282.144,28.25,NORMAL,100.0,LOW,STABLE,0,NONE,Continue normal monitoring.,12.9,NORMAL
M001,2026-08-17 12:15:47,0.852,316.689,28.25,WARNING_SOUND,72.0,MEDIUM,FALLING,1,MECHANICAL_ABNORMALITY,Inspect mechanical components and sound sources.,26.12,NORMAL
M001,2026-08-17 12:15:49,1.01,231.301,28.25,NORMAL,100.0,LOW,RISING,0,NONE,Continue normal monitoring.,2.59,NORMAL
M001,2026-08-17 12:15:51,0.867,230.469,28.25,NORMAL,100.0,LOW,STABLE,0,NONE,Continue normal monitoring.,2.85,NORMAL
M001,2026-08-17 12:15:53,1.545,236.712,28.25,NORMAL,100.0,LOW,STABLE,0,NONE,Continue normal monitoring.,11.02,NORMAL
M001,2026-08-17 12:15:55,0.708,236.604,28.25,NORMAL,100.0,LOW,STABLE,0,NONE,Continue normal monitoring.,2.98,NORMAL
M001,2026-08-17 12:15:57,0.601,237.364,28.25,NORMAL,100.0,LOW,STABLE,0,NONE,Continue normal monitoring.,2.45,NORMAL
M001,2026-08-17 12:15:59,0.738,220.368,28.25,NORMAL,100.0,LOW,STABLE,0,NONE,Continue normal monitoring.,7.59,NORMAL
M001,2026-08-17 12:16:02,0.951,262.883,28.25,NORMAL,100.0,LOW,STABLE,0,NONE,Continue normal monitoring.,4.01,NORMAL
M001,2026-08-17 12:16:04,0.84,266.974,28.25,NORMAL,100.0,LOW,STABLE,0,NONE,Continue normal monitoring.,5.81,NORMAL
M001,2026-08-17 12:16:06,0.971,277.917,28.25,NORMAL,100.0,LOW,STABLE,0,NONE,Continue normal monitoring.,10.19,NORMAL
M001,2026-08-17 12:16:08,0.824,328.227,28.25,WARNING_SOUND,72.0,MEDIUM,FALLING,1,MECHANICAL_ABNORMALITY,Inspect mechanical components and sound sources.,28.44,NORMAL
M001,2026-08-17 12:16:10,0.95,254.179,28.25,NORMAL,100.0,LOW,RISING,0,NONE,Continue normal monitoring.,1.68,NORMAL
M001,2026-08-17 12:16:12,1.244,287.018,28.25,WARNING_SOUND,72.0,MEDIUM,FALLING,1,MECHANICAL_ABNORMALITY,Inspect mechanical components and sound sources.,15.79,NORMAL
M001,2026-08-17 12:16:14,0.539,230.131,28.25,NORMAL,100.0,LOW,RISING,0,NONE,Continue normal monitoring.,4.34,NORMAL
M001,2026-08-17 12:16:16,0.806,209.864,28.25,NORMAL,100.0,LOW,STABLE,0,NONE,Continue normal monitoring.,11.0,NORMAL
M001,2026-08-17 12:16:18,0.863,244.106,28.25,NORMAL,100.0,LOW,STABLE,0,NONE,Continue normal monitoring.,1.28,NORMAL
M001,2026-08-17 12:16:20,0.62,218.446,28.25,NORMAL,100.0,LOW,STABLE,0,NONE,Continue normal monitoring.,8.89,NORMAL
M001,2026-08-17 12:16:22,0.562,210.314,28.25,NORMAL,100.0,LOW,STABLE,0,NONE,Continue normal monitoring.,13.65,NORMAL
M001,2026-08-17 12:16:24,0.612,235.404,28.25,NORMAL,100.0,LOW,STABLE,0,NONE,Continue normal monitoring.,2.83,NORMAL
M001,2026-08-17 12:16:27,0.655,301.043,28.25,WARNING_SOUND,72.0,MEDIUM,FALLING,1,MECHANICAL_ABNORMALITY,Inspect mechanical components and sound sources.,22.49,NORMAL
M001,2026-08-17 12:16:29,0.932,242.871,28.25,NORMAL,100.0,LOW,RISING,0,NONE,Continue normal monitoring.,0.53,NORMAL
M001,2026-08-17 12:16:31,0.572,263.404,28.25,NORMAL,100.0,LOW,STABLE,0,NONE,Continue normal monitoring.,5.26,NORMAL
M001,2026-08-17 12:16:33,0.346,330.391,28.25,WARNING_SOUND,72.0,MEDIUM,FALLING,1,MECHANICAL_ABNORMALITY,Inspect mechanical components and sound sources.,31.79,NORMAL
M001,2026-08-17 12:16:36,0.035,269.387,28.25,NORMAL,100.0,LOW,RISING,0,NONE,Continue normal monitoring.,19.55,NORMAL
M001,2026-08-17 12:16:37,0.862,257.967,28.25,NORMAL,100.0,LOW,STABLE,0,NONE,Continue normal monitoring.,2.42,NORMAL
M001,2026-08-17 12:16:39,0.88,424.301,28.25,WARNING_SOUND,72.0,MEDIUM,FALLING,1,MECHANICAL_ABNORMALITY,Inspect mechanical components and sound sources.,47.74,NORMAL
M001,2026-08-17 12:16:41,1.142,219.371,28.25,NORMAL,100.0,LOW,RISING,0,NONE,Continue normal monitoring.,7.64,NORMAL
M001,2026-08-17 12:16:43,0.86,233.169,28.25,NORMAL,100.0,LOW,STABLE,0,NONE,Continue normal monitoring.,2.42,NORMAL
M001,2026-08-17 12:16:45,0.99,229.19,28.25,NORMAL,100.0,LOW,STABLE,0,NONE,Continue normal monitoring.,2.76,NORMAL
M001,2026-08-17 12:16:47,0.874,215.825,28.25,NORMAL,100.0,LOW,STABLE,0,NONE,Continue normal monitoring.,8.09,NORMAL
M001,2026-08-17 12:16:49,0.856,243.139,28.25,NORMAL,100.0,LOW,STABLE,0,NONE,Continue normal monitoring.,1.4,NORMAL
M001,2026-08-17 12:16:52,0.522,239.16,28.25,NORMAL,100.0,LOW,STABLE,0,NONE,Continue normal monitoring.,2.93,NORMAL
M001,2026-08-17 12:16:54,1.111,236.68,28.25,NORMAL,100.0,LOW,STABLE,0,NONE,Continue normal monitoring.,1.95,NORMAL
M001,2026-08-17 12:16:56,1.327,267.04,28.25,NORMAL,100.0,LOW,STABLE,0,NONE,Continue normal monitoring.,9.36,NORMAL
M001,2026-08-17 12:16:58,1.064,254.684,28.25,NORMAL,100.0,LOW,STABLE,0,NONE,Continue normal monitoring.,2.35,NORMAL
M001,2026-08-17 12:17:00,1.124,251.393,28.25,NORMAL,100.0,LOW,STABLE,0,NONE,Continue normal monitoring.,1.77,NORMAL
M001,2026-08-17 12:17:02,1.397,244.585,28.25,NORMAL,100.0,LOW,STABLE,0,NONE,Continue normal monitoring.,7.09,NORMAL
M001,2026-08-17 12:17:04,1.04,233.221,28.25,NORMAL,100.0,LOW,STABLE,0,NONE,Continue normal monitoring.,2.9,NORMAL
M001,2026-08-17 12:17:06,0.999,243.709,28.25,NORMAL,100.0,LOW,STABLE,0,NONE,Continue normal monitoring.,1.41,NORMAL
M001,2026-08-17 12:17:08,0.725,235.503,28.25,NORMAL,100.0,LOW,STABLE,0,NONE,Continue normal monitoring.,2.96,NORMAL
M001,2026-08-17 12:17:10,0.881,224.681,28.25,NORMAL,100.0,LOW,STABLE,0,NONE,Continue normal monitoring.,4.74,NORMAL
M001,2026-08-17 12:17:12,1.395,304.421,28.25,NORMAL,100.0,LOW,STABLE,0,NONE,Continue normal monitoring.,28.2,NORMAL
M001,2026-08-17 12:17:14,0.677,245.827,28.25,NORMAL,100.0,LOW,STABLE,0,NONE,Continue normal monitoring.,0.65,NORMAL
M001,2026-08-17 12:17:16,1.164,206.767,28.25,NORMAL,100.0,LOW,STABLE,0,NONE,Continue normal monitoring.,14.78,NORMAL
M001,2026-08-17 12:17:19,1.23,229.806,28.25,NORMAL,100.0,LOW,STABLE,0,NONE,Continue normal monitoring.,4.32,NORMAL
M001,2026-08-17 12:17:21,0.823,269.312,28.25,NORMAL,100.0,LOW,STABLE,0,NONE,Continue normal monitoring.,6.89,NORMAL
M001,2026-08-17 12:17:23,0.737,221.009,28.25,NORMAL,100.0,LOW,STABLE,0,NONE,Continue normal monitoring.,7.43,NORMAL
M001,2026-08-17 12:17:25,0.619,228.747,28.25,NORMAL,100.0,LOW,STABLE,0,NONE,Continue normal monitoring.,3.81,NORMAL
M001,2026-08-17 12:17:27,0.481,244.405,28.25,NORMAL,100.0,LOW,STABLE,0,NONE,Continue normal monitoring.,1.98,NORMAL
M001,2026-08-17 12:17:29,1.099,230.384,28.25,NORMAL,100.0,LOW,STABLE,0,NONE,Continue normal monitoring.,3.19,NORMAL
M001,2026-08-17 12:17:31,0.562,242.795,28.25,NORMAL,100.0,LOW,STABLE,0,NONE,Continue normal monitoring.,2.3,NORMAL
M001,2026-08-17 12:17:33,0.583,243.016,28.25,NORMAL,100.0,LOW,STABLE,0,NONE,Continue normal monitoring.,1.97,NORMAL
M001,2026-08-17 12:17:35,1.02,219.671,28.25,NORMAL,100.0,LOW,STABLE,0,NONE,Continue normal monitoring.,7.64,NORMAL
M001,2026-08-17 12:17:37,0.673,247.487,28.25,NORMAL,100.0,LOW,STABLE,0,NONE,Continue normal monitoring.,0.75,NORMAL
M001,2026-08-17 12:17:39,0.615,273.54,28.25,NORMAL,100.0,LOW,STABLE,0,NONE,Continue normal monitoring.,7.63,NORMAL
M001,2026-08-17 12:17:41,0.556,274.664,28.25,NORMAL,100.0,LOW,STABLE,0,NONE,Continue normal monitoring.,9.94,NORMAL
M001,2026-08-17 12:17:44,1.364,244.235,28.25,NORMAL,100.0,LOW,STABLE,0,NONE,Continue normal monitoring.,6.45,NORMAL
M001,2026-08-17 12:17:46,0.837,250.02,28.25,NORMAL,100.0,LOW,STABLE,0,NONE,Continue normal monitoring.,1.46,NORMAL
M001,2026-08-17 12:17:48,0.981,260.69,28.25,NORMAL,100.0,LOW,STABLE,0,NONE,Continue normal monitoring.,2.99,NORMAL
M001,2026-08-17 12:17:50,1.103,251.002,28.25,NORMAL,100.0,LOW,STABLE,0,NONE,Continue normal monitoring.,1.47,NORMAL
M001,2026-08-17 12:17:52,1.05,244.073,28.25,NORMAL,100.0,LOW,STABLE,0,NONE,Continue normal monitoring.,1.68,NORMAL
M001,2026-08-17 12:17:54,0.944,232.987,28.25,NORMAL,100.0,LOW,STABLE,0,NONE,Continue normal monitoring.,1.83,NORMAL
M001,2026-08-17 12:17:56,0.554,248.232,28.25,NORMAL,100.0,LOW,STABLE,0,NONE,Continue normal monitoring.,2.38,NORMAL
M001,2026-08-17 12:17:58,0.53,226.065,28.25,NORMAL,100.0,LOW,STABLE,0,NONE,Continue normal monitoring.,6.31,NORMAL
M001,2026-08-17 12:18:00,1.086,215.329,28.25,NORMAL,100.0,LOW,STABLE,0,NONE,Continue normal monitoring.,9.44,NORMAL
M001,2026-08-17 12:18:02,0.695,284.778,28.25,NORMAL,100.0,LOW,STABLE,0,NONE,Continue normal monitoring.,13.59,NORMAL
M001,2026-08-17 12:18:04,1.036,264.289,28.25,NORMAL,100.0,LOW,STABLE,0,NONE,Continue normal monitoring.,5.43,NORMAL
M001,2026-08-17 12:18:06,1.731,238.006,28.25,NORMAL,100.0,LOW,STABLE,0,NONE,Continue normal monitoring.,18.54,NORMAL
M001,2026-08-17 12:18:08,1.078,260.005,28.25,NORMAL,100.0,LOW,STABLE,0,NONE,Continue normal monitoring.,3.55,NORMAL
M001,2026-08-17 12:18:11,0.829,265.925,28.25,NORMAL,100.0,LOW,STABLE,0,NONE,Continue normal monitoring.,5.56,NORMAL
M001,2026-08-17 12:18:13,0.887,241.312,28.25,NORMAL,100.0,LOW,STABLE,0,NONE,Continue normal monitoring.,0.72,NORMAL
M001,2026-08-17 12:18:15,0.922,216.422,28.25,NORMAL,100.0,LOW,STABLE,0,NONE,Continue normal monitoring.,8.03,NORMAL
M001,2026-08-17 12:18:17,0.757,210.545,28.25,NORMAL,100.0,LOW,STABLE,0,NONE,Continue normal monitoring.,12.13,NORMAL
M001,2026-08-17 12:18:19,1.111,230.813,28.25,NORMAL,100.0,LOW,STABLE,0,NONE,Continue normal monitoring.,2.74,NORMAL
M001,2026-08-17 12:18:21,0.716,231.616,28.25,NORMAL,100.0,LOW,STABLE,0,NONE,Continue normal monitoring.,3.62,NORMAL
M001,2026-08-17 12:18:23,0.747,233.833,28.25,NORMAL,100.0,LOW,STABLE,0,NONE,Continue normal monitoring.,2.59,NORMAL
M001,2026-08-17 12:18:25,1.158,246.67,28.25,NORMAL,100.0,LOW,STABLE,0,NONE,Continue normal monitoring.,1.37,NORMAL
M001,2026-08-17 12:18:27,1.291,290.014,28.25,NORMAL,100.0,LOW,STABLE,0,NONE,Continue normal monitoring.,18.21,NORMAL
M001,2026-08-17 12:18:29,1.184,250.943,28.25,NORMAL,100.0,LOW,STABLE,0,NONE,Continue normal monitoring.,2.18,NORMAL
M001,2026-08-17 12:18:31,1.051,228.503,28.25,NORMAL,100.0,LOW,STABLE,0,NONE,Continue normal monitoring.,3.94,NORMAL
M001,2026-08-17 12:18:33,0.958,221.062,28.25,NORMAL,100.0,LOW,STABLE,0,NONE,Continue normal monitoring.,6.8,NORMAL
M001,2026-08-17 12:18:36,0.842,262.323,28.25,NORMAL,100.0,LOW,STABLE,0,NONE,Continue normal monitoring.,4.29,NORMAL
M001,2026-08-17 12:18:38,0.697,259.925,28.25,NORMAL,100.0,LOW,STABLE,0,NONE,Continue normal monitoring.,3.25,NORMAL
M001,2026-08-17 12:18:40,0.771,246.911,28.25,NORMAL,100.0,LOW,STABLE,0,NONE,Continue normal monitoring.,0.46,NORMAL
M001,2026-08-17 12:18:42,1.124,238.094,28.25,NORMAL,100.0,LOW,STABLE,0,NONE,Continue normal monitoring.,2.13,NORMAL
M001,2026-08-17 12:18:44,1.02,280.753,28.25,NORMAL,100.0,LOW,STABLE,0,NONE,Continue normal monitoring.,12.35,NORMAL
M001,2026-08-17 12:18:46,1.217,260.069,28.25,NORMAL,100.0,LOW,STABLE,0,NONE,Continue normal monitoring.,4.88,NORMAL
M001,2026-08-17 12:18:48,0.414,235.096,28.25,NORMAL,100.0,LOW,STABLE,0,NONE,Continue normal monitoring.,3.42,NORMAL
M001,2026-08-17 12:18:50,0.604,283.694,28.25,NORMAL,100.0,LOW,STABLE,0,NONE,Continue normal monitoring.,13.07,NORMAL
M001,2026-08-17 12:18:52,0.494,246.379,28.25,NORMAL,100.0,LOW,STABLE,0,NONE,Continue normal monitoring.,1.73,NORMAL
M001,2026-08-17 12:18:54,1.0,222.838,28.25,NORMAL,100.0,LOW,STABLE,0,NONE,Continue normal monitoring.,5.73,NORMAL
M001,2026-08-17 12:18:56,0.647,254.86,28.25,NORMAL,100.0,LOW,STABLE,0,NONE,Continue normal monitoring.,1.46,NORMAL
M001,2026-08-17 12:18:58,1.046,248.02,28.25,NORMAL,100.0,LOW,STABLE,0,NONE,Continue normal monitoring.,1.74,NORMAL
M001,2026-08-17 12:19:00,0.828,252.134,28.25,NORMAL,100.0,LOW,STABLE,0,NONE,Continue normal monitoring.,1.64,NORMAL
M001,2026-08-17 12:19:03,0.531,213.233,28.25,NORMAL,100.0,LOW,STABLE,0,NONE,Continue normal monitoring.,12.4,NORMAL
M001,2026-08-17 12:19:05,0.697,246.945,28.25,NORMAL,100.0,LOW,STABLE,0,NONE,Continue normal monitoring.,1.2,NORMAL
M001,2026-08-17 12:19:07,0.603,240.867,28.25,NORMAL,100.0,LOW,STABLE,0,NONE,Continue normal monitoring.,1.65,NORMAL
M001,2026-08-17 12:19:09,0.761,219.282,28.25,NORMAL,100.0,LOW,STABLE,0,NONE,Continue normal monitoring.,7.29,NORMAL
M001,2026-08-17 12:19:11,1.337,231.393,28.25,NORMAL,100.0,LOW,STABLE,0,NONE,Continue normal monitoring.,6.24,NORMAL
M001,2026-08-17 12:19:13,0.884,225.054,28.25,NORMAL,100.0,LOW,STABLE,0,NONE,Continue normal monitoring.,4.33,NORMAL
M001,2026-08-17 12:19:15,0.599,262.047,28.25,NORMAL,100.0,LOW,STABLE,0,NONE,Continue normal monitoring.,4.0,NORMAL
M001,2026-08-17 12:19:17,1.018,244.039,28.25,NORMAL,100.0,LOW,STABLE,0,NONE,Continue normal monitoring.,1.56,NORMAL
M001,2026-08-17 12:19:19,1.114,210.199,28.25,NORMAL,100.0,LOW,STABLE,0,NONE,Continue normal monitoring.,11.44,NORMAL
M001,2026-08-17 12:19:21,0.55,284.516,28.25,NORMAL,100.0,LOW,STABLE,0,NONE,Continue normal monitoring.,15.24,NORMAL
M001,2026-08-17 12:19:23,0.428,278.415,28.25,NORMAL,100.0,LOW,STABLE,0,NONE,Continue normal monitoring.,12.34,NORMAL
M001,2026-08-17 12:19:25,1.586,216.731,28.25,WARNING_VIBRATION,72.0,MEDIUM,FALLING,1,EXCESSIVE_VIBRATION,Inspect motor and rotating components.,18.61,NORMAL
M001,2026-08-17 12:19:28,1.422,220.498,28.25,NORMAL,100.0,LOW,RISING,0,NONE,Continue normal monitoring.,11.72,NORMAL
M001,2026-08-17 12:19:30,1.532,242.675,28.25,NORMAL,100.0,LOW,STABLE,0,NONE,Continue normal monitoring.,10.3,NORMAL
M001,2026-08-17 12:19:32,0.76,277.833,28.25,NORMAL,100.0,LOW,STABLE,0,NONE,Continue normal monitoring.,9.78,NORMAL
M001,2026-08-17 12:19:34,1.113,209.522,28.25,NORMAL,100.0,LOW,STABLE,0,NONE,Continue normal monitoring.,12.01,NORMAL
M001,2026-08-17 12:19:36,0.715,232.424,28.25,NORMAL,100.0,LOW,STABLE,0,NONE,Continue normal monitoring.,3.22,NORMAL
M001,2026-08-17 12:19:38,0.867,259.558,28.25,NORMAL,100.0,LOW,STABLE,0,NONE,Continue normal monitoring.,2.65,NORMAL
M001,2026-08-17 12:19:40,0.541,249.465,28.25,NORMAL,100.0,LOW,STABLE,0,NONE,Continue normal monitoring.,2.46,NORMAL
M001,2026-08-17 12:19:42,1.17,218.685,28.25,NORMAL,100.0,LOW,STABLE,0,NONE,Continue normal monitoring.,8.02,NORMAL
M001,2026-08-17 12:19:44,1.356,230.836,28.25,NORMAL,100.0,LOW,STABLE,0,NONE,Continue normal monitoring.,7.41,NORMAL
M001,2026-08-17 12:19:46,1.087,250.913,28.25,NORMAL,100.0,LOW,STABLE,0,NONE,Continue normal monitoring.,2.02,NORMAL
M001,2026-08-17 12:19:48,0.648,209.247,28.25,NORMAL,100.0,LOW,STABLE,0,NONE,Continue normal monitoring.,12.98,NORMAL
M001,2026-08-17 12:19:50,1.051,229.431,28.25,NORMAL,100.0,LOW,STABLE,0,NONE,Continue normal monitoring.,3.46,NORMAL
M001,2026-08-17 12:19:52,1.126,256.599,28.25,NORMAL,100.0,LOW,STABLE,0,NONE,Continue normal monitoring.,2.72,NORMAL
M001,2026-08-17 12:19:55,0.741,230.843,28.25,NORMAL,100.0,LOW,STABLE,0,NONE,Continue normal monitoring.,3.38,NORMAL
M001,2026-08-17 12:19:57,1.317,239.845,28.25,NORMAL,100.0,LOW,STABLE,0,NONE,Continue normal monitoring.,4.98,NORMAL
M001,2026-08-17 12:19:59,0.956,248.775,28.25,NORMAL,100.0,LOW,STABLE,0,NONE,Continue normal monitoring.,0.96,NORMAL
M001,2026-08-17 12:20:01,0.728,228.263,28.25,NORMAL,100.0,LOW,STABLE,0,NONE,Continue normal monitoring.,4.3,NORMAL
M001,2026-08-17 12:20:03,1.046,242.5,28.25,NORMAL,100.0,LOW,STABLE,0,NONE,Continue normal monitoring.,2.25,NORMAL
M001,2026-08-17 12:20:05,1.15,241.43,28.25,NORMAL,100.0,LOW,STABLE,0,NONE,Continue normal monitoring.,2.1,NORMAL
M001,2026-08-17 12:20:07,1.327,252.821,28.25,NORMAL,100.0,LOW,STABLE,0,NONE,Continue normal monitoring.,5.4,NORMAL
M001,2026-08-17 12:20:09,0.689,239.801,28.25,NORMAL,100.0,LOW,STABLE,0,NONE,Continue normal monitoring.,1.88,NORMAL
M001,2026-08-17 12:20:11,0.778,240.62,28.25,NORMAL,100.0,LOW,STABLE,0,NONE,Continue normal monitoring.,1.49,NORMAL
M001,2026-08-17 12:20:13,1.212,261.428,28.25,NORMAL,100.0,LOW,STABLE,0,NONE,Continue normal monitoring.,5.1,NORMAL
M001,2026-08-17 12:20:15,0.665,245.986,28.25,NORMAL,100.0,LOW,STABLE,0,NONE,Continue normal monitoring.,0.91,NORMAL
M001,2026-08-17 12:20:17,1.012,223.755,28.25,NORMAL,100.0,LOW,STABLE,0,NONE,Continue normal monitoring.,5.96,NORMAL
M001,2026-08-17 12:20:20,0.997,242.375,28.25,NORMAL,100.0,LOW,STABLE,0,NONE,Continue normal monitoring.,1.67,NORMAL
M001,2026-08-17 12:20:22,1.347,238.539,28.25,NORMAL,100.0,LOW,STABLE,0,NONE,Continue normal monitoring.,5.96,NORMAL
M001,2026-08-17 12:20:24,1.061,236.647,28.25,NORMAL,100.0,LOW,STABLE,0,NONE,Continue normal monitoring.,2.14,NORMAL
M001,2026-08-17 12:20:26,0.984,245.972,28.25,NORMAL,100.0,LOW,STABLE,0,NONE,Continue normal monitoring.,0.84,NORMAL
M001,2026-08-17 12:20:28,0.681,227.517,28.25,NORMAL,100.0,LOW,STABLE,0,NONE,Continue normal monitoring.,4.43,NORMAL
M001,2026-08-17 12:20:30,0.932,241.391,28.25,NORMAL,100.0,LOW,STABLE,0,NONE,Continue normal monitoring.,0.72,NORMAL
M001,2026-08-17 12:20:32,0.772,299.99,28.25,NORMAL,100.0,LOW,STABLE,0,NONE,Continue normal monitoring.,21.76,NORMAL
M001,2026-08-17 12:20:34,0.677,239.326,28.25,NORMAL,100.0,LOW,STABLE,0,NONE,Continue normal monitoring.,1.6,NORMAL
M001,2026-08-17 12:20:36,0.877,273.824,28.25,NORMAL,100.0,LOW,STABLE,0,NONE,Continue normal monitoring.,7.49,NORMAL
M001,2026-08-17 12:20:38,0.717,251.924,28.25,NORMAL,100.0,LOW,STABLE,0,NONE,Continue normal monitoring.,1.54,NORMAL
M001,2026-08-17 12:20:40,1.301,263.363,28.25,NORMAL,100.0,LOW,STABLE,0,NONE,Continue normal monitoring.,7.58,NORMAL
M001,2026-08-17 12:20:42,1.19,253.455,28.25,NORMAL,100.0,LOW,STABLE,0,NONE,Continue normal monitoring.,2.75,NORMAL
M001,2026-08-17 12:20:45,0.618,215.275,28.25,NORMAL,100.0,LOW,STABLE,0,NONE,Continue normal monitoring.,9.35,NORMAL
M001,2026-08-17 12:20:47,0.517,225.247,28.25,NORMAL,100.0,LOW,STABLE,0,NONE,Continue normal monitoring.,6.32,NORMAL
M001,2026-08-17 12:20:49,1.148,238.379,28.25,NORMAL,100.0,LOW,STABLE,0,NONE,Continue normal monitoring.,2.46,NORMAL
M001,2026-08-17 12:20:51,0.584,243.687,28.25,NORMAL,100.0,LOW,STABLE,0,NONE,Continue normal monitoring.,1.69,NORMAL
M001,2026-08-17 12:20:53,0.684,330.605,28.25,WARNING_SOUND,72.0,MEDIUM,FALLING,1,MECHANICAL_ABNORMALITY,Inspect mechanical components and sound sources.,30.34,NORMAL
M001,2026-08-17 12:20:55,0.778,243.967,28.25,NORMAL,100.0,LOW,RISING,0,NONE,Continue normal monitoring.,0.65,NORMAL
M001,2026-08-17 12:20:57,1.515,241.229,28.25,NORMAL,100.0,LOW,STABLE,0,NONE,Continue normal monitoring.,10.11,NORMAL
M001,2026-08-17 12:20:59,1.365,215.368,28.25,NORMAL,100.0,LOW,STABLE,0,NONE,Continue normal monitoring.,13.11,NORMAL
M001,2026-08-17 12:21:01,0.453,252.719,28.25,NORMAL,100.0,LOW,STABLE,0,NONE,Continue normal monitoring.,2.33,NORMAL
M001,2026-08-17 12:21:03,0.462,233.244,28.25,NORMAL,100.0,LOW,STABLE,0,NONE,Continue normal monitoring.,3.39,NORMAL
M001,2026-08-17 12:21:05,0.41,265.692,28.25,NORMAL,100.0,LOW,STABLE,0,NONE,Continue normal monitoring.,6.18,NORMAL
M001,2026-08-17 12:21:07,1.027,255.705,28.25,NORMAL,100.0,LOW,STABLE,0,NONE,Continue normal monitoring.,2.82,NORMAL
M001,2026-08-17 12:21:10,1.193,225.402,28.25,NORMAL,100.0,LOW,STABLE,0,NONE,Continue normal monitoring.,5.12,NORMAL
M001,2026-08-17 12:21:12,1.34,237.318,28.25,NORMAL,100.0,LOW,STABLE,0,NONE,Continue normal monitoring.,5.77,NORMAL
M001,2026-08-17 12:21:14,1.339,223.398,28.25,NORMAL,100.0,LOW,STABLE,0,NONE,Continue normal monitoring.,8.92,NORMAL
M001,2026-08-17 12:21:16,1.119,247.739,28.25,NORMAL,100.0,LOW,STABLE,0,NONE,Continue normal monitoring.,1.39,NORMAL
M001,2026-08-17 12:21:18,1.074,249.252,28.25,NORMAL,100.0,LOW,STABLE,0,NONE,Continue normal monitoring.,1.79,NORMAL
M001,2026-08-17 12:21:20,1.071,237.228,28.25,NORMAL,100.0,LOW,STABLE,0,NONE,Continue normal monitoring.,2.35,NORMAL
M001,2026-08-17 12:21:22,0.906,229.491,28.25,NORMAL,100.0,LOW,STABLE,0,NONE,Continue normal monitoring.,2.03,NORMAL
M001,2026-08-17 12:21:24,1.745,204.111,28.25,WARNING_VIBRATION,72.0,MEDIUM,FALLING,1,EXCESSIVE_VIBRATION,Inspect motor and rotating components.,30.17,NORMAL
M001,2026-08-17 12:21:26,1.192,229.836,28.25,NORMAL,100.0,LOW,RISING,0,NONE,Continue normal monitoring.,3.78,NORMAL
M001,2026-08-17 12:21:28,1.4,229.235,28.25,NORMAL,100.0,LOW,STABLE,0,NONE,Continue normal monitoring.,8.55,NORMAL
M001,2026-08-17 12:21:30,0.855,247.862,28.25,NORMAL,100.0,LOW,STABLE,0,NONE,Continue normal monitoring.,1.09,NORMAL
M001,2026-08-17 12:21:32,0.7,221.951,28.25,NORMAL,100.0,LOW,STABLE,0,NONE,Continue normal monitoring.,7.17,NORMAL
M001,2026-08-17 12:21:34,1.224,246.157,28.25,NORMAL,100.0,LOW,STABLE,0,NONE,Continue normal monitoring.,2.79,NORMAL
M001,2026-08-17 12:21:37,1.022,207.014,28.25,NORMAL,100.0,LOW,STABLE,0,NONE,Continue normal monitoring.,14.54,NORMAL
M001,2026-08-17 12:21:39,1.34,260.551,28.25,NORMAL,100.0,LOW,STABLE,0,NONE,Continue normal monitoring.,7.24,NORMAL
M001,2026-08-17 12:21:41,0.835,254.565,28.25,NORMAL,100.0,LOW,STABLE,0,NONE,Continue normal monitoring.,2.1,NORMAL
M001,2026-08-17 12:21:43,1.12,226.63,28.25,NORMAL,100.0,LOW,STABLE,0,NONE,Continue normal monitoring.,4.42,NORMAL
M001,2026-08-17 12:21:45,1.239,253.493,28.25,NORMAL,100.0,LOW,STABLE,0,NONE,Continue normal monitoring.,3.65,NORMAL
M001,2026-08-17 12:21:47,0.754,260.114,28.25,NORMAL,100.0,LOW,STABLE,0,NONE,Continue normal monitoring.,2.8,NORMAL
M001,2026-08-17 12:21:49,1.22,217.151,28.25,NORMAL,100.0,LOW,STABLE,0,NONE,Continue normal monitoring.,9.69,NORMAL
M001,2026-08-17 12:21:51,0.979,224.083,28.25,NORMAL,100.0,LOW,STABLE,0,NONE,Continue normal monitoring.,5.09,NORMAL
M001,2026-08-17 12:21:53,0.797,255.303,28.25,NORMAL,100.0,LOW,STABLE,0,NONE,Continue normal monitoring.,1.38,NORMAL
M001,2026-08-17 12:21:55,0.909,254.982,28.25,NORMAL,100.0,LOW,STABLE,0,NONE,Continue normal monitoring.,1.06,NORMAL
M001,2026-08-17 12:21:57,0.857,234.935,28.25,NORMAL,100.0,LOW,STABLE,0,NONE,Continue normal monitoring.,2.32,NORMAL
M001,2026-08-17 12:21:59,1.016,222.816,28.25,NORMAL,100.0,LOW,STABLE,0,NONE,Continue normal monitoring.,5.93,NORMAL
M001,2026-08-17 12:22:02,1.118,271.58,28.25,NORMAL,100.0,LOW,STABLE,0,NONE,Continue normal monitoring.,8.02,NORMAL
M001,2026-08-17 12:22:04,1.127,247.619,28.25,NORMAL,100.0,LOW,STABLE,0,NONE,Continue normal monitoring.,1.45,NORMAL
M001,2026-08-17 12:22:06,0.858,256.383,28.25,NORMAL,100.0,LOW,STABLE,0,NONE,Continue normal monitoring.,2.3,NORMAL
M001,2026-08-17 12:22:08,1.205,252.737,28.25,NORMAL,100.0,LOW,STABLE,0,NONE,Continue normal monitoring.,2.89,NORMAL
M001,2026-08-17 12:22:10,1.069,242.516,28.25,NORMAL,100.0,LOW,STABLE,0,NONE,Continue normal monitoring.,2.2,NORMAL
M001,2026-08-17 12:22:12,1.0,291.314,28.25,WARNING_SOUND,72.0,MEDIUM,FALLING,1,MECHANICAL_ABNORMALITY,Inspect mechanical components and sound sources.,16.26,NORMAL
M001,2026-08-17 12:22:14,1.174,231.299,28.25,NORMAL,100.0,LOW,RISING,0,NONE,Continue normal monitoring.,2.59,NORMAL
M001,2026-08-17 12:22:16,1.375,271.86,28.25,NORMAL,100.0,LOW,STABLE,0,NONE,Continue normal monitoring.,13.07,NORMAL
M001,2026-08-17 12:22:18,1.046,273.51,28.25,NORMAL,100.0,LOW,STABLE,0,NONE,Continue normal monitoring.,9.24,NORMAL
M001,2026-08-17 12:22:20,1.202,253.774,28.25,NORMAL,100.0,LOW,STABLE,0,NONE,Continue normal monitoring.,2.83,NORMAL
M001,2026-08-17 12:22:22,1.131,277.377,28.25,NORMAL,100.0,LOW,STABLE,0,NONE,Continue normal monitoring.,10.73,NORMAL
M001,2026-08-17 12:22:24,0.297,229.484,28.25,NORMAL,100.0,LOW,STABLE,0,NONE,Continue normal monitoring.,4.72,NORMAL
M001,2026-08-17 12:22:26,0.931,258.87,28.25,NORMAL,100.0,LOW,STABLE,0,NONE,Continue normal monitoring.,2.59,NORMAL
M001,2026-08-17 12:22:29,0.665,241.897,28.25,NORMAL,100.0,LOW,STABLE,0,NONE,Continue normal monitoring.,1.3,NORMAL
M001,2026-08-17 12:22:31,0.606,264.275,28.25,NORMAL,100.0,LOW,STABLE,0,NONE,Continue normal monitoring.,4.72,NORMAL
M001,2026-08-17 12:22:33,0.966,245.395,28.25,NORMAL,100.0,LOW,STABLE,0,NONE,Continue normal monitoring.,1.02,NORMAL
M001,2026-08-17 12:22:35,0.984,253.944,28.25,NORMAL,100.0,LOW,STABLE,0,NONE,Continue normal monitoring.,1.81,NORMAL
M001,2026-08-17 12:22:37,0.98,254.535,28.25,NORMAL,100.0,LOW,STABLE,0,NONE,Continue normal monitoring.,1.73,NORMAL
M001,2026-08-17 12:22:39,0.924,219.327,28.25,NORMAL,100.0,LOW,STABLE,0,NONE,Continue normal monitoring.,6.84,NORMAL
M001,2026-08-17 12:22:41,0.75,265.666,28.25,NORMAL,100.0,LOW,STABLE,0,NONE,Continue normal monitoring.,5.29,NORMAL
M001,2026-08-17 12:22:43,0.85,286.495,28.25,NORMAL,100.0,LOW,STABLE,0,NONE,Continue normal monitoring.,14.14,NORMAL
M001,2026-08-17 12:22:45,1.382,289.715,28.25,WARNING_SOUND,72.0,MEDIUM,FALLING,1,MECHANICAL_ABNORMALITY,Inspect mechanical components and sound sources.,21.19,NORMAL
M001,2026-08-17 12:22:47,0.832,232.944,28.25,NORMAL,100.0,LOW,RISING,0,NONE,Continue normal monitoring.,2.54,NORMAL
M001,2026-08-17 12:22:50,0.987,219.661,28.25,NORMAL,100.0,LOW,STABLE,0,NONE,Continue normal monitoring.,7.28,NORMAL
M001,2026-08-17 12:22:51,0.843,255.363,28.25,NORMAL,100.0,LOW,STABLE,0,NONE,Continue normal monitoring.,1.96,NORMAL
M001,2026-08-17 12:22:54,1.101,256.283,28.25,NORMAL,100.0,LOW,STABLE,0,NONE,Continue normal monitoring.,2.4,NORMAL
M001,2026-08-17 12:22:56,1.228,223.088,28.25,NORMAL,100.0,LOW,STABLE,0,NONE,Continue normal monitoring.,6.53,NORMAL
M001,2026-08-17 12:22:58,0.949,279.911,28.25,WARNING_SOUND,72.0,MEDIUM,FALLING,1,MECHANICAL_ABNORMALITY,Inspect mechanical components and sound sources.,10.76,NORMAL
M001,2026-08-17 12:23:00,1.456,286.969,28.25,NORMAL,100.0,LOW,RISING,0,NONE,Continue normal monitoring.,21.61,NORMAL
M001,2026-08-17 12:23:02,0.962,279.939,28.25,NORMAL,100.0,LOW,STABLE,0,NONE,Continue normal monitoring.,10.83,NORMAL
M001,2026-08-17 12:23:04,0.795,221.745,28.25,NORMAL,100.0,LOW,STABLE,0,NONE,Continue normal monitoring.,5.69,NORMAL
M001,2026-08-17 12:23:06,2.382,238.993,28.25,WARNING_VIBRATION,72.0,MEDIUM,FALLING,1,EXCESSIVE_VIBRATION,Inspect motor and rotating components.,40.97,NORMAL
M001,2026-08-17 12:23:08,1.358,224.011,28.25,NORMAL,100.0,LOW,RISING,0,NONE,Continue normal monitoring.,10.3,NORMAL
M001,2026-08-17 12:23:10,1.167,232.904,28.25,NORMAL,100.0,LOW,STABLE,0,NONE,Continue normal monitoring.,2.66,NORMAL
M001,2026-08-17 12:23:12,0.982,234.986,28.25,NORMAL,100.0,LOW,STABLE,0,NONE,Continue normal monitoring.,1.59,NORMAL
M001,2026-08-17 12:23:14,1.288,250.74,28.25,NORMAL,100.0,LOW,STABLE,0,NONE,Continue normal monitoring.,4.17,NORMAL
M001,2026-08-17 12:23:16,0.587,231.337,28.25,NORMAL,100.0,LOW,STABLE,0,NONE,Continue normal monitoring.,3.61,NORMAL
M001,2026-08-17 12:23:18,0.907,270.674,28.25,NORMAL,100.0,LOW,STABLE,0,NONE,Continue normal monitoring.,6.53,NORMAL
M001,2026-08-17 12:23:21,1.205,243.308,28.25,NORMAL,100.0,LOW,STABLE,0,NONE,Continue normal monitoring.,2.9,NORMAL
M001,2026-08-17 12:23:23,1.129,259.968,28.25,NORMAL,100.0,LOW,STABLE,0,NONE,Continue normal monitoring.,3.56,NORMAL
M001,2026-08-17 12:23:25,0.977,190.732,28.25,NORMAL,100.0,LOW,STABLE,0,NONE,Continue normal monitoring.,21.92,NORMAL
M001,2026-08-17 12:23:27,0.663,245.373,28.25,NORMAL,100.0,LOW,STABLE,0,NONE,Continue normal monitoring.,0.77,NORMAL
M001,2026-08-17 12:23:29,0.98,217.483,28.25,NORMAL,100.0,LOW,STABLE,0,NONE,Continue normal monitoring.,8.26,NORMAL
M001,2026-08-17 12:23:31,0.564,264.884,28.25,NORMAL,100.0,LOW,STABLE,0,NONE,Continue normal monitoring.,5.64,NORMAL
M001,2026-08-17 12:23:33,0.962,227.135,28.25,NORMAL,100.0,LOW,STABLE,0,NONE,Continue normal monitoring.,3.76,NORMAL
M001,2026-08-17 12:23:35,0.91,232.126,28.25,NORMAL,100.0,LOW,STABLE,0,NONE,Continue normal monitoring.,1.18,NORMAL
M001,2026-08-17 12:23:37,0.944,229.643,28.25,NORMAL,100.0,LOW,STABLE,0,NONE,Continue normal monitoring.,2.7,NORMAL
M001,2026-08-17 12:23:39,1.506,249.736,28.25,NORMAL,100.0,LOW,STABLE,0,NONE,Continue normal monitoring.,10.12,NORMAL
M001,2026-08-17 12:23:41,1.401,213.656,28.25,NORMAL,100.0,LOW,STABLE,0,NONE,Continue normal monitoring.,14.26,NORMAL
M001,2026-08-17 12:23:43,1.058,257.391,28.25,NORMAL,100.0,LOW,STABLE,0,NONE,Continue normal monitoring.,3.07,NORMAL
M001,2026-08-17 12:23:46,1.205,253.346,28.25,NORMAL,100.0,LOW,STABLE,0,NONE,Continue normal monitoring.,3.05,NORMAL
M001,2026-08-17 12:23:48,2.02,223.598,28.25,WARNING_VIBRATION,72.0,MEDIUM,FALLING,1,EXCESSIVE_VIBRATION,Inspect motor and rotating components.,32.68,NORMAL
M001,2026-08-17 12:23:50,1.328,236.706,28.25,NORMAL,100.0,LOW,RISING,0,NONE,Continue normal monitoring.,5.51,NORMAL
M001,2026-08-17 12:23:52,1.337,276.727,28.25,NORMAL,100.0,LOW,STABLE,0,NONE,Continue normal monitoring.,14.32,NORMAL
M001,2026-08-17 12:23:54,1.026,195.317,28.25,NORMAL,100.0,LOW,STABLE,0,NONE,Continue normal monitoring.,21.08,NORMAL
M001,2026-08-17 12:23:56,1.398,213.318,28.25,NORMAL,100.0,LOW,STABLE,0,NONE,Continue normal monitoring.,14.85,NORMAL
M001,2026-08-17 12:23:58,1.219,221.632,28.25,WARNING_SOUND,72.0,MEDIUM,FALLING,1,MECHANICAL_ABNORMALITY,Inspect mechanical components and sound sources.,8.06,NORMAL
M001,2026-08-17 12:24:00,0.989,242.408,28.25,NORMAL,100.0,LOW,RISING,0,NONE,Continue normal monitoring.,1.55,NORMAL
M001,2026-08-17 12:24:02,1.276,254.917,28.25,NORMAL,100.0,LOW,STABLE,0,NONE,Continue normal monitoring.,4.31,NORMAL
M001,2026-08-17 12:24:04,1.208,221.0,28.25,NORMAL,100.0,LOW,STABLE,0,NONE,Continue normal monitoring.,8.14,NORMAL
M001,2026-08-17 12:24:06,1.499,389.362,28.25,WARNING_SOUND,72.0,MEDIUM,FALLING,1,MECHANICAL_ABNORMALITY,Inspect mechanical components and sound sources.,47.18,NORMAL
M001,2026-08-17 12:24:08,1.179,249.84,28.25,NORMAL,100.0,LOW,RISING,0,NONE,Continue normal monitoring.,1.86,NORMAL
M001,2026-08-17 12:24:11,0.857,245.566,28.25,NORMAL,100.0,LOW,STABLE,0,NONE,Continue normal monitoring.,1.14,NORMAL
M001,2026-08-17 12:24:13,1.055,239.605,28.25,NORMAL,100.0,LOW,STABLE,0,NONE,Continue normal monitoring.,2.24,NORMAL
M001,2026-08-17 12:24:15,0.927,224.494,28.25,NORMAL,100.0,LOW,STABLE,0,NONE,Continue normal monitoring.,4.56,NORMAL
M001,2026-08-17 12:24:17,1.52,254.677,28.25,NORMAL,100.0,LOW,STABLE,0,NONE,Continue normal monitoring.,10.35,NORMAL
M001,2026-08-17 12:24:19,0.933,266.231,28.25,NORMAL,100.0,LOW,STABLE,0,NONE,Continue normal monitoring.,4.87,NORMAL
M001,2026-08-17 12:24:21,0.69,273.392,28.25,WARNING_SOUND,72.0,MEDIUM,FALLING,1,MECHANICAL_ABNORMALITY,Inspect mechanical components and sound sources.,7.56,NORMAL
M001,2026-08-17 12:24:23,0.827,276.842,28.25,NORMAL,100.0,LOW,RISING,0,NONE,Continue normal monitoring.,10.93,NORMAL
M001,2026-08-17 12:24:25,0.826,227.701,28.25,NORMAL,100.0,LOW,STABLE,0,NONE,Continue normal monitoring.,3.99,NORMAL
M001,2026-08-17 12:24:27,1.018,250.317,28.25,NORMAL,100.0,LOW,STABLE,0,NONE,Continue normal monitoring.,1.72,NORMAL
M001,2026-08-17 12:24:29,1.552,261.737,28.25,NORMAL,100.0,LOW,STABLE,0,NONE,Continue normal monitoring.,12.81,NORMAL
M001,2026-08-17 12:24:31,1.55,275.429,28.25,NORMAL,100.0,LOW,STABLE,0,NONE,Continue normal monitoring.,19.4,NORMAL
M001,2026-08-17 12:24:33,1.603,250.402,28.25,NORMAL,100.0,LOW,STABLE,0,NONE,Continue normal monitoring.,14.29,NORMAL
M001,2026-08-17 12:24:35,0.863,240.879,28.25,WARNING_VIBRATION,72.0,MEDIUM,FALLING,1,EXCESSIVE_VIBRATION,Inspect motor and rotating components.,1.69,NORMAL
M001,2026-08-17 12:24:38,0.556,241.414,28.25,NORMAL,100.0,LOW,RISING,0,NONE,Continue normal monitoring.,2.8,NORMAL
M001,2026-08-17 12:24:40,0.349,253.861,28.25,NORMAL,100.0,LOW,STABLE,0,NONE,Continue normal monitoring.,2.67,NORMAL
M001,2026-08-17 12:24:42,0.439,239.677,28.25,NORMAL,100.0,LOW,STABLE,0,NONE,Continue normal monitoring.,2.71,NORMAL
M001,2026-08-17 12:24:44,0.626,262.54,28.25,NORMAL,100.0,LOW,STABLE,0,NONE,Continue normal monitoring.,4.32,NORMAL
M001,2026-08-17 12:24:46,2.43,277.195,28.25,WARNING_VIBRATION,72.0,MEDIUM,FALLING,1,EXCESSIVE_VIBRATION,Inspect motor and rotating components.,48.99,NORMAL
M001,2026-08-17 12:24:48,1.327,259.697,28.25,NORMAL,100.0,LOW,RISING,0,NONE,Continue normal monitoring.,6.55,NORMAL
M001,2026-08-17 12:24:50,1.344,277.735,28.25,NORMAL,100.0,LOW,STABLE,0,NONE,Continue normal monitoring.,14.46,NORMAL
M001,2026-08-17 12:24:52,0.665,237.083,28.25,NORMAL,100.0,LOW,STABLE,0,NONE,Continue normal monitoring.,2.1,NORMAL
M001,2026-08-17 12:24:54,0.928,226.9,28.25,NORMAL,100.0,LOW,STABLE,0,NONE,Continue normal monitoring.,2.99,NORMAL
M001,2026-08-17 12:24:56,1.046,255.422,28.25,NORMAL,100.0,LOW,STABLE,0,NONE,Continue normal monitoring.,2.55,NORMAL
M001,2026-08-17 12:24:58,1.201,253.121,28.25,NORMAL,100.0,LOW,STABLE,0,NONE,Continue normal monitoring.,2.67,NORMAL
M001,2026-08-17 12:25:00,0.935,263.097,28.25,NORMAL,100.0,LOW,STABLE,0,NONE,Continue normal monitoring.,3.59,NORMAL
M001,2026-08-17 12:25:03,0.74,222.956,28.25,NORMAL,100.0,LOW,STABLE,0,NONE,Continue normal monitoring.,5.76,NORMAL
M001,2026-08-17 12:25:05,1.58,208.624,28.25,NORMAL,100.0,LOW,STABLE,0,NONE,Continue normal monitoring.,22.24,NORMAL
M001,2026-08-17 12:25:07,0.913,245.286,28.25,NORMAL,100.0,LOW,STABLE,0,NONE,Continue normal monitoring.,0.28,NORMAL
M001,2026-08-17 12:25:09,1.093,241.901,28.25,NORMAL,100.0,LOW,STABLE,0,NONE,Continue normal monitoring.,2.09,NORMAL
M001,2026-08-17 12:25:11,1.416,234.244,28.25,NORMAL,100.0,LOW,STABLE,0,NONE,Continue normal monitoring.,7.94,NORMAL
M001,2026-08-17 12:25:13,1.004,226.184,28.25,NORMAL,100.0,LOW,STABLE,0,NONE,Continue normal monitoring.,4.73,NORMAL
M001,2026-08-17 12:25:15,1.449,232.629,28.25,NORMAL,100.0,LOW,STABLE,0,NONE,Continue normal monitoring.,9.08,NORMAL
M001,2026-08-17 12:25:17,0.931,271.453,28.25,NORMAL,100.0,LOW,STABLE,0,NONE,Continue normal monitoring.,7.11,NORMAL
M001,2026-08-17 12:25:19,0.887,217.645,28.25,NORMAL,100.0,LOW,STABLE,0,NONE,Continue normal monitoring.,7.73,NORMAL
M001,2026-08-17 12:25:21,1.111,246.48,28.25,NORMAL,100.0,LOW,STABLE,0,NONE,Continue normal monitoring.,1.16,NORMAL
M001,2026-08-17 12:25:23,1.471,243.728,28.25,NORMAL,100.0,LOW,STABLE,0,NONE,Continue normal monitoring.,9.02,NORMAL
M001,2026-08-17 12:25:25,0.652,235.743,28.25,NORMAL,100.0,LOW,STABLE,0,NONE,Continue normal monitoring.,2.24,NORMAL
M001,2026-08-17 12:25:27,1.259,256.724,28.25,NORMAL,100.0,LOW,STABLE,0,NONE,Continue normal monitoring.,4.54,NORMAL
M001,2026-08-17 12:25:30,1.221,255.977,28.25,NORMAL,100.0,LOW,STABLE,0,NONE,Continue normal monitoring.,3.87,NORMAL
M001,2026-08-17 12:25:32,1.017,248.401,28.25,NORMAL,100.0,LOW,STABLE,0,NONE,Continue normal monitoring.,1.49,NORMAL
M001,2026-08-17 12:25:34,0.902,238.279,28.25,NORMAL,100.0,LOW,STABLE,0,NONE,Continue normal monitoring.,0.6,NORMAL
M001,2026-08-17 12:25:36,1.069,240.056,28.25,NORMAL,100.0,LOW,STABLE,0,NONE,Continue normal monitoring.,2.69,NORMAL
M001,2026-08-17 12:25:38,0.403,206.101,28.25,NORMAL,100.0,LOW,STABLE,0,NONE,Continue normal monitoring.,18.5,NORMAL
M001,2026-08-17 12:25:40,1.177,281.922,28.25,NORMAL,100.0,LOW,STABLE,0,NONE,Continue normal monitoring.,12.95,NORMAL
M001,2026-08-17 12:25:42,1.27,241.616,28.25,NORMAL,100.0,LOW,STABLE,0,NONE,Continue normal monitoring.,3.42,NORMAL
M001,2026-08-17 12:25:44,0.729,224.949,28.25,NORMAL,100.0,LOW,STABLE,0,NONE,Continue normal monitoring.,5.45,NORMAL
M001,2026-08-17 12:25:46,1.358,274.183,28.25,NORMAL,100.0,LOW,STABLE,0,NONE,Continue normal monitoring.,14.53,NORMAL
M001,2026-08-17 12:25:48,1.588,226.107,28.25,NORMAL,100.0,LOW,STABLE,0,NONE,Continue normal monitoring.,15.32,NORMAL
M001,2026-08-17 12:25:50,1.405,206.427,28.25,WARNING_VIBRATION,72.0,MEDIUM,FALLING,1,EXCESSIVE_VIBRATION,Inspect motor and rotating components.,20.09,NORMAL
M001,2026-08-17 12:25:52,1.026,247.577,28.25,NORMAL,100.0,LOW,RISING,0,NONE,Continue normal monitoring.,1.8,NORMAL
M001,2026-08-17 12:25:55,1.001,234.38,28.25,NORMAL,100.0,LOW,STABLE,0,NONE,Continue normal monitoring.,2.43,NORMAL
M001,2026-08-17 12:25:57,1.46,284.811,28.25,NORMAL,100.0,LOW,STABLE,0,NONE,Continue normal monitoring.,21.18,NORMAL
M001,2026-08-17 12:25:59,0.984,224.62,28.25,NORMAL,100.0,LOW,STABLE,0,NONE,Continue normal monitoring.,5.08,NORMAL
M001,2026-08-17 12:26:01,1.06,193.889,28.25,NORMAL,100.0,LOW,STABLE,0,NONE,Continue normal monitoring.,21.91,NORMAL
M001,2026-08-17 12:26:03,1.268,243.986,28.25,NORMAL,100.0,LOW,STABLE,0,NONE,Continue normal monitoring.,3.14,NORMAL
M001,2026-08-17 12:26:05,1.793,260.151,28.25,NORMAL,100.0,LOW,STABLE,0,NONE,Continue normal monitoring.,21.01,NORMAL
M001,2026-08-17 12:26:07,1.603,202.367,28.25,NORMAL,100.0,LOW,STABLE,0,NONE,Continue normal monitoring.,27.37,NORMAL
M001,2026-08-17 12:26:09,1.692,241.863,28.25,NORMAL,100.0,LOW,STABLE,0,NONE,Continue normal monitoring.,17.25,NORMAL
M001,2026-08-17 12:26:11,1.449,228.113,28.25,NORMAL,100.0,LOW,STABLE,0,NONE,Continue normal monitoring.,9.79,NORMAL
M001,2026-08-17 12:26:13,1.374,238.536,28.25,NORMAL,100.0,LOW,STABLE,0,NONE,Continue normal monitoring.,6.9,NORMAL
M001,2026-08-17 12:26:15,1.361,227.077,28.25,NORMAL,100.0,LOW,STABLE,0,NONE,Continue normal monitoring.,8.49,NORMAL
M001,2026-08-17 12:26:17,1.18,243.132,28.25,NORMAL,100.0,LOW,STABLE,0,NONE,Continue normal monitoring.,2.15,NORMAL
M001,2026-08-17 12:26:19,0.585,240.844,28.25,NORMAL,100.0,LOW,STABLE,0,NONE,Continue normal monitoring.,2.27,NORMAL
M001,2026-08-17 12:26:22,0.943,258.721,28.25,NORMAL,100.0,LOW,STABLE,0,NONE,Continue normal monitoring.,2.41,NORMAL
M001,2026-08-17 12:26:24,1.112,220.421,28.25,NORMAL,100.0,LOW,STABLE,0,NONE,Continue normal monitoring.,7.04,NORMAL
M001,2026-08-17 12:26:26,0.99,241.691,28.25,NORMAL,100.0,LOW,STABLE,0,NONE,Continue normal monitoring.,1.4,NORMAL
M001,2026-08-17 12:26:28,1.043,264.993,28.25,NORMAL,100.0,LOW,STABLE,0,NONE,Continue normal monitoring.,5.83,NORMAL
M001,2026-08-17 12:26:30,1.069,236.88,28.25,NORMAL,100.0,LOW,STABLE,0,NONE,Continue normal monitoring.,2.24,NORMAL
M001,2026-08-17 12:26:32,0.633,243.963,28.25,NORMAL,100.0,LOW,STABLE,0,NONE,Continue normal monitoring.,1.02,NORMAL
M001,2026-08-17 12:26:34,1.428,239.844,28.25,NORMAL,100.0,LOW,STABLE,0,NONE,Continue normal monitoring.,7.42,NORMAL
M001,2026-08-17 12:26:36,1.048,232.579,28.25,NORMAL,100.0,LOW,STABLE,0,NONE,Continue normal monitoring.,2.65,NORMAL
M001,2026-08-17 12:26:38,0.882,238.491,28.25,NORMAL,100.0,LOW,STABLE,0,NONE,Continue normal monitoring.,1.07,NORMAL
M001,2026-08-17 12:26:40,0.906,220.868,28.25,NORMAL,100.0,LOW,STABLE,0,NONE,Continue normal monitoring.,5.84,NORMAL
M001,2026-08-17 12:26:42,1.323,260.104,28.25,NORMAL,100.0,LOW,STABLE,0,NONE,Continue normal monitoring.,6.58,NORMAL
M001,2026-08-17 12:26:44,1.572,211.595,28.25,NORMAL,100.0,LOW,STABLE,0,NONE,Continue normal monitoring.,19.89,NORMAL
M001,2026-08-17 12:26:47,1.564,251.868,28.25,WARNING_VIBRATION,72.0,MEDIUM,FALLING,1,EXCESSIVE_VIBRATION,Inspect motor and rotating components.,11.38,NORMAL
M001,2026-08-17 12:26:49,1.048,279.624,28.25,NORMAL,100.0,LOW,RISING,0,NONE,Continue normal monitoring.,12.34,NORMAL
M001,2026-08-17 12:26:51,0.815,257.644,28.25,NORMAL,100.0,LOW,STABLE,0,NONE,Continue normal monitoring.,2.37,NORMAL
M001,2026-08-17 12:26:53,0.989,272.682,28.25,NORMAL,100.0,LOW,STABLE,0,NONE,Continue normal monitoring.,7.97,NORMAL
M001,2026-08-17 12:26:55,1.333,222.934,28.25,NORMAL,100.0,LOW,STABLE,0,NONE,Continue normal monitoring.,9.04,NORMAL
M001,2026-08-17 12:26:57,1.14,236.348,28.25,NORMAL,100.0,LOW,STABLE,0,NONE,Continue normal monitoring.,2.44,NORMAL
M001,2026-08-17 12:26:59,1.259,244.867,28.25,NORMAL,100.0,LOW,STABLE,0,NONE,Continue normal monitoring.,3.27,NORMAL
M001,2026-08-17 12:27:01,1.357,230.807,28.25,NORMAL,100.0,LOW,STABLE,0,NONE,Continue normal monitoring.,7.63,NORMAL
M001,2026-08-17 12:27:03,0.762,258.715,28.25,NORMAL,100.0,LOW,STABLE,0,NONE,Continue normal monitoring.,2.57,NORMAL
M001,2026-08-17 12:27:05,0.551,241.348,28.25,NORMAL,100.0,LOW,STABLE,0,NONE,Continue normal monitoring.,3.04,NORMAL
M001,2026-08-17 12:27:07,0.896,265.796,28.25,NORMAL,100.0,LOW,STABLE,0,NONE,Continue normal monitoring.,4.62,NORMAL
M001,2026-08-17 12:27:09,1.424,234.337,28.25,NORMAL,100.0,LOW,STABLE,0,NONE,Continue normal monitoring.,8.06,NORMAL
M001,2026-08-17 12:27:11,1.21,213.623,28.25,NORMAL,100.0,LOW,STABLE,0,NONE,Continue normal monitoring.,10.58,NORMAL
M001,2026-08-17 12:27:14,1.234,226.077,28.25,NORMAL,100.0,LOW,STABLE,0,NONE,Continue normal monitoring.,5.8,NORMAL
M001,2026-08-17 12:27:16,0.998,257.266,28.25,NORMAL,100.0,LOW,STABLE,0,NONE,Continue normal monitoring.,2.64,NORMAL
M001,2026-08-17 12:27:18,1.22,280.469,28.25,NORMAL,100.0,LOW,STABLE,0,NONE,Continue normal monitoring.,13.47,NORMAL
M001,2026-08-17 12:27:20,1.426,239.666,28.25,NORMAL,100.0,LOW,STABLE,0,NONE,Continue normal monitoring.,7.24,NORMAL
M001,2026-08-17 12:27:22,1.255,258.311,28.25,NORMAL,100.0,LOW,STABLE,0,NONE,Continue normal monitoring.,4.78,NORMAL
M001,2026-08-17 12:27:24,1.271,253.7,28.25,NORMAL,100.0,LOW,STABLE,0,NONE,Continue normal monitoring.,3.89,NORMAL
M001,2026-08-17 12:27:26,1.403,247.328,28.25,NORMAL,100.0,LOW,STABLE,0,NONE,Continue normal monitoring.,6.92,NORMAL
M001,2026-08-17 12:27:28,0.758,245.324,28.25,NORMAL,100.0,LOW,STABLE,0,NONE,Continue normal monitoring.,0.68,NORMAL
M001,2026-08-17 12:27:30,0.902,256.229,28.25,NORMAL,100.0,LOW,STABLE,0,NONE,Continue normal monitoring.,1.42,NORMAL
M001,2026-08-17 12:27:32,0.947,231.07,28.25,NORMAL,100.0,LOW,STABLE,0,NONE,Continue normal monitoring.,2.0,NORMAL
M001,2026-08-17 12:27:34,0.518,230.367,28.25,NORMAL,100.0,LOW,STABLE,0,NONE,Continue normal monitoring.,4.2,NORMAL
M001,2026-08-17 12:27:36,0.865,230.198,28.25,NORMAL,100.0,LOW,STABLE,0,NONE,Continue normal monitoring.,3.08,NORMAL
M001,2026-08-17 12:27:39,1.426,268.379,28.25,NORMAL,100.0,LOW,STABLE,0,NONE,Continue normal monitoring.,12.38,NORMAL
M001,2026-08-17 12:27:41,1.091,210.23,28.25,NORMAL,100.0,LOW,STABLE,0,NONE,Continue normal monitoring.,11.99,NORMAL
M001,2026-08-17 12:27:43,0.888,290.045,28.25,NORMAL,100.0,LOW,STABLE,0,NONE,Continue normal monitoring.,14.35,NORMAL
M001,2026-08-17 12:27:45,1.334,252.732,28.25,NORMAL,100.0,LOW,STABLE,0,NONE,Continue normal monitoring.,5.43,NORMAL
M001,2026-08-17 12:27:47,1.483,228.89,28.25,NORMAL,100.0,LOW,STABLE,0,NONE,Continue normal monitoring.,10.47,NORMAL
M001,2026-08-17 12:27:49,1.348,230.717,28.25,WARNING_VIBRATION,72.0,MEDIUM,FALLING,1,EXCESSIVE_VIBRATION,Inspect motor and rotating components.,6.8,NORMAL
M001,2026-08-17 12:27:51,1.449,253.729,28.25,NORMAL,100.0,LOW,RISING,0,NONE,Continue normal monitoring.,8.51,NORMAL
M001,2026-08-17 12:27:53,1.284,278.947,28.25,NORMAL,100.0,LOW,STABLE,0,NONE,Continue normal monitoring.,13.53,NORMAL
M001,2026-08-17 12:27:55,0.906,211.644,28.25,NORMAL,100.0,LOW,STABLE,0,NONE,Continue normal monitoring.,9.95,NORMAL
M001,2026-08-17 12:27:57,0.756,234.059,28.25,NORMAL,100.0,LOW,STABLE,0,NONE,Continue normal monitoring.,2.53,NORMAL
M001,2026-08-17 12:27:59,1.295,227.26,28.25,NORMAL,100.0,LOW,STABLE,0,NONE,Continue normal monitoring.,6.34,NORMAL
M001,2026-08-17 12:28:01,0.913,212.696,28.25,NORMAL,100.0,LOW,STABLE,0,NONE,Continue normal monitoring.,9.72,NORMAL
M001,2026-08-17 12:28:04,0.413,234.54,28.25,NORMAL,100.0,LOW,STABLE,0,NONE,Continue normal monitoring.,3.47,NORMAL
M001,2026-08-17 12:28:06,0.906,236.501,28.25,NORMAL,100.0,LOW,STABLE,0,NONE,Continue normal monitoring.,0.64,NORMAL
M001,2026-08-17 12:28:08,0.439,237.516,28.25,NORMAL,100.0,LOW,STABLE,0,NONE,Continue normal monitoring.,3.26,NORMAL
M001,2026-08-17 12:28:10,1.124,239.154,28.25,NORMAL,100.0,LOW,STABLE,0,NONE,Continue normal monitoring.,2.11,NORMAL
M001,2026-08-17 12:28:12,0.799,238.316,28.25,NORMAL,100.0,LOW,STABLE,0,NONE,Continue normal monitoring.,1.45,NORMAL
M001,2026-08-17 12:28:14,1.017,253.524,28.25,NORMAL,100.0,LOW,STABLE,0,NONE,Continue normal monitoring.,2.29,NORMAL
M001,2026-08-17 12:28:16,1.001,229.088,28.25,NORMAL,100.0,LOW,STABLE,0,NONE,Continue normal monitoring.,3.33,NORMAL
M001,2026-08-17 12:28:18,0.719,234.745,28.25,NORMAL,100.0,LOW,STABLE,0,NONE,Continue normal monitoring.,3.03,NORMAL
M001,2026-08-17 12:28:20,0.757,241.359,28.25,NORMAL,100.0,LOW,STABLE,0,NONE,Continue normal monitoring.,1.19,NORMAL
M001,2026-08-17 12:28:22,0.799,246.876,28.25,NORMAL,100.0,LOW,STABLE,0,NONE,Continue normal monitoring.,0.4,NORMAL
M001,2026-08-17 12:28:24,1.35,260.723,28.25,WARNING_SOUND,72.0,MEDIUM,FALLING,1,MECHANICAL_ABNORMALITY,Inspect mechanical components and sound sources.,8.0,NORMAL
M001,2026-08-17 12:28:26,0.949,244.263,28.25,NORMAL,100.0,LOW,RISING,0,NONE,Continue normal monitoring.,0.75,NORMAL
M001,2026-08-17 12:28:28,0.905,232.322,28.25,NORMAL,100.0,LOW,STABLE,0,NONE,Continue normal monitoring.,1.19,NORMAL
M001,2026-08-17 12:28:31,0.942,254.449,28.25,NORMAL,100.0,LOW,STABLE,0,NONE,Continue normal monitoring.,1.47,NORMAL
M001,2026-08-17 12:28:33,1.043,272.406,28.25,NORMAL,100.0,LOW,STABLE,0,NONE,Continue normal monitoring.,8.92,NORMAL
M001,2026-08-17 12:28:35,1.05,252.93,28.25,NORMAL,100.0,LOW,STABLE,0,NONE,Continue normal monitoring.,2.06,NORMAL
M001,2026-08-17 12:28:37,1.158,241.71,28.25,NORMAL,100.0,LOW,STABLE,0,NONE,Continue normal monitoring.,1.98,NORMAL
M001,2026-08-17 12:28:39,1.276,238.122,28.25,NORMAL,100.0,LOW,STABLE,0,NONE,Continue normal monitoring.,4.18,NORMAL
M001,2026-08-17 12:28:41,1.126,240.577,28.25,NORMAL,100.0,LOW,STABLE,0,NONE,Continue normal monitoring.,2.23,NORMAL
M001,2026-08-17 12:28:43,1.085,256.471,28.25,NORMAL,100.0,LOW,STABLE,0,NONE,Continue normal monitoring.,2.94,NORMAL
M001,2026-08-17 12:28:45,0.896,235.747,28.25,NORMAL,100.0,LOW,STABLE,0,NONE,Continue normal monitoring.,0.78,NORMAL
M001,2026-08-17 12:28:47,1.105,237.155,28.25,NORMAL,100.0,LOW,STABLE,0,NONE,Continue normal monitoring.,2.01,NORMAL
M001,2026-08-17 12:28:49,1.231,295.298,28.25,WARNING_SOUND,72.0,MEDIUM,FALLING,1,MECHANICAL_ABNORMALITY,Inspect mechanical components and sound sources.,20.52,NORMAL
M001,2026-08-17 12:28:51,1.238,227.922,28.25,NORMAL,100.0,LOW,RISING,0,NONE,Continue normal monitoring.,5.17,NORMAL
M001,2026-08-17 12:28:53,1.23,240.58,28.25,NORMAL,100.0,LOW,STABLE,0,NONE,Continue normal monitoring.,3.38,NORMAL
M001,2026-08-17 12:28:56,0.913,247.588,28.25,NORMAL,100.0,LOW,STABLE,0,NONE,Continue normal monitoring.,0.33,NORMAL
M001,2026-08-17 12:28:58,0.952,242.343,28.25,NORMAL,100.0,LOW,STABLE,0,NONE,Continue normal monitoring.,1.23,NORMAL
M001,2026-08-17 12:29:00,1.386,258.04,28.25,NORMAL,100.0,LOW,STABLE,0,NONE,Continue normal monitoring.,7.78,NORMAL
M001,2026-08-17 12:29:02,0.865,249.094,28.25,NORMAL,100.0,LOW,STABLE,0,NONE,Continue normal monitoring.,1.04,NORMAL
M001,2026-08-17 12:29:04,1.444,226.002,28.25,NORMAL,100.0,LOW,STABLE,0,NONE,Continue normal monitoring.,10.27,NORMAL
M001,2026-08-17 12:29:06,0.683,233.427,28.25,NORMAL,100.0,LOW,STABLE,0,NONE,Continue normal monitoring.,2.46,NORMAL
M001,2026-08-17 12:29:08,1.437,229.331,28.25,NORMAL,100.0,LOW,STABLE,0,NONE,Continue normal monitoring.,8.98,NORMAL
M001,2026-08-17 12:29:10,0.957,226.599,28.25,NORMAL,100.0,LOW,STABLE,0,NONE,Continue normal monitoring.,4.23,NORMAL
M001,2026-08-17 12:29:12,1.413,260.827,28.25,NORMAL,100.0,LOW,STABLE,0,NONE,Continue normal monitoring.,8.66,NORMAL
M001,2026-08-17 12:29:14,1.381,223.031,28.25,NORMAL,100.0,LOW,STABLE,0,NONE,Continue normal monitoring.,10.29,NORMAL
M001,2026-08-17 12:29:16,0.701,429.665,28.25,WARNING_SOUND,72.0,MEDIUM,FALLING,1,MECHANICAL_ABNORMALITY,Inspect mechanical components and sound sources.,49.81,NORMAL
M001,2026-08-17 12:29:18,1.005,217.216,28.25,NORMAL,100.0,LOW,RISING,0,NONE,Continue normal monitoring.,9.11,NORMAL
M001,2026-08-17 12:29:20,0.948,228.118,28.25,NORMAL,100.0,LOW,STABLE,0,NONE,Continue normal monitoring.,3.09,NORMAL
M001,2026-08-17 12:29:23,0.605,237.106,28.25,NORMAL,100.0,LOW,STABLE,0,NONE,Continue normal monitoring.,2.38,NORMAL
M001,2026-08-17 12:29:25,0.788,218.049,28.25,NORMAL,100.0,LOW,STABLE,0,NONE,Continue normal monitoring.,7.49,NORMAL
M001,2026-08-17 12:29:27,0.653,238.963,28.25,NORMAL,100.0,LOW,STABLE,0,NONE,Continue normal monitoring.,1.75,NORMAL
M001,2026-08-17 12:29:29,1.232,230.653,28.25,NORMAL,100.0,LOW,STABLE,0,NONE,Continue normal monitoring.,4.0,NORMAL
M001,2026-08-17 12:29:31,0.651,211.418,28.25,NORMAL,100.0,LOW,STABLE,0,NONE,Continue normal monitoring.,11.6,NORMAL
M001,2026-08-17 12:29:33,0.578,277.901,28.25,NORMAL,100.0,LOW,STABLE,0,NONE,Continue normal monitoring.,10.53,NORMAL
M001,2026-08-17 12:29:35,1.775,232.02,28.25,WARNING_VIBRATION,72.0,MEDIUM,FALLING,1,EXCESSIVE_VIBRATION,Inspect motor and rotating components.,19.99,NORMAL
M001,2026-08-17 12:29:37,0.859,251.953,28.25,NORMAL,100.0,LOW,RISING,0,NONE,Continue normal monitoring.,1.6,NORMAL
M001,2026-08-17 12:29:39,1.477,245.065,28.25,NORMAL,100.0,LOW,STABLE,0,NONE,Continue normal monitoring.,8.48,NORMAL
M001,2026-08-17 12:29:41,0.831,245.859,28.25,NORMAL,100.0,LOW,STABLE,0,NONE,Continue normal monitoring.,1.24,NORMAL
M001,2026-08-17 12:29:43,1.419,201.804,28.25,NORMAL,100.0,LOW,STABLE,0,NONE,Continue normal monitoring.,21.92,NORMAL
M001,2026-08-17 12:29:45,1.214,222.519,28.25,NORMAL,100.0,LOW,STABLE,0,NONE,Continue normal monitoring.,7.2,NORMAL
M001,2026-08-17 12:29:48,0.898,253.108,28.25,NORMAL,100.0,LOW,STABLE,0,NONE,Continue normal monitoring.,1.01,NORMAL
M001,2026-08-17 12:29:50,0.615,245.944,28.25,NORMAL,100.0,LOW,STABLE,0,NONE,Continue normal monitoring.,1.2,NORMAL
M001,2026-08-17 12:29:52,1.325,252.844,28.25,NORMAL,100.0,LOW,STABLE,0,NONE,Continue normal monitoring.,5.28,NORMAL
M001,2026-08-17 12:29:54,0.829,333.306,28.25,WARNING_SOUND,72.0,MEDIUM,FALLING,1,MECHANICAL_ABNORMALITY,Inspect mechanical components and sound sources.,29.9,NORMAL
M001,2026-08-17 12:29:56,1.14,258.577,28.25,NORMAL,100.0,LOW,RISING,0,NONE,Continue normal monitoring.,3.5,NORMAL
M001,2026-08-17 12:29:58,0.76,234.497,28.25,NORMAL,100.0,LOW,STABLE,0,NONE,Continue normal monitoring.,2.59,NORMAL
M001,2026-08-17 12:30:00,0.654,240.032,28.25,NORMAL,100.0,LOW,STABLE,0,NONE,Continue normal monitoring.,1.61,NORMAL
M001,2026-08-17 12:30:02,0.464,264.253,28.25,NORMAL,100.0,LOW,STABLE,0,NONE,Continue normal monitoring.,5.44,NORMAL
M001,2026-08-17 12:30:04,1.066,257.553,28.25,NORMAL,100.0,LOW,STABLE,0,NONE,Continue normal monitoring.,3.18,NORMAL
M001,2026-08-17 12:30:06,1.091,229.742,28.25,NORMAL,100.0,LOW,STABLE,0,NONE,Continue normal monitoring.,3.39,NORMAL
M001,2026-08-17 12:30:08,0.954,207.143,28.25,NORMAL,100.0,LOW,STABLE,0,NONE,Continue normal monitoring.,13.95,NORMAL
M001,2026-08-17 12:30:10,1.342,235.567,28.25,NORMAL,100.0,LOW,STABLE,0,NONE,Continue normal monitoring.,6.04,NORMAL
M001,2026-08-17 12:30:12,0.664,261.044,28.25,NORMAL,100.0,LOW,STABLE,0,NONE,Continue normal monitoring.,3.05,NORMAL
M001,2026-08-17 12:30:15,0.81,240.76,28.25,NORMAL,100.0,LOW,STABLE,0,NONE,Continue normal monitoring.,1.53,NORMAL
M001,2026-08-17 12:30:17,0.788,220.091,28.25,NORMAL,100.0,LOW,STABLE,0,NONE,Continue normal monitoring.,6.5,NORMAL
M001,2026-08-17 12:30:19,0.329,245.563,28.25,NORMAL,100.0,LOW,STABLE,0,NONE,Continue normal monitoring.,2.65,NORMAL
M001,2026-08-17 12:30:21,0.549,221.382,28.25,NORMAL,100.0,LOW,STABLE,0,NONE,Continue normal monitoring.,9.05,NORMAL
M001,2026-08-17 12:30:23,1.387,236.513,28.25,NORMAL,100.0,LOW,STABLE,0,NONE,Continue normal monitoring.,7.0,NORMAL
M001,2026-08-17 12:30:25,1.124,218.248,28.25,NORMAL,100.0,LOW,STABLE,0,NONE,Continue normal monitoring.,8.06,NORMAL
M001,2026-08-17 12:30:27,1.158,253.999,28.25,NORMAL,100.0,LOW,STABLE,0,NONE,Continue normal monitoring.,2.41,NORMAL
M001,2026-08-17 12:30:29,0.974,275.271,28.25,NORMAL,100.0,LOW,STABLE,0,NONE,Continue normal monitoring.,9.21,NORMAL
M001,2026-08-17 12:30:31,0.639,230.195,28.25,NORMAL,100.0,LOW,STABLE,0,NONE,Continue normal monitoring.,3.05,NORMAL
M001,2026-08-17 12:30:33,0.813,238.827,28.25,NORMAL,100.0,LOW,STABLE,0,NONE,Continue normal monitoring.,1.63,NORMAL
M001,2026-08-17 12:30:35,1.022,253.214,28.25,NORMAL,100.0,LOW,STABLE,0,NONE,Continue normal monitoring.,2.15,NORMAL
M001,2026-08-17 12:30:37,1.119,238.506,28.25,NORMAL,100.0,LOW,STABLE,0,NONE,Continue normal monitoring.,2.29,NORMAL
M001,2026-08-17 12:30:40,1.437,296.57,28.25,NORMAL,100.0,LOW,STABLE,0,NONE,Continue normal monitoring.,26.69,NORMAL
M001,2026-08-17 12:30:42,0.728,230.535,28.25,NORMAL,100.0,LOW,STABLE,0,NONE,Continue normal monitoring.,3.81,NORMAL
M001,2026-08-17 12:30:44,1.048,231.968,28.25,NORMAL,100.0,LOW,STABLE,0,NONE,Continue normal monitoring.,2.83,NORMAL
M001,2026-08-17 12:30:46,0.581,223.028,28.25,NORMAL,100.0,LOW,STABLE,0,NONE,Continue normal monitoring.,6.42,NORMAL
M001,2026-08-17 12:30:48,1.207,254.191,28.25,NORMAL,100.0,LOW,STABLE,0,NONE,Continue normal monitoring.,3.51,NORMAL
M001,2026-08-17 12:30:50,0.865,263.938,28.25,NORMAL,100.0,LOW,STABLE,0,NONE,Continue normal monitoring.,4.11,NORMAL
M001,2026-08-17 12:30:52,0.814,244.757,28.25,NORMAL,100.0,LOW,STABLE,0,NONE,Continue normal monitoring.,0.81,NORMAL
M001,2026-08-17 12:30:54,0.823,212.841,28.25,NORMAL,100.0,LOW,STABLE,0,NONE,Continue normal monitoring.,10.3,NORMAL
M001,2026-08-17 12:30:56,0.867,248.658,28.25,NORMAL,100.0,LOW,STABLE,0,NONE,Continue normal monitoring.,0.83,NORMAL
M001,2026-08-17 12:30:58,1.037,267.488,28.25,NORMAL,100.0,LOW,STABLE,0,NONE,Continue normal monitoring.,6.67,NORMAL
M001,2026-08-17 12:31:00,0.392,256.493,28.25,NORMAL,100.0,LOW,STABLE,0,NONE,Continue normal monitoring.,3.47,NORMAL
M001,2026-08-17 12:31:02,0.508,255.088,28.25,NORMAL,100.0,LOW,STABLE,0,NONE,Continue normal monitoring.,2.53,NORMAL
M001,2026-08-17 12:31:05,0.614,252.08,28.25,NORMAL,100.0,LOW,STABLE,0,NONE,Continue normal monitoring.,1.69,NORMAL
M001,2026-08-17 12:31:07,1.187,249.103,28.25,NORMAL,100.0,LOW,STABLE,0,NONE,Continue normal monitoring.,2.08,NORMAL
M001,2026-08-17 12:31:09,0.95,241.43,28.25,NORMAL,100.0,LOW,STABLE,0,NONE,Continue normal monitoring.,1.19,NORMAL
M001,2026-08-17 12:31:11,0.844,227.308,28.25,NORMAL,100.0,LOW,STABLE,0,NONE,Continue normal monitoring.,3.97,NORMAL
M001,2026-08-17 12:31:13,0.932,228.667,28.25,NORMAL,100.0,LOW,STABLE,0,NONE,Continue normal monitoring.,2.51,NORMAL
M001,2026-08-17 12:31:15,0.815,233.476,28.25,NORMAL,100.0,LOW,STABLE,0,NONE,Continue normal monitoring.,2.11,NORMAL
M001,2026-08-17 12:31:17,1.043,230.96,28.25,NORMAL,100.0,LOW,STABLE,0,NONE,Continue normal monitoring.,3.02,NORMAL
M001,2026-08-17 12:31:19,0.786,265.815,28.25,NORMAL,100.0,LOW,STABLE,0,NONE,Continue normal monitoring.,4.9,NORMAL
M001,2026-08-17 12:31:21,0.89,264.081,28.25,NORMAL,100.0,LOW,STABLE,0,NONE,Continue normal monitoring.,3.48,NORMAL
M001,2026-08-17 12:31:23,1.063,234.243,28.25,NORMAL,100.0,LOW,STABLE,0,NONE,Continue normal monitoring.,2.67,NORMAL
M001,2026-08-17 12:31:25,1.531,255.253,28.25,NORMAL,100.0,LOW,STABLE,0,NONE,Continue normal monitoring.,10.7,NORMAL
M001,2026-08-17 12:31:27,1.02,264.037,28.25,NORMAL,100.0,LOW,STABLE,0,NONE,Continue normal monitoring.,4.96,NORMAL
M001,2026-08-17 12:31:30,1.151,260.239,28.25,NORMAL,100.0,LOW,STABLE,0,NONE,Continue normal monitoring.,3.67,NORMAL
M001,2026-08-17 12:31:32,0.849,248.561,28.25,NORMAL,100.0,LOW,STABLE,0,NONE,Continue normal monitoring.,1.22,NORMAL
M001,2026-08-17 12:31:34,0.909,245.008,28.25,NORMAL,100.0,LOW,STABLE,0,NONE,Continue normal monitoring.,0.02,NORMAL
M001,2026-08-17 12:31:36,1.19,239.129,28.25,NORMAL,100.0,LOW,STABLE,0,NONE,Continue normal monitoring.,2.6,NORMAL
M001,2026-08-17 12:31:38,0.745,331.057,28.25,WARNING_SOUND,72.0,MEDIUM,FALLING,1,MECHANICAL_ABNORMALITY,Inspect mechanical components and sound sources.,29.15,NORMAL
M001,2026-08-17 12:31:40,1.037,235.268,28.25,NORMAL,100.0,LOW,RISING,0,NONE,Continue normal monitoring.,2.8,NORMAL
M001,2026-08-17 12:31:42,1.129,244.875,28.25,NORMAL,100.0,LOW,STABLE,0,NONE,Continue normal monitoring.,1.7,NORMAL
M001,2026-08-17 12:31:44,1.034,250.973,28.25,NORMAL,100.0,LOW,STABLE,0,NONE,Continue normal monitoring.,2.21,NORMAL
M001,2026-08-17 12:31:46,0.973,232.796,28.25,NORMAL,100.0,LOW,STABLE,0,NONE,Continue normal monitoring.,2.0,NORMAL
M001,2026-08-17 12:31:48,1.163,251.86,28.25,NORMAL,100.0,LOW,STABLE,0,NONE,Continue normal monitoring.,1.9,NORMAL
M001,2026-08-17 12:31:50,0.973,262.474,28.25,NORMAL,100.0,LOW,STABLE,0,NONE,Continue normal monitoring.,4.43,NORMAL
M001,2026-08-17 12:31:52,1.607,232.706,28.25,NORMAL,100.0,LOW,STABLE,0,NONE,Continue normal monitoring.,14.84,NORMAL
M001,2026-08-17 12:31:54,1.348,236.573,28.25,NORMAL,100.0,LOW,STABLE,0,NONE,Continue normal monitoring.,6.14,NORMAL
M001,2026-08-17 12:31:57,0.873,248.247,28.25,NORMAL,100.0,LOW,STABLE,0,NONE,Continue normal monitoring.,0.43,NORMAL
M001,2026-08-17 12:31:59,0.865,270.733,28.25,NORMAL,100.0,LOW,STABLE,0,NONE,Continue normal monitoring.,6.85,NORMAL
M001,2026-08-17 12:32:01,0.664,245.511,28.25,NORMAL,100.0,LOW,STABLE,0,NONE,Continue normal monitoring.,0.77,NORMAL
M001,2026-08-17 12:32:03,0.76,222.076,28.25,NORMAL,100.0,LOW,STABLE,0,NONE,Continue normal monitoring.,6.17,NORMAL
M001,2026-08-17 12:32:05,0.882,254.092,28.25,NORMAL,100.0,LOW,STABLE,0,NONE,Continue normal monitoring.,0.96,NORMAL
M001,2026-08-17 12:32:07,0.842,234.876,28.25,NORMAL,100.0,LOW,STABLE,0,NONE,Continue normal monitoring.,2.33,NORMAL
M001,2026-08-17 12:32:09,0.659,247.096,28.25,NORMAL,100.0,LOW,STABLE,0,NONE,Continue normal monitoring.,0.81,NORMAL
M001,2026-08-17 12:32:11,1.068,250.41,28.25,NORMAL,100.0,LOW,STABLE,0,NONE,Continue normal monitoring.,1.93,NORMAL
M001,2026-08-17 12:32:13,0.943,283.611,28.25,NORMAL,100.0,LOW,STABLE,0,NONE,Continue normal monitoring.,12.21,NORMAL
M001,2026-08-17 12:32:15,0.716,282.963,28.25,NORMAL,100.0,LOW,STABLE,0,NONE,Continue normal monitoring.,12.78,NORMAL
M001,2026-08-17 12:32:17,0.753,249.389,28.25,NORMAL,100.0,LOW,STABLE,0,NONE,Continue normal monitoring.,1.02,NORMAL
M001,2026-08-17 12:32:19,1.553,260.535,28.25,NORMAL,100.0,LOW,STABLE,0,NONE,Continue normal monitoring.,12.56,NORMAL
M001,2026-08-17 12:32:21,1.083,234.546,28.25,NORMAL,100.0,LOW,STABLE,0,NONE,Continue normal monitoring.,2.64,NORMAL
M001,2026-08-17 12:32:24,1.362,213.473,28.25,NORMAL,100.0,LOW,STABLE,0,NONE,Continue normal monitoring.,14.22,NORMAL
M001,2026-08-17 12:32:26,1.268,234.002,28.25,NORMAL,100.0,LOW,STABLE,0,NONE,Continue normal monitoring.,3.87,NORMAL
M001,2026-08-17 12:32:28,0.814,244.624,28.25,NORMAL,100.0,LOW,STABLE,0,NONE,Continue normal monitoring.,0.81,NORMAL
M001,2026-08-17 12:32:30,1.011,234.866,28.25,NORMAL,100.0,LOW,STABLE,0,NONE,Continue normal monitoring.,2.29,NORMAL
M001,2026-08-17 12:32:32,0.963,252.45,28.25,NORMAL,100.0,LOW,STABLE,0,NONE,Continue normal monitoring.,1.51,NORMAL
M001,2026-08-17 12:32:34,1.312,259.079,28.25,NORMAL,100.0,LOW,STABLE,0,NONE,Continue normal monitoring.,6.12,NORMAL
M001,2026-08-17 12:32:36,1.262,247.015,28.25,NORMAL,100.0,LOW,STABLE,0,NONE,Continue normal monitoring.,3.01,NORMAL
M001,2026-08-17 12:32:38,1.41,262.305,28.25,NORMAL,100.0,LOW,STABLE,0,NONE,Continue normal monitoring.,9.26,NORMAL
M001,2026-08-17 12:32:40,1.308,234.165,28.25,NORMAL,100.0,LOW,STABLE,0,NONE,Continue normal monitoring.,5.28,NORMAL
M001,2026-08-17 12:32:42,0.788,255.743,28.25,NORMAL,100.0,LOW,STABLE,0,NONE,Continue normal monitoring.,1.56,NORMAL
M001,2026-08-17 12:32:44,1.278,320.004,28.25,WARNING_SOUND,72.0,MEDIUM,FALLING,1,MECHANICAL_ABNORMALITY,Inspect mechanical components and sound sources.,28.37,NORMAL
M001,2026-08-17 12:32:46,1.268,230.14,28.25,NORMAL,100.0,LOW,RISING,0,NONE,Continue normal monitoring.,4.75,NORMAL
M001,2026-08-17 12:32:49,1.138,263.348,28.25,NORMAL,100.0,LOW,STABLE,0,NONE,Continue normal monitoring.,4.84,NORMAL
M001,2026-08-17 12:32:51,0.998,251.305,28.25,NORMAL,100.0,LOW,STABLE,0,NONE,Continue normal monitoring.,1.7,NORMAL
M001,2026-08-17 12:32:53,1.312,226.257,28.25,NORMAL,100.0,LOW,STABLE,0,NONE,Continue normal monitoring.,7.19,NORMAL
M001,2026-08-17 12:32:55,1.094,251.431,28.25,NORMAL,100.0,LOW,STABLE,0,NONE,Continue normal monitoring.,1.89,NORMAL
M001,2026-08-17 12:32:57,1.167,201.99,28.25,NORMAL,100.0,LOW,STABLE,0,NONE,Continue normal monitoring.,17.44,NORMAL
M001,2026-08-17 12:32:59,1.37,222.305,28.25,NORMAL,100.0,LOW,STABLE,0,NONE,Continue normal monitoring.,11.0,NORMAL
M001,2026-08-17 12:33:01,1.443,212.668,28.25,NORMAL,100.0,LOW,STABLE,0,NONE,Continue normal monitoring.,16.16,NORMAL
M001,2026-08-17 12:33:03,1.252,232.087,28.25,NORMAL,100.0,LOW,STABLE,0,NONE,Continue normal monitoring.,4.14,NORMAL
M001,2026-08-17 12:33:05,0.931,209.486,28.25,NORMAL,100.0,LOW,STABLE,0,NONE,Continue normal monitoring.,11.52,NORMAL
M001,2026-08-17 12:33:07,1.37,245.654,28.25,NORMAL,100.0,LOW,STABLE,0,NONE,Continue normal monitoring.,6.17,NORMAL
M001,2026-08-17 12:33:09,0.867,255.521,28.25,NORMAL,100.0,LOW,STABLE,0,NONE,Continue normal monitoring.,1.6,NORMAL
M001,2026-08-17 12:33:11,1.284,249.733,28.25,NORMAL,100.0,LOW,STABLE,0,NONE,Continue normal monitoring.,4.03,NORMAL
M001,2026-08-17 12:33:13,1.536,266.647,28.25,NORMAL,100.0,LOW,STABLE,0,NONE,Continue normal monitoring.,14.64,NORMAL
M001,2026-08-17 12:33:16,0.811,239.553,28.25,NORMAL,100.0,LOW,STABLE,0,NONE,Continue normal monitoring.,1.61,NORMAL
M001,2026-08-17 12:33:18,1.017,244.884,28.25,NORMAL,100.0,LOW,STABLE,0,NONE,Continue normal monitoring.,1.45,NORMAL
M001,2026-08-17 12:33:20,1.344,252.023,28.25,NORMAL,100.0,LOW,STABLE,0,NONE,Continue normal monitoring.,5.57,NORMAL
M001,2026-08-17 12:33:22,1.382,211.331,28.25,NORMAL,100.0,LOW,STABLE,0,NONE,Continue normal monitoring.,15.97,NORMAL
M001,2026-08-17 12:33:24,1.233,220.343,28.25,NORMAL,100.0,LOW,STABLE,0,NONE,Continue normal monitoring.,8.3,NORMAL
M001,2026-08-17 12:33:26,0.839,255.454,28.25,NORMAL,100.0,LOW,STABLE,0,NONE,Continue normal monitoring.,2.18,NORMAL
M001,2026-08-17 12:33:28,0.751,215.989,28.25,NORMAL,100.0,LOW,STABLE,0,NONE,Continue normal monitoring.,8.9,NORMAL
M001,2026-08-17 12:33:30,1.144,261.053,28.25,NORMAL,100.0,LOW,STABLE,0,NONE,Continue normal monitoring.,3.81,NORMAL
M001,2026-08-17 12:33:32,0.991,263.781,28.25,NORMAL,100.0,LOW,STABLE,0,NONE,Continue normal monitoring.,4.15,NORMAL
M001,2026-08-17 12:33:34,1.61,243.869,28.25,NORMAL,100.0,LOW,STABLE,0,NONE,Continue normal monitoring.,13.97,NORMAL
M001,2026-08-17 12:33:36,1.422,242.542,28.25,NORMAL,100.0,LOW,STABLE,0,NONE,Continue normal monitoring.,7.22,NORMAL
M001,2026-08-17 12:33:38,1.342,228.723,28.25,NORMAL,100.0,LOW,STABLE,0,NONE,Continue normal monitoring.,6.92,NORMAL
M001,2026-08-17 12:33:41,1.095,259.218,28.25,NORMAL,100.0,LOW,STABLE,0,NONE,Continue normal monitoring.,3.44,NORMAL
M001,2026-08-17 12:33:43,1.202,249.708,28.25,NORMAL,100.0,LOW,STABLE,0,NONE,Continue normal monitoring.,2.28,NORMAL
M001,2026-08-17 12:33:45,0.825,220.762,28.25,NORMAL,100.0,LOW,STABLE,0,NONE,Continue normal monitoring.,6.51,NORMAL
M001,2026-08-17 12:33:47,0.905,240.954,28.25,NORMAL,100.0,LOW,STABLE,0,NONE,Continue normal monitoring.,0.52,NORMAL
M001,2026-08-17 12:33:49,1.186,238.191,28.25,NORMAL,100.0,LOW,STABLE,0,NONE,Continue normal monitoring.,2.64,NORMAL
M001,2026-08-17 12:33:51,1.164,262.657,28.25,NORMAL,100.0,LOW,STABLE,0,NONE,Continue normal monitoring.,4.86,NORMAL
M001,2026-08-17 12:33:53,1.268,270.822,28.25,NORMAL,100.0,LOW,STABLE,0,NONE,Continue normal monitoring.,10.03,NORMAL
M001,2026-08-17 12:33:55,1.219,215.26,28.25,NORMAL,100.0,LOW,STABLE,0,NONE,Continue normal monitoring.,9.76,NORMAL
M001,2026-08-17 12:33:57,0.902,247.757,28.25,NORMAL,100.0,LOW,STABLE,0,NONE,Continue normal monitoring.,0.1,NORMAL
M001,2026-08-17 12:33:59,1.294,242.156,28.25,NORMAL,100.0,LOW,STABLE,0,NONE,Continue normal monitoring.,4.52,NORMAL
M001,2026-08-17 12:34:01,1.193,253.367,28.25,NORMAL,100.0,LOW,STABLE,0,NONE,Continue normal monitoring.,2.57,NORMAL
M001,2026-08-17 12:34:03,1.682,212.009,28.25,NORMAL,100.0,LOW,STABLE,0,NONE,Continue normal monitoring.,23.86,NORMAL
M001,2026-08-17 12:34:06,0.655,259.86,28.25,NORMAL,100.0,LOW,STABLE,0,NONE,Continue normal monitoring.,2.63,NORMAL
M001,2026-08-17 12:34:08,0.591,238.603,28.25,NORMAL,100.0,LOW,STABLE,0,NONE,Continue normal monitoring.,2.59,NORMAL
M001,2026-08-17 12:34:10,0.848,233.754,28.25,NORMAL,100.0,LOW,STABLE,0,NONE,Continue normal monitoring.,2.02,NORMAL
M001,2026-08-17 12:34:12,1.048,257.239,28.25,NORMAL,100.0,LOW,STABLE,0,NONE,Continue normal monitoring.,3.23,NORMAL
M001,2026-08-17 12:34:14,0.78,221.426,28.25,NORMAL,100.0,LOW,STABLE,0,NONE,Continue normal monitoring.,6.45,NORMAL
M001,2026-08-17 12:34:16,0.96,234.186,28.25,NORMAL,100.0,LOW,STABLE,0,NONE,Continue normal monitoring.,1.82,NORMAL
M001,2026-08-17 12:34:18,0.601,272.028,28.25,NORMAL,100.0,LOW,STABLE,0,NONE,Continue normal monitoring.,6.9,NORMAL
M001,2026-08-17 12:34:20,1.302,249.838,28.25,NORMAL,100.0,LOW,STABLE,0,NONE,Continue normal monitoring.,4.49,NORMAL
M001,2026-08-17 12:34:22,1.68,250.673,28.25,NORMAL,100.0,LOW,STABLE,0,NONE,Continue normal monitoring.,17.0,NORMAL
M001,2026-08-17 12:34:24,1.426,247.856,28.25,NORMAL,100.0,LOW,STABLE,0,NONE,Continue normal monitoring.,7.0,NORMAL
M001,2026-08-17 12:34:26,1.538,246.177,28.25,NORMAL,100.0,LOW,STABLE,0,NONE,Continue normal monitoring.,9.93,NORMAL
M001,2026-08-17 12:34:28,1.531,232.828,28.25,NORMAL,100.0,LOW,STABLE,0,NONE,Continue normal monitoring.,10.88,NORMAL
M001,2026-08-17 12:34:30,1.155,213.026,28.25,NORMAL,100.0,LOW,STABLE,0,NONE,Continue normal monitoring.,10.2,NORMAL
M001,2026-08-17 12:34:33,1.336,222.324,28.25,NORMAL,100.0,LOW,STABLE,0,NONE,Continue normal monitoring.,9.51,NORMAL
M001,2026-08-17 12:34:35,0.977,236.685,28.25,NORMAL,100.0,LOW,STABLE,0,NONE,Continue normal monitoring.,1.26,NORMAL
M001,2026-08-17 12:34:37,1.085,214.456,28.25,NORMAL,100.0,LOW,STABLE,0,NONE,Continue normal monitoring.,9.91,NORMAL
M001,2026-08-17 12:34:39,1.023,255.102,28.25,NORMAL,100.0,LOW,STABLE,0,NONE,Continue normal monitoring.,2.47,NORMAL
M001,2026-08-17 12:34:41,1.083,250.845,28.25,NORMAL,100.0,LOW,STABLE,0,NONE,Continue normal monitoring.,1.88,NORMAL
M001,2026-08-17 12:34:43,0.458,247.562,28.25,NORMAL,100.0,LOW,STABLE,0,NONE,Continue normal monitoring.,1.29,NORMAL
M001,2026-08-17 12:34:45,0.934,254.449,28.25,NORMAL,100.0,LOW,STABLE,0,NONE,Continue normal monitoring.,1.34,NORMAL
M001,2026-08-17 12:34:47,1.178,237.17,28.25,NORMAL,100.0,LOW,STABLE,0,NONE,Continue normal monitoring.,2.47,NORMAL
M001,2026-08-17 12:34:49,1.061,249.453,28.25,NORMAL,100.0,LOW,STABLE,0,NONE,Continue normal monitoring.,1.65,NORMAL
M001,2026-08-17 12:34:51,1.424,213.218,28.25,NORMAL,100.0,LOW,STABLE,0,NONE,Continue normal monitoring.,15.03,NORMAL
M001,2026-08-17 12:34:53,1.399,244.912,28.25,NORMAL,100.0,LOW,STABLE,0,NONE,Continue normal monitoring.,7.08,NORMAL
M001,2026-08-17 12:34:55,1.228,239.162,28.25,NORMAL,100.0,LOW,STABLE,0,NONE,Continue normal monitoring.,3.3,NORMAL
M001,2026-08-17 12:34:58,0.774,216.641,28.25,NORMAL,100.0,LOW,STABLE,0,NONE,Continue normal monitoring.,8.37,NORMAL
M001,2026-08-17 12:35:00,1.102,219.009,28.25,NORMAL,100.0,LOW,STABLE,0,NONE,Continue normal monitoring.,7.48,NORMAL
M001,2026-08-17 12:35:02,1.126,255.892,28.25,NORMAL,100.0,LOW,STABLE,0,NONE,Continue normal monitoring.,2.42,NORMAL
M001,2026-08-17 12:35:04,1.195,244.704,28.25,NORMAL,100.0,LOW,STABLE,0,NONE,Continue normal monitoring.,2.09,NORMAL
M001,2026-08-17 12:35:06,0.834,223.942,28.25,NORMAL,100.0,LOW,STABLE,0,NONE,Continue normal monitoring.,5.7,NORMAL
M001,2026-08-17 12:35:08,1.033,240.702,28.25,NORMAL,100.0,LOW,STABLE,0,NONE,Continue normal monitoring.,2.59,NORMAL
M001,2026-08-17 12:35:10,0.959,291.178,28.25,NORMAL,100.0,LOW,STABLE,0,NONE,Continue normal monitoring.,15.47,NORMAL
M001,2026-08-17 12:35:12,1.373,241.642,28.25,NORMAL,100.0,LOW,STABLE,0,NONE,Continue normal monitoring.,6.76,NORMAL
M001,2026-08-17 12:35:14,1.451,248.999,28.25,NORMAL,100.0,LOW,STABLE,0,NONE,Continue normal monitoring.,8.69,NORMAL
M001,2026-08-17 12:35:16,0.726,231.931,28.25,NORMAL,100.0,LOW,STABLE,0,NONE,Continue normal monitoring.,3.34,NORMAL
M001,2026-08-17 12:35:18,1.379,266.536,28.25,NORMAL,100.0,LOW,STABLE,0,NONE,Continue normal monitoring.,10.79,NORMAL
M001,2026-08-17 12:35:20,1.164,266.139,28.25,NORMAL,100.0,LOW,STABLE,0,NONE,Continue normal monitoring.,6.08,NORMAL
M001,2026-08-17 12:35:22,1.113,274.009,28.25,NORMAL,100.0,LOW,STABLE,0,NONE,Continue normal monitoring.,8.84,NORMAL
M001,2026-08-17 12:35:25,1.113,241.382,28.25,NORMAL,100.0,LOW,STABLE,0,NONE,Continue normal monitoring.,1.78,NORMAL
M001,2026-08-17 12:35:27,0.999,243.906,28.25,NORMAL,100.0,LOW,STABLE,0,NONE,Continue normal monitoring.,1.41,NORMAL
M001,2026-08-17 12:35:29,0.737,233.9,28.25,NORMAL,100.0,LOW,STABLE,0,NONE,Continue normal monitoring.,2.91,NORMAL
M001,2026-08-17 12:35:31,0.891,222.269,28.25,NORMAL,100.0,LOW,STABLE,0,NONE,Continue normal monitoring.,5.37,NORMAL
M001,2026-08-17 12:35:33,0.628,238.878,28.25,NORMAL,100.0,LOW,STABLE,0,NONE,Continue normal monitoring.,1.9,NORMAL
M001,2026-08-17 12:35:35,1.3,230.77,28.25,NORMAL,100.0,LOW,STABLE,0,NONE,Continue normal monitoring.,5.33,NORMAL
M001,2026-08-17 12:35:37,1.54,252.746,28.25,NORMAL,100.0,LOW,STABLE,0,NONE,Continue normal monitoring.,10.53,NORMAL
M001,2026-08-17 12:35:39,1.312,244.875,28.25,NORMAL,100.0,LOW,STABLE,0,NONE,Continue normal monitoring.,4.41,NORMAL
M001,2026-08-17 12:35:41,1.221,257.422,28.25,NORMAL,100.0,LOW,STABLE,0,NONE,Continue normal monitoring.,4.28,NORMAL
M001,2026-08-17 12:35:43,1.366,231.88,28.25,NORMAL,100.0,LOW,STABLE,0,NONE,Continue normal monitoring.,7.4,NORMAL
M001,2026-08-17 12:35:45,1.172,222.103,28.25,NORMAL,100.0,LOW,STABLE,0,NONE,Continue normal monitoring.,6.38,NORMAL
M001,2026-08-17 12:35:47,1.507,232.278,28.25,NORMAL,100.0,LOW,STABLE,0,NONE,Continue normal monitoring.,10.55,NORMAL
M001,2026-08-17 12:35:50,0.698,206.407,28.25,NORMAL,100.0,LOW,STABLE,0,NONE,Continue normal monitoring.,16.24,NORMAL
M001,2026-08-17 12:35:52,0.22,221.686,28.25,NORMAL,100.0,LOW,STABLE,0,NONE,Continue normal monitoring.,8.31,NORMAL
M001,2026-08-17 12:35:54,0.969,233.903,28.25,NORMAL,100.0,LOW,STABLE,0,NONE,Continue normal monitoring.,1.97,NORMAL
M001,2026-08-17 12:35:56,0.975,251.762,28.25,NORMAL,100.0,LOW,STABLE,0,NONE,Continue normal monitoring.,1.6,NORMAL
M001,2026-08-17 12:35:58,0.721,257.295,28.25,NORMAL,100.0,LOW,STABLE,0,NONE,Continue normal monitoring.,2.59,NORMAL
M001,2026-08-17 12:36:00,0.71,211.941,28.25,NORMAL,100.0,LOW,STABLE,0,NONE,Continue normal monitoring.,11.85,NORMAL
M001,2026-08-17 12:36:02,1.146,244.518,28.25,NORMAL,100.0,LOW,STABLE,0,NONE,Continue normal monitoring.,1.83,NORMAL
M001,2026-08-17 12:36:04,1.132,244.152,28.25,NORMAL,100.0,LOW,STABLE,0,NONE,Continue normal monitoring.,1.75,NORMAL
M001,2026-08-17 12:36:06,0.764,258.647,28.25,NORMAL,100.0,LOW,STABLE,0,NONE,Continue normal monitoring.,2.52,NORMAL
M001,2026-08-17 12:36:08,0.973,215.886,28.25,NORMAL,100.0,LOW,STABLE,0,NONE,Continue normal monitoring.,8.71,NORMAL
M001,2026-08-17 12:36:10,0.874,256.315,28.25,NORMAL,100.0,LOW,STABLE,0,NONE,Continue normal monitoring.,1.21,NORMAL
M001,2026-08-17 12:36:12,1.006,245.65,28.25,NORMAL,100.0,LOW,STABLE,0,NONE,Continue normal monitoring.,1.23,NORMAL
M001,2026-08-17 12:36:14,0.981,256.881,28.25,NORMAL,100.0,LOW,STABLE,0,NONE,Continue normal monitoring.,2.34,NORMAL
M001,2026-08-17 12:36:17,1.001,340.813,28.25,NORMAL,100.0,LOW,STABLE,0,NONE,Continue normal monitoring.,31.47,NORMAL
M001,2026-08-17 12:36:19,1.019,285.702,28.25,WARNING_SOUND,72.0,MEDIUM,FALLING,1,MECHANICAL_ABNORMALITY,Inspect mechanical components and sound sources.,14.42,NORMAL
M001,2026-08-17 12:36:21,0.97,229.167,28.25,NORMAL,100.0,LOW,RISING,0,NONE,Continue normal monitoring.,3.37,NORMAL
M001,2026-08-17 12:36:23,0.849,237.052,28.25,NORMAL,100.0,LOW,STABLE,0,NONE,Continue normal monitoring.,2.0,NORMAL
M001,2026-08-17 12:36:25,1.294,310.595,28.25,WARNING_SOUND,72.0,MEDIUM,FALLING,1,MECHANICAL_ABNORMALITY,Inspect mechanical components and sound sources.,26.91,NORMAL
M001,2026-08-17 12:36:27,1.021,273.293,28.25,NORMAL,100.0,LOW,RISING,0,NONE,Continue normal monitoring.,8.76,NORMAL
M001,2026-08-17 12:36:29,0.866,242.665,28.25,NORMAL,100.0,LOW,STABLE,0,NONE,Continue normal monitoring.,1.32,NORMAL
M001,2026-08-17 12:36:31,1.023,245.377,28.25,NORMAL,100.0,LOW,STABLE,0,NONE,Continue normal monitoring.,1.52,NORMAL
M001,2026-08-17 12:36:33,1.417,231.871,28.25,NORMAL,100.0,LOW,STABLE,0,NONE,Continue normal monitoring.,7.97,NORMAL
M001,2026-08-17 12:36:35,1.431,245.511,28.25,NORMAL,100.0,LOW,STABLE,0,NONE,Continue normal monitoring.,7.03,NORMAL
M001,2026-08-17 12:36:37,0.929,264.62,28.25,NORMAL,100.0,LOW,STABLE,0,NONE,Continue normal monitoring.,4.05,NORMAL
M001,2026-08-17 12:36:39,1.052,224.128,28.25,NORMAL,100.0,LOW,STABLE,0,NONE,Continue normal monitoring.,5.77,NORMAL
M001,2026-08-17 12:36:42,0.915,242.332,28.25,NORMAL,100.0,LOW,STABLE,0,NONE,Continue normal monitoring.,0.68,NORMAL
M001,2026-08-17 12:36:44,0.848,269.513,28.25,NORMAL,100.0,LOW,STABLE,0,NONE,Continue normal monitoring.,7.1,NORMAL
M001,2026-08-17 12:36:46,0.764,255.706,28.25,NORMAL,100.0,LOW,STABLE,0,NONE,Continue normal monitoring.,1.57,NORMAL
M001,2026-08-17 12:36:48,1.366,257.747,28.25,NORMAL,100.0,LOW,STABLE,0,NONE,Continue normal monitoring.,7.55,NORMAL
M001,2026-08-17 12:36:50,0.891,218.238,28.25,NORMAL,100.0,LOW,STABLE,0,NONE,Continue normal monitoring.,7.52,NORMAL
M001,2026-08-17 12:36:52,0.986,218.185,28.25,NORMAL,100.0,LOW,STABLE,0,NONE,Continue normal monitoring.,7.96,NORMAL
M001,2026-08-17 12:36:54,0.863,230.314,28.25,NORMAL,100.0,LOW,STABLE,0,NONE,Continue normal monitoring.,3.05,NORMAL
M001,2026-08-17 12:36:56,1.145,252.08,28.25,NORMAL,100.0,LOW,STABLE,0,NONE,Continue normal monitoring.,2.07,NORMAL
M001,2026-08-17 12:36:58,0.892,247.268,28.25,NORMAL,100.0,LOW,STABLE,0,NONE,Continue normal monitoring.,0.09,NORMAL
M001,2026-08-17 12:37:00,1.068,249.072,28.25,NORMAL,100.0,LOW,STABLE,0,NONE,Continue normal monitoring.,1.8,NORMAL
M001,2026-08-17 12:37:02,1.145,282.331,28.25,NORMAL,100.0,LOW,STABLE,0,NONE,Continue normal monitoring.,12.8,NORMAL
M001,2026-08-17 12:37:04,1.063,262.556,28.25,NORMAL,100.0,LOW,STABLE,0,NONE,Continue normal monitoring.,5.04,NORMAL
M001,2026-08-17 12:37:06,1.085,239.849,28.25,NORMAL,100.0,LOW,STABLE,0,NONE,Continue normal monitoring.,2.58,NORMAL
M001,2026-08-17 12:37:09,1.213,248.151,28.25,NORMAL,100.0,LOW,STABLE,0,NONE,Continue normal monitoring.,2.67,NORMAL
M001,2026-08-17 12:37:11,1.073,248.392,28.25,NORMAL,100.0,LOW,STABLE,0,NONE,Continue normal monitoring.,1.77,NORMAL
M001,2026-08-17 12:37:13,1.367,212.002,28.25,NORMAL,100.0,LOW,STABLE,0,NONE,Continue normal monitoring.,15.34,NORMAL
M001,2026-08-17 12:37:15,1.533,220.49,28.25,NORMAL,100.0,LOW,STABLE,0,NONE,Continue normal monitoring.,14.12,NORMAL
M001,2026-08-17 12:37:17,1.243,307.946,28.25,WARNING_SOUND,72.0,MEDIUM,FALLING,1,MECHANICAL_ABNORMALITY,Inspect mechanical components and sound sources.,25.39,NORMAL
M001,2026-08-17 12:37:19,0.795,247.055,28.25,NORMAL,100.0,LOW,RISING,0,NONE,Continue normal monitoring.,0.47,NORMAL
M001,2026-08-17 12:37:21,0.841,196.666,28.25,NORMAL,100.0,LOW,STABLE,0,NONE,Continue normal monitoring.,20.46,NORMAL
M001,2026-08-17 12:37:23,0.918,216.23,28.25,NORMAL,100.0,LOW,STABLE,0,NONE,Continue normal monitoring.,8.04,NORMAL
M001,2026-08-17 12:37:25,0.613,209.91,28.25,NORMAL,100.0,LOW,STABLE,0,NONE,Continue normal monitoring.,12.59,NORMAL
M001,2026-08-17 12:37:27,1.004,230.888,28.25,NORMAL,100.0,LOW,STABLE,0,NONE,Continue normal monitoring.,2.68,NORMAL
M001,2026-08-17 12:37:29,1.045,230.627,28.25,NORMAL,100.0,LOW,STABLE,0,NONE,Continue normal monitoring.,3.38,NORMAL
M001,2026-08-17 12:37:31,0.92,199.278,28.25,NORMAL,100.0,LOW,STABLE,0,NONE,Continue normal monitoring.,18.11,NORMAL
M001,2026-08-17 12:37:34,1.268,254.836,28.25,NORMAL,100.0,LOW,STABLE,0,NONE,Continue normal monitoring.,3.66,NORMAL
M001,2026-08-17 12:37:36,1.098,236.102,28.25,NORMAL,100.0,LOW,STABLE,0,NONE,Continue normal monitoring.,2.28,NORMAL
M001,2026-08-17 12:37:38,1.164,215.682,28.25,NORMAL,100.0,LOW,STABLE,0,NONE,Continue normal monitoring.,8.86,NORMAL
M001,2026-08-17 12:37:40,1.046,231.344,28.25,NORMAL,100.0,LOW,STABLE,0,NONE,Continue normal monitoring.,2.88,NORMAL
M001,2026-08-17 12:37:42,1.241,285.531,28.25,WARNING_SOUND,72.0,MEDIUM,FALLING,1,MECHANICAL_ABNORMALITY,Inspect mechanical components and sound sources.,15.17,NORMAL
M001,2026-08-17 12:37:44,1.192,219.194,28.5,NORMAL,100.0,LOW,RISING,0,NONE,Continue normal monitoring.,8.82,NORMAL
M001,2026-08-17 12:37:46,0.618,228.495,28.25,NORMAL,100.0,LOW,STABLE,0,NONE,Continue normal monitoring.,3.93,NORMAL
M001,2026-08-17 12:37:48,1.05,232.802,28.25,NORMAL,100.0,LOW,STABLE,0,NONE,Continue normal monitoring.,2.46,NORMAL
M001,2026-08-17 12:37:50,0.941,251.428,28.25,NORMAL,100.0,LOW,STABLE,0,NONE,Continue normal monitoring.,1.14,NORMAL
M001,2026-08-17 12:37:52,1.281,242.053,28.25,NORMAL,100.0,LOW,STABLE,0,NONE,Continue normal monitoring.,4.27,NORMAL
M001,2026-08-17 12:37:54,1.899,257.126,28.25,WARNING_VIBRATION,72.0,MEDIUM,FALLING,1,EXCESSIVE_VIBRATION,Inspect motor and rotating components.,24.83,NORMAL
M001,2026-08-17 12:37:56,1.387,251.309,28.25,NORMAL,100.0,LOW,RISING,0,NONE,Continue normal monitoring.,6.94,NORMAL
M001,2026-08-17 12:37:58,0.363,233.727,28.25,NORMAL,100.0,LOW,STABLE,0,NONE,Continue normal monitoring.,3.33,NORMAL
M001,2026-08-17 12:38:01,1.186,243.929,28.25,NORMAL,100.0,LOW,STABLE,0,NONE,Continue normal monitoring.,2.16,NORMAL
M001,2026-08-17 12:38:03,0.786,268.519,28.25,NORMAL,100.0,LOW,STABLE,0,NONE,Continue normal monitoring.,5.65,NORMAL
M001,2026-08-17 12:38:05,0.66,273.495,28.25,NORMAL,100.0,LOW,STABLE,0,NONE,Continue normal monitoring.,7.41,NORMAL
M001,2026-08-17 12:38:07,0.705,221.421,28.25,NORMAL,100.0,LOW,STABLE,0,NONE,Continue normal monitoring.,7.55,NORMAL
M001,2026-08-17 12:38:09,1.246,268.776,28.25,WARNING_SOUND,72.0,MEDIUM,FALLING,1,MECHANICAL_ABNORMALITY,Inspect mechanical components and sound sources.,8.87,NORMAL
M001,2026-08-17 12:38:11,1.167,238.838,28.25,NORMAL,100.0,LOW,RISING,0,NONE,Continue normal monitoring.,2.25,NORMAL
M001,2026-08-17 12:38:13,1.409,269.271,28.25,NORMAL,100.0,LOW,STABLE,0,NONE,Continue normal monitoring.,13.21,NORMAL
M001,2026-08-17 12:38:15,1.075,255.16,28.25,NORMAL,100.0,LOW,STABLE,0,NONE,Continue normal monitoring.,2.48,NORMAL
M001,2026-08-17 12:38:17,1.478,204.57,28.25,NORMAL,100.0,LOW,STABLE,0,NONE,Continue normal monitoring.,23.05,NORMAL
M001,2026-08-17 12:38:19,0.985,277.464,28.25,WARNING_SOUND,72.0,MEDIUM,FALLING,1,MECHANICAL_ABNORMALITY,Inspect mechanical components and sound sources.,9.95,NORMAL
M001,2026-08-17 12:38:21,1.22,622.517,28.25,NORMAL,100.0,LOW,RISING,0,NONE,Continue normal monitoring.,72.23,ABNORMAL_SOUND
M001,2026-08-17 12:38:23,0.848,270.103,28.25,WARNING_SOUND,72.0,MEDIUM,FALLING,1,MECHANICAL_ABNORMALITY,Inspect mechanical components and sound sources.,6.98,NORMAL
M001,2026-08-17 12:38:26,0.917,408.953,28.25,WARNING_SOUND,72.0,MEDIUM,STABLE,1,MECHANICAL_ABNORMALITY,Inspect mechanical components and sound sources.,46.16,NORMAL
M001,2026-08-17 12:38:28,1.023,241.359,28.25,NORMAL,100.0,LOW,RISING,0,NONE,Continue normal monitoring.,2.05,NORMAL
M001,2026-08-17 12:38:30,1.434,213.241,28.25,NORMAL,100.0,LOW,STABLE,0,NONE,Continue normal monitoring.,15.59,NORMAL
M001,2026-08-17 12:38:32,1.316,243.908,28.25,NORMAL,100.0,LOW,STABLE,0,NONE,Continue normal monitoring.,4.57,NORMAL
M001,2026-08-17 12:38:34,1.194,229.754,28.5,NORMAL,100.0,LOW,STABLE,0,NONE,Continue normal monitoring.,5.25,NORMAL
M001,2026-08-17 12:38:36,1.093,260.898,28.25,NORMAL,100.0,LOW,STABLE,0,NONE,Continue normal monitoring.,3.42,NORMAL
M001,2026-08-17 12:38:38,1.1,254.179,28.25,NORMAL,100.0,LOW,STABLE,0,NONE,Continue normal monitoring.,2.15,NORMAL
M001,2026-08-17 12:38:40,1.207,262.313,28.5,NORMAL,100.0,LOW,STABLE,0,NONE,Continue normal monitoring.,6.25,NORMAL
M001,2026-08-17 12:38:42,0.771,254.489,28.25,NORMAL,100.0,LOW,STABLE,0,NONE,Continue normal monitoring.,1.59,NORMAL
M001,2026-08-17 12:38:44,1.197,252.549,28.25,NORMAL,100.0,LOW,STABLE,0,NONE,Continue normal monitoring.,2.41,NORMAL
M001,2026-08-17 12:38:46,0.953,255.871,28.25,WARNING_SOUND,72.0,MEDIUM,FALLING,1,MECHANICAL_ABNORMALITY,Inspect mechanical components and sound sources.,1.85,NORMAL
M001,2026-08-17 12:38:48,0.896,265.708,28.25,NORMAL,100.0,LOW,RISING,0,NONE,Continue normal monitoring.,4.68,NORMAL
M001,2026-08-17 12:38:51,1.11,250.227,28.25,NORMAL,100.0,LOW,STABLE,0,NONE,Continue normal monitoring.,1.49,NORMAL
M001,2026-08-17 12:38:53,0.95,246.182,28.25,NORMAL,100.0,LOW,STABLE,0,NONE,Continue normal monitoring.,0.71,NORMAL
M001,2026-08-17 12:38:55,0.984,227.783,28.25,NORMAL,100.0,LOW,STABLE,0,NONE,Continue normal monitoring.,3.5,NORMAL
M001,2026-08-17 12:38:57,1.094,251.212,28.25,NORMAL,100.0,LOW,STABLE,0,NONE,Continue normal monitoring.,1.75,NORMAL
M001,2026-08-17 12:38:59,1.41,255.957,28.25,NORMAL,100.0,LOW,STABLE,0,NONE,Continue normal monitoring.,7.35,NORMAL
M001,2026-08-17 12:39:01,1.754,205.956,28.25,NORMAL,100.0,LOW,STABLE,0,NONE,Continue normal monitoring.,29.84,NORMAL
M001,2026-08-17 12:39:03,1.135,214.829,28.25,NORMAL,100.0,LOW,STABLE,0,NONE,Continue normal monitoring.,8.94,NORMAL
M001,2026-08-17 12:39:05,1.36,232.109,28.25,NORMAL,100.0,LOW,STABLE,0,NONE,Continue normal monitoring.,7.29,NORMAL
M001,2026-08-17 12:39:07,1.076,227.144,28.25,NORMAL,100.0,LOW,STABLE,0,NONE,Continue normal monitoring.,4.55,NORMAL
M001,2026-08-17 12:39:09,0.916,266.814,28.25,NORMAL,100.0,LOW,STABLE,0,NONE,Continue normal monitoring.,4.73,NORMAL
M001,2026-08-17 12:39:11,1.004,243.241,28.25,NORMAL,100.0,LOW,STABLE,0,NONE,Continue normal monitoring.,1.67,NORMAL
M001,2026-08-17 12:39:13,1.423,249.422,28.25,NORMAL,100.0,LOW,STABLE,0,NONE,Continue normal monitoring.,7.27,NORMAL
M001,2026-08-17 12:39:15,1.413,280.227,28.25,NORMAL,100.0,LOW,STABLE,0,NONE,Continue normal monitoring.,17.52,NORMAL
M001,2026-08-17 12:39:18,1.732,326.589,28.25,NORMAL,100.0,LOW,STABLE,0,NONE,Continue normal monitoring.,39.77,NORMAL
M001,2026-08-17 12:39:20,1.045,230.292,28.25,NORMAL,100.0,LOW,STABLE,0,NONE,Continue normal monitoring.,3.56,NORMAL
M001,2026-08-17 12:39:22,1.121,238.703,28.25,NORMAL,100.0,LOW,STABLE,0,NONE,Continue normal monitoring.,2.15,NORMAL
M001,2026-08-17 12:39:24,0.719,215.019,28.25,NORMAL,100.0,LOW,STABLE,0,NONE,Continue normal monitoring.,9.46,NORMAL
M001,2026-08-17 12:39:26,1.399,248.383,28.25,NORMAL,100.0,LOW,STABLE,0,NONE,Continue normal monitoring.,7.25,NORMAL
M001,2026-08-17 12:39:28,1.334,250.186,28.25,NORMAL,100.0,LOW,STABLE,0,NONE,Continue normal monitoring.,5.43,NORMAL
M001,2026-08-17 12:39:30,1.075,238.42,28.25,NORMAL,100.0,LOW,STABLE,0,NONE,Continue normal monitoring.,2.47,NORMAL
M001,2026-08-17 12:39:32,1.023,302.68,28.25,NORMAL,100.0,LOW,STABLE,0,NONE,Continue normal monitoring.,23.32,NORMAL
M001,2026-08-17 12:39:34,1.056,220.824,28.25,NORMAL,100.0,LOW,STABLE,0,NONE,Continue normal monitoring.,7.27,NORMAL
M001,2026-08-17 12:39:36,1.235,245.643,28.25,NORMAL,100.0,LOW,STABLE,0,NONE,Continue normal monitoring.,2.59,NORMAL
M001,2026-08-17 12:39:38,1.287,257.655,28.25,NORMAL,100.0,LOW,STABLE,0,NONE,Continue normal monitoring.,5.24,NORMAL
M001,2026-08-17 12:39:40,1.209,265.428,28.25,NORMAL,100.0,LOW,STABLE,0,NONE,Continue normal monitoring.,7.09,NORMAL
M001,2026-08-17 12:39:43,1.433,229.381,28.25,NORMAL,100.0,LOW,STABLE,0,NONE,Continue normal monitoring.,9.01,NORMAL
M001,2026-08-17 12:39:45,1.28,232.12,28.25,NORMAL,100.0,LOW,STABLE,0,NONE,Continue normal monitoring.,4.73,NORMAL
M001,2026-08-17 12:39:47,1.417,255.385,28.25,NORMAL,100.0,LOW,STABLE,0,NONE,Continue normal monitoring.,7.29,NORMAL
M001,2026-08-17 12:39:49,1.281,279.566,28.25,NORMAL,100.0,LOW,STABLE,0,NONE,Continue normal monitoring.,13.65,NORMAL
M001,2026-08-17 12:39:51,1.79,240.471,28.25,NORMAL,100.0,LOW,STABLE,0,NONE,Continue normal monitoring.,20.4,NORMAL
M001,2026-08-17 12:39:53,1.388,238.747,28.25,NORMAL,100.0,LOW,STABLE,0,NONE,Continue normal monitoring.,6.67,NORMAL
M001,2026-08-17 12:39:55,1.181,224.878,28.25,NORMAL,100.0,LOW,STABLE,0,NONE,Continue normal monitoring.,5.83,NORMAL
M001,2026-08-17 12:39:57,1.409,234.124,28.25,NORMAL,100.0,LOW,STABLE,0,NONE,Continue normal monitoring.,7.74,NORMAL
M001,2026-08-17 12:39:59,1.671,224.85,28.25,NORMAL,100.0,LOW,STABLE,0,NONE,Continue normal monitoring.,18.84,NORMAL
M001,2026-08-17 12:40:01,1.165,241.109,28.25,NORMAL,100.0,LOW,STABLE,0,NONE,Continue normal monitoring.,2.11,NORMAL
M001,2026-08-17 12:40:03,1.039,233.592,28.25,NORMAL,100.0,LOW,STABLE,0,NONE,Continue normal monitoring.,2.47,NORMAL
M001,2026-08-17 12:40:05,1.178,224.798,28.25,NORMAL,100.0,LOW,STABLE,0,NONE,Continue normal monitoring.,5.83,NORMAL
M001,2026-08-17 12:40:07,1.347,275.662,28.25,NORMAL,100.0,LOW,STABLE,0,NONE,Continue normal monitoring.,14.44,NORMAL
M001,2026-08-17 12:40:10,1.056,260.078,28.25,NORMAL,100.0,LOW,STABLE,0,NONE,Continue normal monitoring.,3.43,NORMAL
M001,2026-08-17 12:40:12,0.683,208.913,28.25,NORMAL,100.0,LOW,STABLE,0,NONE,Continue normal monitoring.,13.86,NORMAL
M001,2026-08-17 12:40:14,1.13,213.76,28.25,NORMAL,100.0,LOW,STABLE,0,NONE,Continue normal monitoring.,9.44,NORMAL
M001,2026-08-17 12:40:16,1.445,216.061,28.25,NORMAL,100.0,LOW,STABLE,0,NONE,Continue normal monitoring.,14.22,NORMAL
M001,2026-08-17 12:40:18,1.122,227.16,28.25,NORMAL,100.0,LOW,STABLE,0,NONE,Continue normal monitoring.,4.18,NORMAL
M001,2026-08-17 12:40:20,1.041,257.716,28.25,NORMAL,100.0,LOW,STABLE,0,NONE,Continue normal monitoring.,3.37,NORMAL
M001,2026-08-17 12:40:22,1.544,242.768,28.25,NORMAL,100.0,LOW,STABLE,0,NONE,Continue normal monitoring.,10.48,NORMAL
M001,2026-08-17 12:40:24,1.23,254.773,28.25,NORMAL,100.0,LOW,STABLE,0,NONE,Continue normal monitoring.,3.27,NORMAL
M001,2026-08-17 12:40:26,0.794,228.239,28.25,NORMAL,100.0,LOW,STABLE,0,NONE,Continue normal monitoring.,3.04,NORMAL
M001,2026-08-17 12:40:28,1.066,213.367,28.25,NORMAL,100.0,LOW,STABLE,0,NONE,Continue normal monitoring.,10.42,NORMAL
M001,2026-08-17 12:40:30,0.858,234.733,28.25,NORMAL,100.0,LOW,STABLE,0,NONE,Continue normal monitoring.,2.36,NORMAL
M001,2026-08-17 12:40:32,1.259,235.966,28.25,NORMAL,100.0,LOW,STABLE,0,NONE,Continue normal monitoring.,4.29,NORMAL
M001,2026-08-17 12:40:35,0.879,245.542,28.25,NORMAL,100.0,LOW,STABLE,0,NONE,Continue normal monitoring.,0.25,NORMAL
M001,2026-08-17 12:40:37,1.109,258.886,28.25,NORMAL,100.0,LOW,STABLE,0,NONE,Continue normal monitoring.,3.06,NORMAL
M001,2026-08-17 12:40:39,1.063,238.832,28.25,NORMAL,100.0,LOW,STABLE,0,NONE,Continue normal monitoring.,2.35,NORMAL
M001,2026-08-17 12:40:41,1.028,244.588,28.25,NORMAL,100.0,LOW,STABLE,0,NONE,Continue normal monitoring.,2.03,NORMAL
M001,2026-08-17 12:40:43,0.942,287.223,28.25,NORMAL,100.0,LOW,STABLE,0,NONE,Continue normal monitoring.,14.07,NORMAL
M001,2026-08-17 12:40:45,1.267,219.12,28.25,NORMAL,100.0,LOW,STABLE,0,NONE,Continue normal monitoring.,8.76,NORMAL
M001,2026-08-17 12:40:47,1.033,245.068,28.25,NORMAL,100.0,LOW,STABLE,0,NONE,Continue normal monitoring.,1.76,NORMAL
M001,2026-08-17 12:40:49,0.949,233.183,28.25,NORMAL,100.0,LOW,STABLE,0,NONE,Continue normal monitoring.,1.84,NORMAL
M001,2026-08-17 12:40:51,1.242,223.765,28.25,NORMAL,100.0,LOW,STABLE,0,NONE,Continue normal monitoring.,7.36,NORMAL
M001,2026-08-17 12:40:53,1.524,629.423,28.25,WARNING_SOUND,72.0,MEDIUM,FALLING,1,MECHANICAL_ABNORMALITY,Inspect mechanical components and sound sources.,75.19,ABNORMAL_SOUND
M001,2026-08-17 12:40:55,1.034,272.041,28.25,NORMAL,100.0,LOW,RISING,0,NONE,Continue normal monitoring.,8.78,NORMAL
M001,2026-08-17 12:40:58,1.541,234.675,28.25,NORMAL,100.0,LOW,STABLE,0,NONE,Continue normal monitoring.,10.98,NORMAL
M001,2026-08-17 12:40:59,0.617,238.938,28.25,NORMAL,100.0,LOW,STABLE,0,NONE,Continue normal monitoring.,2.12,NORMAL
M001,2026-08-17 12:41:02,1.145,210.055,28.25,NORMAL,100.0,LOW,STABLE,0,NONE,Continue normal monitoring.,11.72,NORMAL
M001,2026-08-17 12:41:04,1.427,239.176,28.25,NORMAL,100.0,LOW,STABLE,0,NONE,Continue normal monitoring.,7.28,NORMAL
M001,2026-08-17 12:41:06,1.23,245.226,28.25,NORMAL,100.0,LOW,STABLE,0,NONE,Continue normal monitoring.,2.49,NORMAL
M001,2026-08-17 12:41:08,1.547,242.954,28.25,NORMAL,100.0,LOW,STABLE,0,NONE,Continue normal monitoring.,10.58,NORMAL
M001,2026-08-17 12:41:10,1.203,223.797,28.25,NORMAL,100.0,LOW,STABLE,0,NONE,Continue normal monitoring.,6.51,NORMAL
M001,2026-08-17 12:41:12,0.749,267.671,28.25,NORMAL,100.0,LOW,STABLE,0,NONE,Continue normal monitoring.,5.73,NORMAL
M001,2026-08-17 12:41:14,0.986,225.412,28.25,WARNING_SOUND,72.0,MEDIUM,FALLING,1,MECHANICAL_ABNORMALITY,Inspect mechanical components and sound sources.,4.51,NORMAL
M001,2026-08-17 12:41:16,1.082,225.122,28.25,NORMAL,100.0,LOW,RISING,0,NONE,Continue normal monitoring.,5.41,NORMAL
M001,2026-08-17 12:41:18,1.226,225.848,28.25,NORMAL,100.0,LOW,STABLE,0,NONE,Continue normal monitoring.,6.03,NORMAL
M001,2026-08-17 12:41:20,1.032,239.344,28.25,NORMAL,100.0,LOW,STABLE,0,NONE,Continue normal monitoring.,2.65,NORMAL
M001,2026-08-17 12:41:22,1.404,241.9,28.25,NORMAL,100.0,LOW,STABLE,0,NONE,Continue normal monitoring.,7.38,NORMAL
M001,2026-08-17 12:41:24,1.299,262.2,28.25,NORMAL,100.0,LOW,STABLE,0,NONE,Continue normal monitoring.,6.81,NORMAL
M001,2026-08-17 12:41:27,0.841,227.531,28.25,NORMAL,100.0,LOW,STABLE,0,NONE,Continue normal monitoring.,4.24,NORMAL
M001,2026-08-17 12:41:29,0.919,222.865,28.25,NORMAL,100.0,LOW,STABLE,0,NONE,Continue normal monitoring.,4.74,NORMAL
M001,2026-08-17 12:41:31,1.156,219.034,28.25,NORMAL,100.0,LOW,STABLE,0,NONE,Continue normal monitoring.,7.46,NORMAL
M001,2026-08-17 12:41:33,0.724,230.65,28.25,NORMAL,100.0,LOW,STABLE,0,NONE,Continue normal monitoring.,3.81,NORMAL
M001,2026-08-17 12:41:35,1.319,237.757,28.25,NORMAL,100.0,LOW,STABLE,0,NONE,Continue normal monitoring.,5.23,NORMAL
M001,2026-08-17 12:41:37,1.165,251.289,28.25,NORMAL,100.0,LOW,STABLE,0,NONE,Continue normal monitoring.,1.96,NORMAL
M001,2026-08-17 12:41:39,1.062,246.54,28.25,NORMAL,100.0,LOW,STABLE,0,NONE,Continue normal monitoring.,1.57,NORMAL
M001,2026-08-17 12:41:41,1.126,260.519,28.25,NORMAL,100.0,LOW,STABLE,0,NONE,Continue normal monitoring.,3.53,NORMAL
M001,2026-08-17 12:41:43,1.445,431.618,28.25,WARNING_SOUND,72.0,MEDIUM,FALLING,1,MECHANICAL_ABNORMALITY,Inspect mechanical components and sound sources.,52.54,UNKNOWN_ABNORMALITY
M001,2026-08-17 12:41:45,1.5,242.62,28.25,NORMAL,100.0,LOW,RISING,0,NONE,Continue normal monitoring.,9.54,NORMAL
M001,2026-08-17 12:41:47,1.068,208.702,28.25,NORMAL,100.0,LOW,STABLE,0,NONE,Continue normal monitoring.,13.41,NORMAL
M001,2026-08-17 12:41:49,1.199,276.521,28.25,NORMAL,100.0,LOW,STABLE,0,NONE,Continue normal monitoring.,11.68,NORMAL
M001,2026-08-17 12:41:51,1.342,249.925,28.25,NORMAL,100.0,LOW,STABLE,0,NONE,Continue normal monitoring.,5.5,NORMAL
M001,2026-08-17 12:41:54,1.32,227.96,28.25,NORMAL,100.0,LOW,STABLE,0,NONE,Continue normal monitoring.,6.77,NORMAL
M001,2026-08-17 12:41:56,1.215,275.264,28.25,NORMAL,100.0,LOW,STABLE,0,NONE,Continue normal monitoring.,11.26,NORMAL
M001,2026-08-17 12:41:58,0.92,239.592,28.25,NORMAL,100.0,LOW,STABLE,0,NONE,Continue normal monitoring.,1.02,NORMAL
M001,2026-08-17 12:42:00,1.141,262.149,28.25,NORMAL,100.0,LOW,STABLE,0,NONE,Continue normal monitoring.,4.41,NORMAL
M001,2026-08-17 12:42:02,0.9,267.989,28.25,NORMAL,100.0,LOW,STABLE,0,NONE,Continue normal monitoring.,5.49,NORMAL
M001,2026-08-17 12:42:04,0.901,204.671,28.25,NORMAL,100.0,LOW,STABLE,0,NONE,Continue normal monitoring.,15.84,NORMAL
M001,2026-08-17 12:42:06,1.198,248.235,28.25,NORMAL,100.0,LOW,STABLE,0,NONE,Continue normal monitoring.,1.95,NORMAL
M001,2026-08-17 12:42:08,1.226,270.674,28.25,NORMAL,100.0,LOW,STABLE,0,NONE,Continue normal monitoring.,9.4,NORMAL
M001,2026-08-17 12:42:10,1.223,236.27,28.25,NORMAL,100.0,LOW,STABLE,0,NONE,Continue normal monitoring.,3.69,NORMAL
M001,2026-08-17 12:42:12,1.396,226.902,28.25,NORMAL,100.0,LOW,STABLE,0,NONE,Continue normal monitoring.,8.86,NORMAL
M001,2026-08-17 12:42:14,0.766,251.612,28.25,NORMAL,100.0,LOW,STABLE,0,NONE,Continue normal monitoring.,1.3,NORMAL
M001,2026-08-17 12:42:16,1.13,236.257,28.25,NORMAL,100.0,LOW,STABLE,0,NONE,Continue normal monitoring.,2.29,NORMAL
M001,2026-08-17 12:42:19,0.825,259.672,28.25,NORMAL,100.0,LOW,STABLE,0,NONE,Continue normal monitoring.,3.36,NORMAL
M001,2026-08-17 12:42:21,0.721,249.61,28.25,NORMAL,100.0,LOW,STABLE,0,NONE,Continue normal monitoring.,1.34,NORMAL
M001,2026-08-17 12:42:23,0.91,245.562,28.25,NORMAL,100.0,LOW,STABLE,0,NONE,Continue normal monitoring.,0.0,NORMAL
M001,2026-08-17 12:42:25,0.932,251.726,28.25,NORMAL,100.0,LOW,STABLE,0,NONE,Continue normal monitoring.,0.91,NORMAL
M001,2026-08-17 12:42:27,1.129,254.52,28.25,NORMAL,100.0,LOW,STABLE,0,NONE,Continue normal monitoring.,2.23,NORMAL
M001,2026-08-17 12:42:29,0.818,225.565,28.25,NORMAL,100.0,LOW,STABLE,0,NONE,Continue normal monitoring.,4.56,NORMAL
M001,2026-08-17 12:42:31,1.011,258.901,28.25,NORMAL,100.0,LOW,STABLE,0,NONE,Continue normal monitoring.,3.25,NORMAL
M001,2026-08-17 12:42:33,0.953,283.301,28.25,NORMAL,100.0,LOW,STABLE,0,NONE,Continue normal monitoring.,12.34,NORMAL
M001,2026-08-17 12:42:35,1.126,216.419,28.25,NORMAL,100.0,LOW,STABLE,0,NONE,Continue normal monitoring.,8.66,NORMAL
M001,2026-08-17 12:42:37,1.026,243.437,28.25,NORMAL,100.0,LOW,STABLE,0,NONE,Continue normal monitoring.,2.13,NORMAL
M001,2026-08-17 12:42:39,0.965,368.245,28.25,WARNING_SOUND,72.0,MEDIUM,FALLING,1,MECHANICAL_ABNORMALITY,Inspect mechanical components and sound sources.,37.72,NORMAL
M001,2026-08-17 12:42:41,0.767,298.749,28.25,NORMAL,100.0,LOW,RISING,0,NONE,Continue normal monitoring.,20.78,NORMAL
M001,2026-08-17 12:42:43,0.852,283.046,28.25,NORMAL,100.0,LOW,STABLE,0,NONE,Continue normal monitoring.,12.54,NORMAL
M001,2026-08-17 12:42:46,0.956,255.663,28.25,NORMAL,100.0,LOW,STABLE,0,NONE,Continue normal monitoring.,1.89,NORMAL
M001,2026-08-17 12:42:48,0.895,253.966,28.25,NORMAL,100.0,LOW,STABLE,0,NONE,Continue normal monitoring.,1.13,NORMAL
M001,2026-08-17 12:42:50,0.532,293.562,28.25,NORMAL,100.0,LOW,STABLE,0,NONE,Continue normal monitoring.,20.08,NORMAL
M001,2026-08-17 12:42:52,1.301,337.406,28.25,NORMAL,100.0,LOW,STABLE,0,NONE,Continue normal monitoring.,32.43,NORMAL
M001,2026-08-17 12:42:54,1.23,245.671,28.25,NORMAL,100.0,LOW,STABLE,0,NONE,Continue normal monitoring.,2.52,NORMAL
M001,2026-08-17 12:42:56,1.173,468.495,28.25,WARNING_SOUND,72.0,MEDIUM,FALLING,1,MECHANICAL_ABNORMALITY,Inspect mechanical components and sound sources.,54.24,UNKNOWN_ABNORMALITY
M001,2026-08-17 12:42:58,0.921,243.794,28.25,NORMAL,100.0,LOW,RISING,0,NONE,Continue normal monitoring.,0.35,NORMAL
M001,2026-08-17 12:43:00,1.287,221.451,28.25,NORMAL,100.0,LOW,STABLE,0,NONE,Continue normal monitoring.,8.58,NORMAL
M001,2026-08-17 12:43:02,1.172,234.301,28.25,NORMAL,100.0,LOW,STABLE,0,NONE,Continue normal monitoring.,2.59,NORMAL
M001,2026-08-17 12:43:04,1.187,264.012,28.25,NORMAL,100.0,LOW,STABLE,0,NONE,Continue normal monitoring.,5.57,NORMAL
M001,2026-08-17 12:43:06,1.274,297.069,28.5,NORMAL,100.0,LOW,STABLE,0,NONE,Continue normal monitoring.,18.83,NORMAL
M001,2026-08-17 12:43:08,1.025,226.357,28.25,NORMAL,100.0,LOW,STABLE,0,NONE,Continue normal monitoring.,4.72,NORMAL
M001,2026-08-17 12:43:11,1.344,266.675,28.25,NORMAL,100.0,LOW,STABLE,0,NONE,Continue normal monitoring.,9.63,NORMAL
M001,2026-08-17 12:43:13,1.353,358.907,28.25,WARNING_SOUND,72.0,MEDIUM,FALLING,1,MECHANICAL_ABNORMALITY,Inspect mechanical components and sound sources.,38.12,NORMAL
M001,2026-08-17 12:43:15,1.16,333.531,28.5,NORMAL,100.0,LOW,RISING,0,NONE,Continue normal monitoring.,26.11,NORMAL
M001,2026-08-17 12:43:17,0.8,340.051,28.25,NORMAL,100.0,LOW,STABLE,0,NONE,Continue normal monitoring.,31.69,NORMAL
M001,2026-08-17 12:43:19,1.111,323.041,28.25,WARNING_SOUND,72.0,MEDIUM,FALLING,1,MECHANICAL_ABNORMALITY,Inspect mechanical components and sound sources.,26.55,NORMAL
M001,2026-08-17 12:43:21,0.752,718.092,28.25,NORMAL,100.0,LOW,RISING,0,NONE,Continue normal monitoring.,76.59,ABNORMAL_SOUND
M001,2026-08-17 12:43:23,1.023,321.769,28.5,WARNING_SOUND,72.0,MEDIUM,FALLING,1,MECHANICAL_ABNORMALITY,Inspect mechanical components and sound sources.,25.47,NORMAL
M001,2026-08-17 12:43:25,1.417,284.05,28.25,NORMAL,100.0,LOW,RISING,0,NONE,Continue normal monitoring.,18.75,NORMAL
M001,2026-08-17 12:43:27,1.216,374.576,28.25,WARNING_SOUND,72.0,MEDIUM,FALLING,1,MECHANICAL_ABNORMALITY,Inspect mechanical components and sound sources.,39.45,NORMAL
M001,2026-08-17 12:43:29,1.153,282.864,28.25,NORMAL,100.0,LOW,RISING,0,NONE,Continue normal monitoring.,12.87,NORMAL
M001,2026-08-17 12:43:31,1.319,338.236,28.25,NORMAL,100.0,LOW,STABLE,0,NONE,Continue normal monitoring.,33.01,NORMAL
M001,2026-08-17 12:43:33,1.287,267.931,28.25,NORMAL,100.0,LOW,STABLE,0,NONE,Continue normal monitoring.,9.4,NORMAL
M001,2026-08-17 12:43:36,1.467,364.563,28.25,WARNING_SOUND,72.0,MEDIUM,FALLING,1,MECHANICAL_ABNORMALITY,Inspect mechanical components and sound sources.,41.55,NORMAL
M001,2026-08-17 12:43:38,1.61,293.392,28.25,NORMAL,100.0,LOW,RISING,0,NONE,Continue normal monitoring.,28.35,NORMAL
M001,2026-08-17 12:43:40,1.45,846.434,28.25,WARNING_SOUND,72.0,MEDIUM,FALLING,1,MECHANICAL_ABNORMALITY,Inspect mechanical components and sound sources.,80.12,ABNORMAL_SOUND
M001,2026-08-17 12:43:42,1.503,413.414,28.25,WARNING_SOUND,72.0,MEDIUM,STABLE,1,MECHANICAL_ABNORMALITY,Inspect mechanical components and sound sources.,50.41,UNKNOWN_ABNORMALITY
M001,2026-08-17 12:43:44,1.485,317.126,28.25,NORMAL,100.0,LOW,RISING,0,NONE,Continue normal monitoring.,31.6,NORMAL
M001,2026-08-17 12:43:46,1.542,373.002,28.25,WARNING_SOUND,72.0,MEDIUM,FALLING,1,MECHANICAL_ABNORMALITY,Inspect mechanical components and sound sources.,44.73,NORMAL
M001,2026-08-17 12:43:48,1.226,300.136,28.25,NORMAL,100.0,LOW,RISING,0,NONE,Continue normal monitoring.,23.54,NORMAL
M001,2026-08-17 12:43:50,1.034,223.651,28.25,NORMAL,100.0,LOW,STABLE,0,NONE,Continue normal monitoring.,5.87,NORMAL
M001,2026-08-17 12:43:52,1.216,386.52,28.5,WARNING_SOUND,72.0,MEDIUM,FALLING,1,MECHANICAL_ABNORMALITY,Inspect mechanical components and sound sources.,37.62,NORMAL
M001,2026-08-17 12:43:54,0.984,262.09,28.25,NORMAL,100.0,LOW,RISING,0,NONE,Continue normal monitoring.,3.58,NORMAL
M001,2026-08-17 12:43:56,0.792,251.806,28.25,NORMAL,100.0,LOW,STABLE,0,NONE,Continue normal monitoring.,1.25,NORMAL
M001,2026-08-17 12:43:58,1.42,236.743,28.25,NORMAL,100.0,LOW,STABLE,0,NONE,Continue normal monitoring.,7.22,NORMAL
M001,2026-08-17 12:44:00,1.633,253.306,28.25,NORMAL,100.0,LOW,STABLE,0,NONE,Continue normal monitoring.,14.26,NORMAL
M001,2026-08-17 12:44:03,3.466,544.5,28.25,CRITICAL_VIB_SOUND,50.0,HIGH,FALLING,1,LOOSE_COMPONENT,Inspect and secure loose components.,86.33,EXCESSIVE_VIBRATION
M001,2026-08-17 12:44:05,1.757,494.588,28.25,WARNING_SOUND,72.0,MEDIUM,RISING,1,MECHANICAL_ABNORMALITY,Inspect mechanical components and sound sources.,66.59,UNKNOWN_ABNORMALITY
M001,2026-08-17 12:44:07,1.139,287.386,28.5,NORMAL,100.0,LOW,RISING,0,NONE,Continue normal monitoring.,13.04,NORMAL
M001,2026-08-17 12:44:09,1.209,424.73,28.25,WARNING_SOUND,72.0,MEDIUM,FALLING,1,MECHANICAL_ABNORMALITY,Inspect mechanical components and sound sources.,47.64,NORMAL
M001,2026-08-17 12:44:11,1.141,399.39,28.5,WARNING_SOUND,72.0,MEDIUM,STABLE,1,MECHANICAL_ABNORMALITY,Inspect mechanical components and sound sources.,42.13,NORMAL
M001,2026-08-17 12:44:13,1.076,245.226,28.25,NORMAL,100.0,LOW,RISING,0,NONE,Continue normal monitoring.,1.5,NORMAL
M001,2026-08-17 12:44:15,0.94,230.825,28.25,NORMAL,100.0,LOW,STABLE,0,NONE,Continue normal monitoring.,2.2,NORMAL
M001,2026-08-17 12:44:17,1.045,285.495,28.25,NORMAL,100.0,LOW,STABLE,0,NONE,Continue normal monitoring.,14.73,NORMAL
M001,2026-08-17 12:44:19,1.19,241.246,28.25,NORMAL,100.0,LOW,STABLE,0,NONE,Continue normal monitoring.,2.41,NORMAL
M001,2026-08-17 12:44:21,1.195,259.542,28.25,NORMAL,100.0,LOW,STABLE,0,NONE,Continue normal monitoring.,3.97,NORMAL
M001,2026-08-17 12:44:23,1.207,256.371,28.25,NORMAL,100.0,LOW,STABLE,0,NONE,Continue normal monitoring.,3.85,NORMAL
M001,2026-08-17 12:44:25,1.339,258.339,28.25,NORMAL,100.0,LOW,STABLE,0,NONE,Continue normal monitoring.,6.23,NORMAL
M001,2026-08-17 12:44:28,1.444,257.753,28.25,NORMAL,100.0,LOW,STABLE,0,NONE,Continue normal monitoring.,8.84,NORMAL
M001,2026-08-17 12:44:30,0.951,245.343,28.25,NORMAL,100.0,LOW,STABLE,0,NONE,Continue normal monitoring.,0.67,NORMAL
M001,2026-08-17 12:44:32,1.482,581.834,28.25,WARNING_SOUND,72.0,MEDIUM,FALLING,1,MECHANICAL_ABNORMALITY,Inspect mechanical components and sound sources.,71.11,ABNORMAL_SOUND
M001,2026-08-17 12:44:34,1.079,379.086,28.5,NORMAL,100.0,LOW,RISING,0,NONE,Continue normal monitoring.,38.0,NORMAL
M001,2026-08-17 12:44:36,0.875,417.355,28.25,WARNING_SOUND,72.0,MEDIUM,FALLING,1,MECHANICAL_ABNORMALITY,Inspect mechanical components and sound sources.,47.29,NORMAL
M001,2026-08-17 12:44:38,1.197,569.09,28.25,WARNING_SOUND,72.0,MEDIUM,STABLE,1,MECHANICAL_ABNORMALITY,Inspect mechanical components and sound sources.,67.61,ABNORMAL_SOUND
M001,2026-08-17 12:44:40,1.538,717.545,28.25,WARNING_SOUND,72.0,MEDIUM,STABLE,1,MECHANICAL_ABNORMALITY,Inspect mechanical components and sound sources.,78.67,ABNORMAL_SOUND
M001,2026-08-17 12:44:42,1.451,554.361,28.25,WARNING_SOUND,72.0,MEDIUM,STABLE,1,MECHANICAL_ABNORMALITY,Inspect mechanical components and sound sources.,68.39,ABNORMAL_SOUND
M001,2026-08-17 12:44:44,1.307,768.946,28.5,WARNING_SOUND,72.0,MEDIUM,STABLE,1,MECHANICAL_ABNORMALITY,Inspect mechanical components and sound sources.,76.67,ABNORMAL_SOUND
M001,2026-08-17 12:44:46,1.002,750.581,28.25,WARNING_SOUND,72.0,MEDIUM,STABLE,1,MECHANICAL_ABNORMALITY,Inspect mechanical components and sound sources.,75.22,ABNORMAL_SOUND
M001,2026-08-17 12:44:48,1.603,865.262,28.25,WARNING_SOUND,72.0,MEDIUM,STABLE,1,MECHANICAL_ABNORMALITY,Inspect mechanical components and sound sources.,80.85,ABNORMAL_SOUND
M001,2026-08-17 12:44:50,1.085,831.554,28.25,WARNING_SOUND,72.0,MEDIUM,STABLE,1,MECHANICAL_ABNORMALITY,Inspect mechanical components and sound sources.,76.96,ABNORMAL_SOUND
M001,2026-08-17 12:44:52,1.348,938.924,28.25,WARNING_SOUND,72.0,MEDIUM,STABLE,1,MECHANICAL_ABNORMALITY,Inspect mechanical components and sound sources.,80.43,ABNORMAL_SOUND
M001,2026-08-17 12:44:55,1.745,981.547,28.25,WARNING_SOUND,72.0,MEDIUM,STABLE,1,MECHANICAL_ABNORMALITY,Inspect mechanical components and sound sources.,84.13,ABNORMAL_SOUND
M001,2026-08-17 12:44:57,0.784,906.194,28.25,WARNING_SOUND,72.0,MEDIUM,STABLE,1,MECHANICAL_ABNORMALITY,Inspect mechanical components and sound sources.,79.15,ABNORMAL_SOUND
M001,2026-08-17 12:44:59,1.146,1003.49,28.25,WARNING_SOUND,72.0,MEDIUM,STABLE,1,MECHANICAL_ABNORMALITY,Inspect mechanical components and sound sources.,79.08,ABNORMAL_SOUND
M001,2026-08-17 12:45:01,1.223,940.961,28.25,WARNING_SOUND,72.0,MEDIUM,STABLE,1,MECHANICAL_ABNORMALITY,Inspect mechanical components and sound sources.,79.16,ABNORMAL_SOUND
M001,2026-08-17 12:45:03,0.125,942.89,28.25,WARNING_SOUND,72.0,MEDIUM,STABLE,1,MECHANICAL_ABNORMALITY,Inspect mechanical components and sound sources.,80.35,ABNORMAL_SOUND
M001,2026-08-17 12:45:05,1.514,939.831,28.25,WARNING_SOUND,72.0,MEDIUM,STABLE,1,MECHANICAL_ABNORMALITY,Inspect mechanical components and sound sources.,81.54,ABNORMAL_SOUND
M001,2026-08-17 12:45:07,1.645,896.539,28.25,CRITICAL_VIB_SOUND,50.0,HIGH,FALLING,1,LOOSE_COMPONENT,Inspect and secure loose components.,81.14,ABNORMAL_SOUND
M001,2026-08-17 12:45:09,0.363,841.457,28.25,WARNING_SOUND,72.0,MEDIUM,RISING,1,MECHANICAL_ABNORMALITY,Inspect mechanical components and sound sources.,79.32,ABNORMAL_SOUND
M001,2026-08-17 12:45:11,0.532,938.363,28.25,WARNING_SOUND,72.0,MEDIUM,STABLE,1,MECHANICAL_ABNORMALITY,Inspect mechanical components and sound sources.,80.61,ABNORMAL_SOUND
M001,2026-08-17 12:45:13,1.462,945.702,28.25,WARNING_SOUND,72.0,MEDIUM,STABLE,1,MECHANICAL_ABNORMALITY,Inspect mechanical components and sound sources.,81.51,ABNORMAL_SOUND
M001,2026-08-17 12:45:15,1.295,950.225,28.25,CRITICAL_VIB_SOUND,50.0,HIGH,FALLING,1,LOOSE_COMPONENT,Inspect and secure loose components.,80.15,ABNORMAL_SOUND
M001,2026-08-17 12:45:17,1.566,891.95,28.25,WARNING_SOUND,72.0,MEDIUM,RISING,1,MECHANICAL_ABNORMALITY,Inspect mechanical components and sound sources.,80.18,ABNORMAL_SOUND
M001,2026-08-17 12:45:20,2.187,974.835,28.25,WARNING_SOUND,72.0,MEDIUM,STABLE,1,MECHANICAL_ABNORMALITY,Inspect mechanical components and sound sources.,87.82,ABNORMAL_SOUND
M001,2026-08-17 12:45:22,0.098,921.234,28.25,WARNING_SOUND,72.0,MEDIUM,STABLE,1,MECHANICAL_ABNORMALITY,Inspect mechanical components and sound sources.,80.16,ABNORMAL_SOUND
M001,2026-08-17 12:45:24,0.058,972.324,28.25,WARNING_SOUND,72.0,MEDIUM,STABLE,1,MECHANICAL_ABNORMALITY,Inspect mechanical components and sound sources.,80.62,ABNORMAL_SOUND
M001,2026-08-17 12:45:26,2.849,949.407,28.25,CRITICAL_VIB_SOUND,50.0,HIGH,FALLING,1,LOOSE_COMPONENT,Inspect and secure loose components.,93.15,ABNORMAL_SOUND
M001,2026-08-17 12:45:28,2.1,935.037,28.25,CRITICAL_VIB_SOUND,50.0,HIGH,STABLE,1,LOOSE_COMPONENT,Inspect and secure loose components.,87.41,ABNORMAL_SOUND
M001,2026-08-17 12:45:30,2.133,959.472,28.25,WARNING_SOUND,72.0,MEDIUM,RISING,1,MECHANICAL_ABNORMALITY,Inspect mechanical components and sound sources.,87.52,ABNORMAL_SOUND
M001,2026-08-17 12:45:32,1.707,857.061,28.25,WARNING_SOUND,72.0,MEDIUM,STABLE,1,MECHANICAL_ABNORMALITY,Inspect mechanical components and sound sources.,82.09,ABNORMAL_SOUND
M001,2026-08-17 12:45:34,0.785,846.154,28.25,CRITICAL_VIB_SOUND,50.0,HIGH,FALLING,1,LOOSE_COMPONENT,Inspect and secure loose components.,78.53,ABNORMAL_SOUND
M001,2026-08-17 12:45:36,0.318,861.948,28.25,WARNING_SOUND,72.0,MEDIUM,RISING,1,MECHANICAL_ABNORMALITY,Inspect mechanical components and sound sources.,78.83,ABNORMAL_SOUND
M001,2026-08-17 12:50:19,1.274,1221.564,28.25,CRITICAL_VIB_SOUND,50.0,HIGH,FALLING,1,LOOSE_COMPONENT,Inspect and secure loose components.,79.43,ABNORMAL_SOUND
M001,2026-08-17 12:50:21,1.425,1282.847,28.25,WARNING_SOUND,72.0,MEDIUM,RISING,1,MECHANICAL_ABNORMALITY,Inspect mechanical components and sound sources.,81.16,ABNORMAL_SOUND
M001,2026-08-17 12:50:23,2.495,1279.834,28.25,CRITICAL_VIB_SOUND,50.0,HIGH,FALLING,1,LOOSE_COMPONENT,Inspect and secure loose components.,90.86,ABNORMAL_SOUND
M001,2026-08-17 12:50:25,0.579,1292.113,28.25,CRITICAL_VIB_SOUND,50.0,HIGH,STABLE,1,LOOSE_COMPONENT,Inspect and secure loose components.,80.67,ABNORMAL_SOUND
M001,2026-08-17 12:50:28,1.037,1254.068,28.25,WARNING_SOUND,72.0,MEDIUM,RISING,1,MECHANICAL_ABNORMALITY,Inspect mechanical components and sound sources.,78.41,ABNORMAL_SOUND
M001,2026-08-17 12:50:30,1.089,1219.228,28.25,WARNING_SOUND,72.0,MEDIUM,STABLE,1,MECHANICAL_ABNORMALITY,Inspect mechanical components and sound sources.,78.4,ABNORMAL_SOUND
M001,2026-08-17 12:50:32,0.012,1305.699,28.25,WARNING_SOUND,72.0,MEDIUM,STABLE,1,MECHANICAL_ABNORMALITY,Inspect mechanical components and sound sources.,83.56,ABNORMAL_SOUND
M001,2026-08-17 12:50:34,0.623,1265.247,28.25,WARNING_SOUND,72.0,MEDIUM,STABLE,1,MECHANICAL_ABNORMALITY,Inspect mechanical components and sound sources.,80.73,ABNORMAL_SOUND
M001,2026-08-17 12:50:36,1.294,1229.573,28.25,WARNING_SOUND,72.0,MEDIUM,STABLE,1,MECHANICAL_ABNORMALITY,Inspect mechanical components and sound sources.,79.87,ABNORMAL_SOUND
M001,2026-08-17 12:50:38,0.69,1272.405,28.25,CRITICAL_VIB_SOUND,50.0,HIGH,FALLING,1,LOOSE_COMPONENT,Inspect and secure loose components.,80.01,ABNORMAL_SOUND
M001,2026-08-17 12:50:40,1.874,1214.162,28.25,WARNING_SOUND,72.0,MEDIUM,RISING,1,MECHANICAL_ABNORMALITY,Inspect mechanical components and sound sources.,85.41,ABNORMAL_SOUND
M001,2026-08-17 12:50:42,0.767,1278.361,28.25,WARNING_SOUND,72.0,MEDIUM,STABLE,1,MECHANICAL_ABNORMALITY,Inspect mechanical components and sound sources.,79.6,ABNORMAL_SOUND
M001,2026-08-17 12:50:44,1.434,1265.909,28.25,WARNING_SOUND,72.0,MEDIUM,STABLE,1,MECHANICAL_ABNORMALITY,Inspect mechanical components and sound sources.,81.24,ABNORMAL_SOUND
M001,2026-08-17 12:50:46,0.283,1263.587,28.25,WARNING_SOUND,72.0,MEDIUM,STABLE,1,MECHANICAL_ABNORMALITY,Inspect mechanical components and sound sources.,79.71,ABNORMAL_SOUND
M001,2026-08-17 12:50:48,1.464,1299.412,28.25,CRITICAL_VIB_SOUND,50.0,HIGH,FALLING,1,LOOSE_COMPONENT,Inspect and secure loose components.,81.51,ABNORMAL_SOUND
M001,2026-08-17 12:50:50,0.869,1270.167,28.5,WARNING_SOUND,72.0,MEDIUM,RISING,1,MECHANICAL_ABNORMALITY,Inspect mechanical components and sound sources.,80.4,ABNORMAL_SOUND
M001,2026-08-17 12:50:52,2.166,997.925,28.25,WARNING_SOUND,72.0,MEDIUM,STABLE,1,MECHANICAL_ABNORMALITY,Inspect mechanical components and sound sources.,87.52,ABNORMAL_SOUND
M001,2026-08-17 12:50:55,1.336,838.496,28.25,CRITICAL_VIB_SOUND,50.0,HIGH,FALLING,1,LOOSE_COMPONENT,Inspect and secure loose components.,78.91,ABNORMAL_SOUND
M001,2026-08-17 12:50:57,1.477,866.312,28.25,WARNING_SOUND,72.0,MEDIUM,RISING,1,MECHANICAL_ABNORMALITY,Inspect mechanical components and sound sources.,79.69,ABNORMAL_SOUND
M001,2026-08-17 12:50:59,0.917,1342.745,28.25,WARNING_SOUND,72.0,MEDIUM,STABLE,1,MECHANICAL_ABNORMALITY,Inspect mechanical components and sound sources.,78.41,ABNORMAL_SOUND
M001,2026-08-17 12:51:01,1.014,1410.177,28.25,WARNING_SOUND,72.0,MEDIUM,STABLE,1,MECHANICAL_ABNORMALITY,Inspect mechanical components and sound sources.,78.39,ABNORMAL_SOUND
M001,2026-08-17 12:51:03,0.918,1097.592,28.25,WARNING_SOUND,72.0,MEDIUM,STABLE,1,MECHANICAL_ABNORMALITY,Inspect mechanical components and sound sources.,78.41,ABNORMAL_SOUND
M001,2026-08-17 12:51:05,0.944,943.285,28.25,WARNING_SOUND,72.0,MEDIUM,STABLE,1,MECHANICAL_ABNORMALITY,Inspect mechanical components and sound sources.,78.36,ABNORMAL_SOUND
M001,2026-08-17 12:51:07,0.937,744.338,28.25,WARNING_SOUND,72.0,MEDIUM,STABLE,1,MECHANICAL_ABNORMALITY,Inspect mechanical components and sound sources.,75.67,ABNORMAL_SOUND
M001,2026-08-17 12:51:09,1.486,357.978,28.25,WARNING_SOUND,72.0,MEDIUM,STABLE,1,MECHANICAL_ABNORMALITY,Inspect mechanical components and sound sources.,39.34,NORMAL
M001,2026-08-17 12:51:11,0.855,211.595,28.25,NORMAL,100.0,LOW,RISING,0,NONE,Continue normal monitoring.,11.29,NORMAL
M001,2026-08-17 12:51:13,1.117,818.497,28.25,WARNING_SOUND,72.0,MEDIUM,FALLING,1,MECHANICAL_ABNORMALITY,Inspect mechanical components and sound sources.,76.52,ABNORMAL_SOUND
M001,2026-08-17 12:51:15,1.116,309.347,28.25,NORMAL,100.0,LOW,RISING,0,NONE,Continue normal monitoring.,23.78,NORMAL
M001,2026-08-17 12:51:17,1.104,266.869,28.25,NORMAL,100.0,LOW,STABLE,0,NONE,Continue normal monitoring.,5.73,NORMAL
M001,2026-08-17 12:51:20,1.112,237.374,28.25,NORMAL,100.0,LOW,STABLE,0,NONE,Continue normal monitoring.,2.06,NORMAL
M001,2026-08-17 12:51:22,1.795,260.377,28.25,WARNING_SOUND,72.0,MEDIUM,FALLING,1,MECHANICAL_ABNORMALITY,Inspect mechanical components and sound sources.,21.23,NORMAL
M001,2026-08-17 12:51:24,0.978,240.32,28.25,NORMAL,100.0,LOW,RISING,0,NONE,Continue normal monitoring.,1.55,NORMAL
M001,2026-08-17 12:51:26,0.988,230.507,28.25,NORMAL,100.0,LOW,STABLE,0,NONE,Continue normal monitoring.,2.87,NORMAL
M001,2026-08-17 12:51:28,1.049,1021.07,28.25,WARNING_SOUND,72.0,MEDIUM,FALLING,1,MECHANICAL_ABNORMALITY,Inspect mechanical components and sound sources.,78.36,ABNORMAL_SOUND
M001,2026-08-17 12:51:30,3.602,1217.335,28.25,WARNING_SOUND,72.0,MEDIUM,STABLE,1,MECHANICAL_ABNORMALITY,Inspect mechanical components and sound sources.,94.25,EXCESSIVE_VIBRATION
M001,2026-08-17 12:51:32,1.025,1110.685,28.25,CRITICAL_VIB_SOUND,50.0,HIGH,FALLING,1,LOOSE_COMPONENT,Inspect and secure loose components.,78.52,ABNORMAL_SOUND
M001,2026-08-17 12:51:34,1.526,1250.125,28.25,WARNING_SOUND,72.0,MEDIUM,RISING,1,MECHANICAL_ABNORMALITY,Inspect mechanical components and sound sources.,81.6,ABNORMAL_SOUND
M001,2026-08-17 12:51:36,0.177,1228.283,28.25,WARNING_SOUND,72.0,MEDIUM,STABLE,1,MECHANICAL_ABNORMALITY,Inspect mechanical components and sound sources.,80.52,ABNORMAL_SOUND
M001,2026-08-17 12:51:38,0.62,1295.146,28.25,WARNING_SOUND,72.0,MEDIUM,STABLE,1,MECHANICAL_ABNORMALITY,Inspect mechanical components and sound sources.,80.73,ABNORMAL_SOUND
M001,2026-08-17 12:51:40,1.994,1186.398,28.25,CRITICAL_VIB_SOUND,50.0,HIGH,FALLING,1,LOOSE_COMPONENT,Inspect and secure loose components.,85.88,ABNORMAL_SOUND
M001,2026-08-17 12:51:42,0.513,1248.611,28.25,WARNING_SOUND,72.0,MEDIUM,RISING,1,MECHANICAL_ABNORMALITY,Inspect mechanical components and sound sources.,80.55,ABNORMAL_SOUND
M001,2026-08-17 12:51:45,1.328,1260.274,28.25,WARNING_SOUND,72.0,MEDIUM,STABLE,1,MECHANICAL_ABNORMALITY,Inspect mechanical components and sound sources.,80.26,ABNORMAL_SOUND
M001,2026-08-17 12:51:47,0.067,1257.407,28.5,CRITICAL_VIB_SOUND,50.0,HIGH,FALLING,1,LOOSE_COMPONENT,Inspect and secure loose components.,81.77,ABNORMAL_SOUND
M001,2026-08-17 12:51:49,2.1,1211.562,28.25,CRITICAL_VIB_SOUND,50.0,HIGH,STABLE,1,LOOSE_COMPONENT,Inspect and secure loose components.,87.41,ABNORMAL_SOUND
M001,2026-08-17 12:51:51,0.38,1253.983,28.25,WARNING_SOUND,72.0,MEDIUM,RISING,1,MECHANICAL_ABNORMALITY,Inspect mechanical components and sound sources.,80.43,ABNORMAL_SOUND
M001,2026-08-17 12:51:53,0.141,1241.888,28.25,WARNING_SOUND,72.0,MEDIUM,STABLE,1,MECHANICAL_ABNORMALITY,Inspect mechanical components and sound sources.,80.82,ABNORMAL_SOUND
M001,2026-08-17 12:51:55,0.327,1253.725,28.25,WARNING_SOUND,72.0,MEDIUM,STABLE,1,MECHANICAL_ABNORMALITY,Inspect mechanical components and sound sources.,80.22,ABNORMAL_SOUND
M001,2026-08-17 12:51:57,1.279,1239.803,28.5,WARNING_SOUND,72.0,MEDIUM,STABLE,1,MECHANICAL_ABNORMALITY,Inspect mechanical components and sound sources.,78.53,ABNORMAL_SOUND
M001,2026-08-17 12:51:59,0.295,1270.893,28.25,WARNING_SOUND,72.0,MEDIUM,STABLE,1,MECHANICAL_ABNORMALITY,Inspect mechanical components and sound sources.,79.84,ABNORMAL_SOUND
M001,2026-08-17 12:52:01,0.275,1234.571,28.25,WARNING_SOUND,72.0,MEDIUM,STABLE,1,MECHANICAL_ABNORMALITY,Inspect mechanical components and sound sources.,79.8,ABNORMAL_SOUND
M001,2026-08-17 12:52:03,2.826,1237.689,28.25,CRITICAL_VIB_SOUND,50.0,HIGH,FALLING,1,LOOSE_COMPONENT,Inspect and secure loose components.,92.49,ABNORMAL_SOUND
M001,2026-08-17 12:52:05,2.365,1199.03,28.25,CRITICAL_VIB_SOUND,50.0,HIGH,STABLE,1,LOOSE_COMPONENT,Inspect and secure loose components.,89.43,ABNORMAL_SOUND
M001,2026-08-17 12:52:07,0.555,1248.531,28.5,WARNING_SOUND,72.0,MEDIUM,RISING,1,MECHANICAL_ABNORMALITY,Inspect mechanical components and sound sources.,81.87,ABNORMAL_SOUND
M001,2026-08-17 12:52:09,0.013,1217.527,28.25,WARNING_SOUND,72.0,MEDIUM,STABLE,1,MECHANICAL_ABNORMALITY,Inspect mechanical components and sound sources.,83.56,ABNORMAL_SOUND
M001,2026-08-17 12:52:12,2.186,1186.339,28.25,CRITICAL_VIB_SOUND,50.0,HIGH,FALLING,1,LOOSE_COMPONENT,Inspect and secure loose components.,87.82,ABNORMAL_SOUND
M001,2026-08-17 12:52:14,0.948,1220.652,28.25,CRITICAL_VIB_SOUND,50.0,HIGH,STABLE,1,LOOSE_COMPONENT,Inspect and secure loose components.,78.25,ABNORMAL_SOUND
M001,2026-08-17 12:52:16,0.105,1232.204,28.25,WARNING_SOUND,72.0,MEDIUM,RISING,1,MECHANICAL_ABNORMALITY,Inspect mechanical components and sound sources.,80.1,ABNORMAL_SOUND
M001,2026-08-17 12:52:18,1.683,712.133,28.25,CRITICAL_VIB_SOUND,50.0,HIGH,FALLING,1,LOOSE_COMPONENT,Inspect and secure loose components.,79.57,ABNORMAL_SOUND
M001,2026-08-17 12:52:20,1.023,225.134,28.25,NORMAL,100.0,LOW,RISING,0,NONE,Continue normal monitoring.,5.27,NORMAL
M001,2026-08-17 12:52:22,1.335,404.62,28.25,WARNING_SOUND,72.0,MEDIUM,FALLING,1,MECHANICAL_ABNORMALITY,Inspect mechanical components and sound sources.,46.91,NORMAL
M001,2026-08-17 12:52:24,0.897,515.078,28.25,WARNING_SOUND,72.0,MEDIUM,STABLE,1,MECHANICAL_ABNORMALITY,Inspect mechanical components and sound sources.,61.28,ABNORMAL_SOUND
M001,2026-08-17 12:52:26,1.08,637.335,28.25,WARNING_SOUND,72.0,MEDIUM,STABLE,1,MECHANICAL_ABNORMALITY,Inspect mechanical components and sound sources.,72.09,ABNORMAL_SOUND
M001,2026-08-17 12:52:28,1.059,496.952,28.25,WARNING_SOUND,72.0,MEDIUM,STABLE,1,MECHANICAL_ABNORMALITY,Inspect mechanical components and sound sources.,58.91,UNKNOWN_ABNORMALITY
M001,2026-08-17 12:52:30,1.12,686.77,28.25,WARNING_SOUND,72.0,MEDIUM,STABLE,1,MECHANICAL_ABNORMALITY,Inspect mechanical components and sound sources.,74.39,ABNORMAL_SOUND
M001,2026-08-17 12:52:32,1.48,829.24,28.25,WARNING_SOUND,72.0,MEDIUM,STABLE,1,MECHANICAL_ABNORMALITY,Inspect mechanical components and sound sources.,79.32,ABNORMAL_SOUND
M001,2026-08-17 12:52:34,0.841,976.087,28.25,WARNING_SOUND,72.0,MEDIUM,STABLE,1,MECHANICAL_ABNORMALITY,Inspect mechanical components and sound sources.,78.9,ABNORMAL_SOUND
M001,2026-08-17 12:52:37,1.821,1116.794,28.25,WARNING_SOUND,72.0,MEDIUM,STABLE,1,MECHANICAL_ABNORMALITY,Inspect mechanical components and sound sources.,84.54,ABNORMAL_SOUND
M001,2026-08-17 12:52:39,0.895,1178.267,28.25,WARNING_SOUND,72.0,MEDIUM,STABLE,1,MECHANICAL_ABNORMALITY,Inspect mechanical components and sound sources.,78.45,ABNORMAL_SOUND
M001,2026-08-17 12:52:41,1.584,1040.788,28.5,WARNING_SOUND,72.0,MEDIUM,STABLE,1,MECHANICAL_ABNORMALITY,Inspect mechanical components and sound sources.,78.12,ABNORMAL_SOUND
M001,2026-08-17 12:52:43,1.131,492.71,28.25,WARNING_SOUND,72.0,MEDIUM,STABLE,1,MECHANICAL_ABNORMALITY,Inspect mechanical components and sound sources.,58.22,UNKNOWN_ABNORMALITY
M001,2026-08-17 12:52:45,1.659,981.726,28.25,WARNING_SOUND,72.0,MEDIUM,STABLE,1,MECHANICAL_ABNORMALITY,Inspect mechanical components and sound sources.,82.57,ABNORMAL_SOUND
M001,2026-08-17 12:52:47,1.215,1113.265,28.25,WARNING_SOUND,72.0,MEDIUM,STABLE,1,MECHANICAL_ABNORMALITY,Inspect mechanical components and sound sources.,79.1,ABNORMAL_SOUND
M001,2026-08-17 12:52:49,1.203,1227.027,28.25,WARNING_SOUND,72.0,MEDIUM,STABLE,1,MECHANICAL_ABNORMALITY,Inspect mechanical components and sound sources.,79.06,ABNORMAL_SOUND
M001,2026-08-17 12:52:51,0.593,1078.077,28.25,WARNING_SOUND,72.0,MEDIUM,STABLE,1,MECHANICAL_ABNORMALITY,Inspect mechanical components and sound sources.,81.0,ABNORMAL_SOUND
M001,2026-08-17 12:52:53,1.092,1279.963,28.25,WARNING_SOUND,72.0,MEDIUM,STABLE,1,MECHANICAL_ABNORMALITY,Inspect mechanical components and sound sources.,78.34,ABNORMAL_SOUND
M001,2026-08-17 12:52:55,0.799,1273.091,28.25,WARNING_SOUND,72.0,MEDIUM,STABLE,1,MECHANICAL_ABNORMALITY,Inspect mechanical components and sound sources.,79.27,ABNORMAL_SOUND
M001,2026-08-17 12:52:57,0.938,1136.363,28.25,WARNING_SOUND,72.0,MEDIUM,STABLE,1,MECHANICAL_ABNORMALITY,Inspect mechanical components and sound sources.,78.51,ABNORMAL_SOUND
M001,2026-08-17 12:52:59,0.253,1252.223,28.25,WARNING_SOUND,72.0,MEDIUM,STABLE,1,MECHANICAL_ABNORMALITY,Inspect mechanical components and sound sources.,79.8,ABNORMAL_SOUND
M001,2026-08-17 12:53:01,1.502,1001.5,28.25,WARNING_SOUND,72.0,MEDIUM,STABLE,1,MECHANICAL_ABNORMALITY,Inspect mechanical components and sound sources.,81.11,ABNORMAL_SOUND
M001,2026-08-17 12:53:04,2.113,1238.618,28.25,CRITICAL_VIB_SOUND,50.0,HIGH,FALLING,1,LOOSE_COMPONENT,Inspect and secure loose components.,87.35,ABNORMAL_SOUND
M001,2026-08-17 12:53:06,0.524,1280.542,28.25,WARNING_SOUND,72.0,MEDIUM,RISING,1,MECHANICAL_ABNORMALITY,Inspect mechanical components and sound sources.,80.95,ABNORMAL_SOUND
M001,2026-08-17 12:53:08,0.6,1149.812,28.25,WARNING_SOUND,72.0,MEDIUM,STABLE,1,MECHANICAL_ABNORMALITY,Inspect mechanical components and sound sources.,80.81,ABNORMAL_SOUND
M001,2026-08-17 12:53:10,1.472,1253.95,28.25,CRITICAL_VIB_SOUND,50.0,HIGH,FALLING,1,LOOSE_COMPONENT,Inspect and secure loose components.,81.04,ABNORMAL_SOUND
M001,2026-08-17 12:53:12,1.198,1278.104,28.5,WARNING_SOUND,72.0,MEDIUM,RISING,1,MECHANICAL_ABNORMALITY,Inspect mechanical components and sound sources.,78.06,ABNORMAL_SOUND
M001,2026-08-17 12:53:14,1.745,1278.756,28.25,WARNING_SOUND,72.0,MEDIUM,STABLE,1,MECHANICAL_ABNORMALITY,Inspect mechanical components and sound sources.,84.13,ABNORMAL_SOUND
M001,2026-08-17 12:53:16,0.9,1252.788,28.25,CRITICAL_VIB_SOUND,50.0,HIGH,FALLING,1,LOOSE_COMPONENT,Inspect and secure loose components.,78.29,ABNORMAL_SOUND
M001,2026-08-17 12:53:18,0.921,1234.703,28.25,WARNING_SOUND,72.0,MEDIUM,RISING,1,MECHANICAL_ABNORMALITY,Inspect mechanical components and sound sources.,78.41,ABNORMAL_SOUND
M001,2026-08-17 12:53:20,0.439,1298.55,28.25,WARNING_SOUND,72.0,MEDIUM,STABLE,1,MECHANICAL_ABNORMALITY,Inspect mechanical components and sound sources.,80.27,ABNORMAL_SOUND
M001,2026-08-17 12:53:22,1.496,1279.41,28.25,CRITICAL_VIB_SOUND,50.0,HIGH,FALLING,1,LOOSE_COMPONENT,Inspect and secure loose components.,81.11,ABNORMAL_SOUND
M001,2026-08-17 12:53:24,0.483,1247.017,28.5,CRITICAL_VIB_SOUND,50.0,HIGH,STABLE,1,LOOSE_COMPONENT,Inspect and secure loose components.,81.12,ABNORMAL_SOUND
M001,2026-08-17 12:53:26,1.452,1201.985,28.25,WARNING_SOUND,72.0,MEDIUM,RISING,1,MECHANICAL_ABNORMALITY,Inspect mechanical components and sound sources.,81.47,ABNORMAL_SOUND
M001,2026-08-17 12:53:29,0.235,1187.471,28.25,WARNING_SOUND,72.0,MEDIUM,STABLE,1,MECHANICAL_ABNORMALITY,Inspect mechanical components and sound sources.,80.05,ABNORMAL_SOUND
M001,2026-08-17 12:53:31,0.411,1259.213,28.25,CRITICAL_VIB_SOUND,50.0,HIGH,FALLING,1,LOOSE_COMPONENT,Inspect and secure loose components.,80.26,ABNORMAL_SOUND
M001,2026-08-17 12:53:33,0.792,1162.85,28.25,CRITICAL_VIB_SOUND,50.0,HIGH,STABLE,1,LOOSE_COMPONENT,Inspect and secure loose components.,79.37,ABNORMAL_SOUND
M001,2026-08-17 12:53:35,2.86,1175.448,28.25,WARNING_SOUND,72.0,MEDIUM,RISING,1,MECHANICAL_ABNORMALITY,Inspect mechanical components and sound sources.,93.15,ABNORMAL_SOUND
M001,2026-08-17 12:53:37,3.064,1173.199,28.25,CRITICAL_VIB_SOUND,50.0,HIGH,FALLING,1,LOOSE_COMPONENT,Inspect and secure loose components.,93.82,EXCESSIVE_VIBRATION
M001,2026-08-17 12:53:39,2.364,1285.95,28.25,CRITICAL_VIB_SOUND,50.0,HIGH,STABLE,1,LOOSE_COMPONENT,Inspect and secure loose components.,89.43,ABNORMAL_SOUND
M001,2026-08-17 12:53:41,1.728,1256.672,28.25,WARNING_SOUND,72.0,MEDIUM,RISING,1,MECHANICAL_ABNORMALITY,Inspect mechanical components and sound sources.,83.56,ABNORMAL_SOUND
M001,2026-08-17 12:53:43,0.31,1264.434,28.25,WARNING_SOUND,72.0,MEDIUM,STABLE,1,MECHANICAL_ABNORMALITY,Inspect mechanical components and sound sources.,79.84,ABNORMAL_SOUND
M001,2026-08-17 12:53:45,0.034,1257.314,28.5,WARNING_SOUND,72.0,MEDIUM,STABLE,1,MECHANICAL_ABNORMALITY,Inspect mechanical components and sound sources.,82.77,ABNORMAL_SOUND
M001,2026-08-17 12:53:47,1.505,1233.702,28.25,CRITICAL_VIB_SOUND,50.0,HIGH,FALLING,1,LOOSE_COMPONENT,Inspect and secure loose components.,81.11,ABNORMAL_SOUND
M001,2026-08-17 12:53:49,1.26,1293.111,28.25,WARNING_SOUND,72.0,MEDIUM,RISING,1,MECHANICAL_ABNORMALITY,Inspect mechanical components and sound sources.,79.78,ABNORMAL_SOUND
M001,2026-08-17 12:53:51,1.241,1220.48,28.25,WARNING_SOUND,72.0,MEDIUM,STABLE,1,MECHANICAL_ABNORMALITY,Inspect mechanical components and sound sources.,79.43,ABNORMAL_SOUND
M001,2026-08-17 12:53:54,2.326,1270.105,28.25,CRITICAL_VIB_SOUND,50.0,HIGH,FALLING,1,LOOSE_COMPONENT,Inspect and secure loose components.,89.07,ABNORMAL_SOUND
M001,2026-08-17 12:53:56,0.041,1285.131,28.25,WARNING_SOUND,72.0,MEDIUM,RISING,1,MECHANICAL_ABNORMALITY,Inspect mechanical components and sound sources.,81.65,ABNORMAL_SOUND
M001,2026-08-17 12:53:58,0.665,1180.017,28.5,WARNING_SOUND,72.0,MEDIUM,STABLE,1,MECHANICAL_ABNORMALITY,Inspect mechanical components and sound sources.,81.35,ABNORMAL_SOUND
M001,2026-08-17 12:54:00,0.673,1220.193,28.25,WARNING_SOUND,72.0,MEDIUM,STABLE,1,MECHANICAL_ABNORMALITY,Inspect mechanical components and sound sources.,79.77,ABNORMAL_SOUND
M001,2026-08-17 12:54:02,0.861,1257.858,28.25,WARNING_SOUND,72.0,MEDIUM,STABLE,1,MECHANICAL_ABNORMALITY,Inspect mechanical components and sound sources.,78.67,ABNORMAL_SOUND
M001,2026-08-17 12:54:04,1.02,1171.479,28.5,WARNING_SOUND,72.0,MEDIUM,STABLE,1,MECHANICAL_ABNORMALITY,Inspect mechanical components and sound sources.,78.37,ABNORMAL_SOUND
M001,2026-08-17 12:54:06,0.025,1227.411,28.25,WARNING_SOUND,72.0,MEDIUM,STABLE,1,MECHANICAL_ABNORMALITY,Inspect mechanical components and sound sources.,82.47,ABNORMAL_SOUND
M001,2026-08-17 12:54:08,0.257,1175.051,28.25,WARNING_SOUND,72.0,MEDIUM,STABLE,1,MECHANICAL_ABNORMALITY,Inspect mechanical components and sound sources.,79.73,ABNORMAL_SOUND
M001,2026-08-17 12:54:10,1.349,1259.072,28.25,WARNING_SOUND,72.0,MEDIUM,STABLE,1,MECHANICAL_ABNORMALITY,Inspect mechanical components and sound sources.,80.38,ABNORMAL_SOUND
M001,2026-08-17 12:54:12,1.524,1202.369,28.5,WARNING_SOUND,72.0,MEDIUM,STABLE,1,MECHANICAL_ABNORMALITY,Inspect mechanical components and sound sources.,78.56,ABNORMAL_SOUND
M001,2026-08-17 12:54:14,1.208,1249.067,28.25,WARNING_SOUND,72.0,MEDIUM,STABLE,1,MECHANICAL_ABNORMALITY,Inspect mechanical components and sound sources.,79.1,ABNORMAL_SOUND
M001,2026-08-17 12:54:17,1.565,1181.005,28.5,WARNING_SOUND,72.0,MEDIUM,STABLE,1,MECHANICAL_ABNORMALITY,Inspect mechanical components and sound sources.,77.87,ABNORMAL_SOUND
M001,2026-08-17 12:54:18,1.268,1235.516,28.25,WARNING_SOUND,72.0,MEDIUM,STABLE,1,MECHANICAL_ABNORMALITY,Inspect mechanical components and sound sources.,79.67,ABNORMAL_SOUND
M001,2026-08-17 12:54:21,2.307,1285.036,28.25,CRITICAL_VIB_SOUND,50.0,HIGH,FALLING,1,LOOSE_COMPONENT,Inspect and secure loose components.,88.65,ABNORMAL_SOUND
M001,2026-08-17 12:54:23,0.585,1255.099,28.25,CRITICAL_VIB_SOUND,50.0,HIGH,STABLE,1,LOOSE_COMPONENT,Inspect and secure loose components.,81.0,ABNORMAL_SOUND
M001,2026-08-17 12:54:25,1.443,1253.432,28.5,WARNING_SOUND,72.0,MEDIUM,RISING,1,MECHANICAL_ABNORMALITY,Inspect mechanical components and sound sources.,79.02,ABNORMAL_SOUND
M001,2026-08-17 12:54:27,1.043,1224.38,28.25,WARNING_SOUND,72.0,MEDIUM,STABLE,1,MECHANICAL_ABNORMALITY,Inspect mechanical components and sound sources.,78.41,ABNORMAL_SOUND
M001,2026-08-17 12:54:29,0.513,1215.621,28.25,WARNING_SOUND,72.0,MEDIUM,STABLE,1,MECHANICAL_ABNORMALITY,Inspect mechanical components and sound sources.,80.55,ABNORMAL_SOUND
M001,2026-08-17 12:54:31,1.718,1215.067,28.25,WARNING_SOUND,72.0,MEDIUM,STABLE,1,MECHANICAL_ABNORMALITY,Inspect mechanical components and sound sources.,83.27,ABNORMAL_SOUND
M001,2026-08-17 12:54:33,0.986,1262.054,28.25,CRITICAL_VIB_SOUND,50.0,HIGH,FALLING,1,LOOSE_COMPONENT,Inspect and secure loose components.,78.14,ABNORMAL_SOUND
M001,2026-08-17 12:54:35,0.594,1251.537,28.25,WARNING_SOUND,72.0,MEDIUM,RISING,1,MECHANICAL_ABNORMALITY,Inspect mechanical components and sound sources.,80.83,ABNORMAL_SOUND
M001,2026-08-17 12:54:37,0.255,1191.577,28.25,WARNING_SOUND,72.0,MEDIUM,STABLE,1,MECHANICAL_ABNORMALITY,Inspect mechanical components and sound sources.,79.78,ABNORMAL_SOUND
M001,2026-08-17 12:54:39,1.627,1265.752,28.5,WARNING_SOUND,72.0,MEDIUM,STABLE,1,MECHANICAL_ABNORMALITY,Inspect mechanical components and sound sources.,78.21,ABNORMAL_SOUND
M001,2026-08-17 12:54:41,0.33,1233.829,28.25,WARNING_SOUND,72.0,MEDIUM,STABLE,1,MECHANICAL_ABNORMALITY,Inspect mechanical components and sound sources.,80.22,ABNORMAL_SOUND
M001,2026-08-17 12:54:43,0.702,1275.598,28.5,WARNING_SOUND,72.0,MEDIUM,STABLE,1,MECHANICAL_ABNORMALITY,Inspect mechanical components and sound sources.,81.2,ABNORMAL_SOUND
M001,2026-08-17 12:54:46,1.287,1297.399,28.25,WARNING_SOUND,72.0,MEDIUM,STABLE,1,MECHANICAL_ABNORMALITY,Inspect mechanical components and sound sources.,79.77,ABNORMAL_SOUND
M001,2026-08-17 12:54:48,0.949,1237.505,28.25,WARNING_SOUND,72.0,MEDIUM,STABLE,1,MECHANICAL_ABNORMALITY,Inspect mechanical components and sound sources.,78.25,ABNORMAL_SOUND
M001,2026-08-17 12:54:50,1.292,1256.599,28.5,WARNING_SOUND,72.0,MEDIUM,STABLE,1,MECHANICAL_ABNORMALITY,Inspect mechanical components and sound sources.,78.44,ABNORMAL_SOUND
M001,2026-08-17 12:54:52,0.883,502.835,28.5,WARNING_SOUND,72.0,MEDIUM,STABLE,1,MECHANICAL_ABNORMALITY,Inspect mechanical components and sound sources.,62.39,ABNORMAL_SOUND
M001,2026-08-17 12:54:54,0.941,1190.53,28.25,WARNING_SOUND,72.0,MEDIUM,STABLE,1,MECHANICAL_ABNORMALITY,Inspect mechanical components and sound sources.,78.36,ABNORMAL_SOUND
M001,2026-08-17 12:54:56,1.241,464.009,28.25,WARNING_SOUND,72.0,MEDIUM,STABLE,1,MECHANICAL_ABNORMALITY,Inspect mechanical components and sound sources.,53.2,UNKNOWN_ABNORMALITY
M001,2026-08-17 12:54:58,1.104,406.022,28.25,WARNING_SOUND,72.0,MEDIUM,STABLE,1,MECHANICAL_ABNORMALITY,Inspect mechanical components and sound sources.,44.99,NORMAL
M001,2026-08-17 12:55:00,1.065,444.806,28.25,WARNING_SOUND,72.0,MEDIUM,STABLE,1,MECHANICAL_ABNORMALITY,Inspect mechanical components and sound sources.,50.79,UNKNOWN_ABNORMALITY
M001,2026-08-17 12:55:02,0.711,961.114,28.25,NORMAL,100.0,LOW,RISING,0,NONE,Continue normal monitoring.,80.23,ABNORMAL_SOUND
M001,2026-08-17 12:55:04,1.019,699.579,28.5,WARNING_SOUND,72.0,MEDIUM,FALLING,1,MECHANICAL_ABNORMALITY,Inspect mechanical components and sound sources.,74.07,ABNORMAL_SOUND
M001,2026-08-17 12:55:06,1.798,1081.961,28.5,WARNING_SOUND,72.0,MEDIUM,STABLE,1,MECHANICAL_ABNORMALITY,Inspect mechanical components and sound sources.,80.86,ABNORMAL_SOUND
M001,2026-08-17 12:55:08,1.371,888.208,28.5,WARNING_SOUND,72.0,MEDIUM,STABLE,1,MECHANICAL_ABNORMALITY,Inspect mechanical components and sound sources.,78.27,ABNORMAL_SOUND
M001,2026-08-17 12:55:11,0.907,1057.963,28.25,WARNING_SOUND,72.0,MEDIUM,STABLE,1,MECHANICAL_ABNORMALITY,Inspect mechanical components and sound sources.,78.29,ABNORMAL_SOUND
M001,2026-08-17 12:55:13,0.752,928.371,28.25,WARNING_SOUND,72.0,MEDIUM,STABLE,1,MECHANICAL_ABNORMALITY,Inspect mechanical components and sound sources.,80.17,ABNORMAL_SOUND
M001,2026-08-17 12:55:15,1.339,961.562,28.25,WARNING_SOUND,72.0,MEDIUM,STABLE,1,MECHANICAL_ABNORMALITY,Inspect mechanical components and sound sources.,80.26,ABNORMAL_SOUND
M001,2026-08-17 12:55:17,0.902,950.168,28.25,WARNING_SOUND,72.0,MEDIUM,STABLE,1,MECHANICAL_ABNORMALITY,Inspect mechanical components and sound sources.,78.29,ABNORMAL_SOUND
M001,2026-08-17 12:55:19,1.217,1128.632,28.25,WARNING_SOUND,72.0,MEDIUM,STABLE,1,MECHANICAL_ABNORMALITY,Inspect mechanical components and sound sources.,79.1,ABNORMAL_SOUND
M001,2026-08-17 12:55:21,1.249,1186.304,28.5,WARNING_SOUND,72.0,MEDIUM,STABLE,1,MECHANICAL_ABNORMALITY,Inspect mechanical components and sound sources.,78.37,ABNORMAL_SOUND
M001,2026-08-17 12:55:23,0.4,1116.065,28.5,WARNING_SOUND,72.0,MEDIUM,STABLE,1,MECHANICAL_ABNORMALITY,Inspect mechanical components and sound sources.,81.21,ABNORMAL_SOUND
M001,2026-08-17 12:55:25,1.452,1170.368,28.5,WARNING_SOUND,72.0,MEDIUM,STABLE,1,MECHANICAL_ABNORMALITY,Inspect mechanical components and sound sources.,79.08,ABNORMAL_SOUND
M001,2026-08-17 12:55:27,3.139,1275.273,28.25,CRITICAL_VIB_SOUND,50.0,HIGH,FALLING,1,LOOSE_COMPONENT,Inspect and secure loose components.,93.82,EXCESSIVE_VIBRATION
M001,2026-08-17 12:55:29,0.958,1196.72,28.25,CRITICAL_VIB_SOUND,50.0,HIGH,STABLE,1,LOOSE_COMPONENT,Inspect and secure loose components.,78.08,ABNORMAL_SOUND
M001,2026-08-17 12:55:31,1.763,1210.773,28.5,WARNING_SOUND,72.0,MEDIUM,RISING,1,MECHANICAL_ABNORMALITY,Inspect mechanical components and sound sources.,80.14,ABNORMAL_SOUND
M001,2026-08-17 12:55:33,1.252,1161.887,28.5,WARNING_SOUND,72.0,MEDIUM,STABLE,1,MECHANICAL_ABNORMALITY,Inspect mechanical components and sound sources.,78.37,ABNORMAL_SOUND
M001,2026-08-17 12:55:35,0.822,1219.641,28.25,WARNING_SOUND,72.0,MEDIUM,STABLE,1,MECHANICAL_ABNORMALITY,Inspect mechanical components and sound sources.,79.18,ABNORMAL_SOUND
M001,2026-08-17 12:55:38,2.141,1246.195,28.25,CRITICAL_VIB_SOUND,50.0,HIGH,FALLING,1,LOOSE_COMPONENT,Inspect and secure loose components.,87.52,ABNORMAL_SOUND
M001,2026-08-17 12:55:40,0.823,1189.884,28.5,CRITICAL_VIB_SOUND,50.0,HIGH,STABLE,1,LOOSE_COMPONENT,Inspect and secure loose components.,80.42,ABNORMAL_SOUND
M001,2026-08-17 12:55:42,0.185,1248.575,28.5,WARNING_SOUND,72.0,MEDIUM,RISING,1,MECHANICAL_ABNORMALITY,Inspect mechanical components and sound sources.,81.68,ABNORMAL_SOUND
M001,2026-08-17 12:55:44,0.598,1164.301,28.5,WARNING_SOUND,72.0,MEDIUM,STABLE,1,MECHANICAL_ABNORMALITY,Inspect mechanical components and sound sources.,82.24,ABNORMAL_SOUND
M001,2026-08-17 12:55:46,1.159,1248.247,28.25,WARNING_SOUND,72.0,MEDIUM,STABLE,1,MECHANICAL_ABNORMALITY,Inspect mechanical components and sound sources.,79.03,ABNORMAL_SOUND
M001,2026-08-17 12:55:48,0.91,1172.529,28.5,WARNING_SOUND,72.0,MEDIUM,STABLE,1,MECHANICAL_ABNORMALITY,Inspect mechanical components and sound sources.,79.55,ABNORMAL_SOUND
M001,2026-08-17 12:55:50,2.156,1233.144,28.25,CRITICAL_VIB_SOUND,50.0,HIGH,FALLING,1,LOOSE_COMPONENT,Inspect and secure loose components.,87.52,ABNORMAL_SOUND
M001,2026-08-17 12:55:52,2.618,1235.205,28.5,CRITICAL_VIB_SOUND,50.0,HIGH,STABLE,1,LOOSE_COMPONENT,Inspect and secure loose components.,89.92,ABNORMAL_SOUND
M001,2026-08-17 12:55:55,1.602,1236.776,28.25,WARNING_SOUND,72.0,MEDIUM,RISING,1,MECHANICAL_ABNORMALITY,Inspect mechanical components and sound sources.,81.93,ABNORMAL_SOUND
M001,2026-08-17 12:55:56,1.0,1270.781,28.25,WARNING_SOUND,72.0,MEDIUM,STABLE,1,MECHANICAL_ABNORMALITY,Inspect mechanical components and sound sources.,78.39,ABNORMAL_SOUND
M001,2026-08-17 12:55:58,0.788,1253.588,28.5,WARNING_SOUND,72.0,MEDIUM,STABLE,1,MECHANICAL_ABNORMALITY,Inspect mechanical components and sound sources.,80.67,ABNORMAL_SOUND
M001,2026-08-17 12:56:00,0.884,1248.514,28.25,WARNING_SOUND,72.0,MEDIUM,STABLE,1,MECHANICAL_ABNORMALITY,Inspect mechanical components and sound sources.,78.57,ABNORMAL_SOUND
M001,2026-08-17 12:56:03,0.3,1216.317,28.25,WARNING_SOUND,72.0,MEDIUM,STABLE,1,MECHANICAL_ABNORMALITY,Inspect mechanical components and sound sources.,79.84,ABNORMAL_SOUND
M001,2026-08-17 12:56:05,0.15,1286.047,28.5,WARNING_SOUND,72.0,MEDIUM,STABLE,1,MECHANICAL_ABNORMALITY,Inspect mechanical components and sound sources.,81.58,ABNORMAL_SOUND
M001,2026-08-17 12:56:07,0.306,1252.161,28.5,WARNING_SOUND,72.0,MEDIUM,STABLE,1,MECHANICAL_ABNORMALITY,Inspect mechanical components and sound sources.,80.89,ABNORMAL_SOUND
M001,2026-08-17 12:56:09,1.145,1213.088,28.25,WARNING_SOUND,72.0,MEDIUM,STABLE,1,MECHANICAL_ABNORMALITY,Inspect mechanical components and sound sources.,79.08,ABNORMAL_SOUND
M001,2026-08-17 12:56:11,0.045,1261.643,28.25,WARNING_SOUND,72.0,MEDIUM,STABLE,1,MECHANICAL_ABNORMALITY,Inspect mechanical components and sound sources.,81.62,ABNORMAL_SOUND
M001,2026-08-17 12:56:13,0.601,1240.842,28.5,WARNING_SOUND,72.0,MEDIUM,STABLE,1,MECHANICAL_ABNORMALITY,Inspect mechanical components and sound sources.,82.11,ABNORMAL_SOUND
M001,2026-08-17 12:56:15,0.072,1236.713,28.5,WARNING_SOUND,72.0,MEDIUM,STABLE,1,MECHANICAL_ABNORMALITY,Inspect mechanical components and sound sources.,81.53,ABNORMAL_SOUND
M001,2026-08-17 12:56:17,1.14,1181.262,28.5,WARNING_SOUND,72.0,MEDIUM,STABLE,1,MECHANICAL_ABNORMALITY,Inspect mechanical components and sound sources.,78.1,ABNORMAL_SOUND
M001,2026-08-17 12:56:19,1.268,1285.104,28.25,WARNING_SOUND,72.0,MEDIUM,STABLE,1,MECHANICAL_ABNORMALITY,Inspect mechanical components and sound sources.,79.67,ABNORMAL_SOUND
M001,2026-08-17 12:56:21,0.13,1212.845,28.5,WARNING_SOUND,72.0,MEDIUM,STABLE,1,MECHANICAL_ABNORMALITY,Inspect mechanical components and sound sources.,81.34,ABNORMAL_SOUND
M001,2026-08-17 12:56:23,0.694,1252.939,28.25,WARNING_SOUND,72.0,MEDIUM,STABLE,1,MECHANICAL_ABNORMALITY,Inspect mechanical components and sound sources.,80.12,ABNORMAL_SOUND
M001,2026-08-17 12:56:25,0.255,1219.881,28.5,WARNING_SOUND,72.0,MEDIUM,STABLE,1,MECHANICAL_ABNORMALITY,Inspect mechanical components and sound sources.,80.5,ABNORMAL_SOUND
M001,2026-08-17 12:56:27,0.205,1174.993,28.5,WARNING_SOUND,72.0,MEDIUM,STABLE,1,MECHANICAL_ABNORMALITY,Inspect mechanical components and sound sources.,81.35,ABNORMAL_SOUND
M001,2026-08-17 12:56:30,0.704,1225.976,28.5,WARNING_SOUND,72.0,MEDIUM,STABLE,1,MECHANICAL_ABNORMALITY,Inspect mechanical components and sound sources.,81.2,ABNORMAL_SOUND
M001,2026-08-17 12:56:32,0.295,1200.992,28.25,WARNING_SOUND,72.0,MEDIUM,STABLE,1,MECHANICAL_ABNORMALITY,Inspect mechanical components and sound sources.,79.84,ABNORMAL_SOUND
M001,2026-08-17 12:56:34,0.972,1221.968,28.25,WARNING_SOUND,72.0,MEDIUM,STABLE,1,MECHANICAL_ABNORMALITY,Inspect mechanical components and sound sources.,78.16,ABNORMAL_SOUND
M001,2026-08-17 12:56:36,0.277,1130.435,28.5,WARNING_SOUND,72.0,MEDIUM,STABLE,1,MECHANICAL_ABNORMALITY,Inspect mechanical components and sound sources.,80.58,ABNORMAL_SOUND
M001,2026-08-17 12:56:38,0.925,1247.375,28.25,WARNING_SOUND,72.0,MEDIUM,STABLE,1,MECHANICAL_ABNORMALITY,Inspect mechanical components and sound sources.,78.68,ABNORMAL_SOUND
M001,2026-08-17 12:56:40,1.208,1161.743,28.5,WARNING_SOUND,72.0,MEDIUM,STABLE,1,MECHANICAL_ABNORMALITY,Inspect mechanical components and sound sources.,77.82,ABNORMAL_SOUND
M001,2026-08-17 12:56:42,0.899,1242.342,28.25,WARNING_SOUND,72.0,MEDIUM,STABLE,1,MECHANICAL_ABNORMALITY,Inspect mechanical components and sound sources.,78.17,ABNORMAL_SOUND
M001,2026-08-17 12:56:44,0.016,1279.239,28.25,WARNING_SOUND,72.0,MEDIUM,STABLE,1,MECHANICAL_ABNORMALITY,Inspect mechanical components and sound sources.,83.33,ABNORMAL_SOUND
M001,2026-08-17 12:56:46,0.784,1177.676,28.25,WARNING_SOUND,72.0,MEDIUM,STABLE,1,MECHANICAL_ABNORMALITY,Inspect mechanical components and sound sources.,79.48,ABNORMAL_SOUND
M001,2026-08-17 12:56:48,3.369,1281.871,28.5,CRITICAL_VIB_SOUND,50.0,HIGH,FALLING,1,LOOSE_COMPONENT,Inspect and secure loose components.,91.96,EXCESSIVE_VIBRATION
M001,2026-08-17 12:56:50,1.806,1274.44,28.5,CRITICAL_VIB_SOUND,50.0,HIGH,STABLE,1,LOOSE_COMPONENT,Inspect and secure loose components.,81.01,ABNORMAL_SOUND
M001,2026-08-17 12:56:52,1.318,1196.859,28.5,WARNING_SOUND,72.0,MEDIUM,RISING,1,MECHANICAL_ABNORMALITY,Inspect mechanical components and sound sources.,79.1,ABNORMAL_SOUND
M001,2026-08-17 12:56:55,1.471,1191.097,28.5,WARNING_SOUND,72.0,MEDIUM,STABLE,1,MECHANICAL_ABNORMALITY,Inspect mechanical components and sound sources.,78.45,ABNORMAL_SOUND
M001,2026-08-17 12:56:57,1.251,1309.144,28.25,WARNING_SOUND,72.0,MEDIUM,STABLE,1,MECHANICAL_ABNORMALITY,Inspect mechanical components and sound sources.,79.85,ABNORMAL_SOUND
M001,2026-08-17 12:56:59,1.514,1306.18,28.25,CRITICAL_VIB_SOUND,50.0,HIGH,FALLING,1,LOOSE_COMPONENT,Inspect and secure loose components.,81.54,ABNORMAL_SOUND
M001,2026-08-17 12:57:01,1.493,1298.891,28.5,CRITICAL_VIB_SOUND,50.0,HIGH,STABLE,1,LOOSE_COMPONENT,Inspect and secure loose components.,78.35,ABNORMAL_SOUND
M001,2026-08-17 12:57:03,0.888,1293.176,28.5,WARNING_SOUND,72.0,MEDIUM,RISING,1,MECHANICAL_ABNORMALITY,Inspect mechanical components and sound sources.,80.16,ABNORMAL_SOUND
M001,2026-08-17 12:57:05,0.752,1288.357,28.5,WARNING_SOUND,72.0,MEDIUM,STABLE,1,MECHANICAL_ABNORMALITY,Inspect mechanical components and sound sources.,80.84,ABNORMAL_SOUND
M001,2026-08-17 12:57:07,0.987,1292.819,28.5,WARNING_SOUND,72.0,MEDIUM,STABLE,1,MECHANICAL_ABNORMALITY,Inspect mechanical components and sound sources.,78.5,ABNORMAL_SOUND
M001,2026-08-17 12:57:09,1.168,1229.936,28.5,WARNING_SOUND,72.0,MEDIUM,STABLE,1,MECHANICAL_ABNORMALITY,Inspect mechanical components and sound sources.,78.55,ABNORMAL_SOUND
M001,2026-08-17 12:57:11,1.478,1292.771,28.5,WARNING_SOUND,72.0,MEDIUM,STABLE,1,MECHANICAL_ABNORMALITY,Inspect mechanical components and sound sources.,78.29,ABNORMAL_SOUND
M001,2026-08-17 12:57:13,1.033,1337.038,28.5,WARNING_SOUND,72.0,MEDIUM,STABLE,1,MECHANICAL_ABNORMALITY,Inspect mechanical components and sound sources.,78.29,ABNORMAL_SOUND
M001,2026-08-17 12:57:15,1.213,1279.902,28.5,WARNING_SOUND,72.0,MEDIUM,STABLE,1,MECHANICAL_ABNORMALITY,Inspect mechanical components and sound sources.,77.54,ABNORMAL_SOUND
M001,2026-08-17 12:57:17,0.935,1207.646,28.5,WARNING_SOUND,72.0,MEDIUM,STABLE,1,MECHANICAL_ABNORMALITY,Inspect mechanical components and sound sources.,79.34,ABNORMAL_SOUND
M001,2026-08-17 12:57:20,1.02,1305.88,28.5,WARNING_SOUND,72.0,MEDIUM,STABLE,1,MECHANICAL_ABNORMALITY,Inspect mechanical components and sound sources.,78.37,ABNORMAL_SOUND
M001,2026-08-17 12:57:22,0.017,1248.453,28.5,WARNING_SOUND,72.0,MEDIUM,STABLE,1,MECHANICAL_ABNORMALITY,Inspect mechanical components and sound sources.,83.78,ABNORMAL_SOUND
M001,2026-08-17 12:57:24,0.044,1281.534,28.5,WARNING_SOUND,72.0,MEDIUM,STABLE,1,MECHANICAL_ABNORMALITY,Inspect mechanical components and sound sources.,82.74,ABNORMAL_SOUND
M001,2026-08-17 12:57:26,0.67,1298.184,28.5,WARNING_SOUND,72.0,MEDIUM,STABLE,1,MECHANICAL_ABNORMALITY,Inspect mechanical components and sound sources.,81.01,ABNORMAL_SOUND
M001,2026-08-17 12:57:28,0.053,1228.443,28.25,WARNING_SOUND,72.0,MEDIUM,STABLE,1,MECHANICAL_ABNORMALITY,Inspect mechanical components and sound sources.,80.75,ABNORMAL_SOUND
M001,2026-08-17 12:57:30,0.232,1284.861,28.5,WARNING_SOUND,72.0,MEDIUM,STABLE,1,MECHANICAL_ABNORMALITY,Inspect mechanical components and sound sources.,80.99,ABNORMAL_SOUND
M001,2026-08-17 12:57:32,0.597,1276.185,28.5,WARNING_SOUND,72.0,MEDIUM,STABLE,1,MECHANICAL_ABNORMALITY,Inspect mechanical components and sound sources.,82.24,ABNORMAL_SOUND
M001,2026-08-17 12:57:34,1.025,1261.656,28.5,WARNING_SOUND,72.0,MEDIUM,STABLE,1,MECHANICAL_ABNORMALITY,Inspect mechanical components and sound sources.,78.44,ABNORMAL_SOUND
M001,2026-08-17 12:57:36,0.275,1277.128,28.5,WARNING_SOUND,72.0,MEDIUM,STABLE,1,MECHANICAL_ABNORMALITY,Inspect mechanical components and sound sources.,80.69,ABNORMAL_SOUND
M001,2026-08-17 12:57:38,1.083,1155.337,28.25,WARNING_SOUND,72.0,MEDIUM,STABLE,1,MECHANICAL_ABNORMALITY,Inspect mechanical components and sound sources.,78.34,ABNORMAL_SOUND
M001,2026-08-17 12:57:40,0.436,1275.518,28.5,WARNING_SOUND,72.0,MEDIUM,STABLE,1,MECHANICAL_ABNORMALITY,Inspect mechanical components and sound sources.,81.15,ABNORMAL_SOUND
M001,2026-08-17 12:57:42,1.211,1316.755,28.5,WARNING_SOUND,72.0,MEDIUM,STABLE,1,MECHANICAL_ABNORMALITY,Inspect mechanical components and sound sources.,77.59,ABNORMAL_SOUND
M001,2026-08-17 12:57:44,0.806,925.303,28.5,WARNING_SOUND,72.0,MEDIUM,STABLE,1,MECHANICAL_ABNORMALITY,Inspect mechanical components and sound sources.,80.32,ABNORMAL_SOUND
M001,2026-08-17 12:57:47,0.758,262.878,28.5,NORMAL,100.0,LOW,RISING,0,NONE,Continue normal monitoring.,9.12,NORMAL
M001,2026-08-17 12:57:49,0.627,246.534,28.25,NORMAL,100.0,LOW,STABLE,0,NONE,Continue normal monitoring.,0.93,NORMAL
M001,2026-08-17 12:57:51,1.086,502.759,28.5,WARNING_SOUND,72.0,MEDIUM,FALLING,1,MECHANICAL_ABNORMALITY,Inspect mechanical components and sound sources.,59.42,ABNORMAL_SOUND
M001,2026-08-17 12:57:53,0.994,1119.842,28.5,WARNING_SOUND,72.0,MEDIUM,STABLE,1,MECHANICAL_ABNORMALITY,Inspect mechanical components and sound sources.,78.43,ABNORMAL_SOUND
M001,2026-08-17 12:57:55,3.926,804.081,28.5,CRITICAL_VIB_SOUND,50.0,HIGH,FALLING,1,LOOSE_COMPONENT,Inspect and secure loose components.,91.06,EXCESSIVE_VIBRATION
M001,2026-08-17 12:57:57,1.678,1231.924,28.5,CRITICAL_VIB_SOUND,50.0,HIGH,STABLE,1,LOOSE_COMPONENT,Inspect and secure loose components.,79.0,ABNORMAL_SOUND
M001,2026-08-17 12:57:59,0.335,1139.107,28.5,WARNING_SOUND,72.0,MEDIUM,RISING,1,MECHANICAL_ABNORMALITY,Inspect mechanical components and sound sources.,81.16,ABNORMAL_SOUND
M001,2026-08-17 12:58:01,2.635,1196.976,28.25,CRITICAL_VIB_SOUND,50.0,HIGH,FALLING,1,LOOSE_COMPONENT,Inspect and secure loose components.,91.94,ABNORMAL_SOUND
M001,2026-08-17 12:58:03,0.688,1155.289,28.5,CRITICAL_VIB_SOUND,50.0,HIGH,STABLE,1,LOOSE_COMPONENT,Inspect and secure loose components.,81.14,ABNORMAL_SOUND
M001,2026-08-17 12:58:05,2.435,1182.596,28.5,WARNING_SOUND,72.0,MEDIUM,RISING,1,MECHANICAL_ABNORMALITY,Inspect mechanical components and sound sources.,87.61,ABNORMAL_SOUND
M001,2026-08-17 12:58:07,0.144,1248.288,28.5,WARNING_SOUND,72.0,MEDIUM,STABLE,1,MECHANICAL_ABNORMALITY,Inspect mechanical components and sound sources.,81.58,ABNORMAL_SOUND
M001,2026-08-17 12:58:09,0.731,1215.113,28.5,WARNING_SOUND,72.0,MEDIUM,STABLE,1,MECHANICAL_ABNORMALITY,Inspect mechanical components and sound sources.,80.81,ABNORMAL_SOUND
M001,2026-08-17 12:58:12,0.394,1215.891,28.5,WARNING_SOUND,72.0,MEDIUM,STABLE,1,MECHANICAL_ABNORMALITY,Inspect mechanical components and sound sources.,81.27,ABNORMAL_SOUND
M001,2026-08-17 12:58:14,0.066,1215.656,28.5,CRITICAL_VIB_SOUND,50.0,HIGH,FALLING,1,LOOSE_COMPONENT,Inspect and secure loose components.,81.77,ABNORMAL_SOUND
M001,2026-08-17 12:58:16,0.133,1181.958,28.5,WARNING_SOUND,72.0,MEDIUM,RISING,1,MECHANICAL_ABNORMALITY,Inspect mechanical components and sound sources.,81.34,ABNORMAL_SOUND
M001,2026-08-17 12:58:18,1.313,1279.8,28.25,WARNING_SOUND,72.0,MEDIUM,STABLE,1,MECHANICAL_ABNORMALITY,Inspect mechanical components and sound sources.,80.26,ABNORMAL_SOUND
M001,2026-08-17 12:58:20,0.499,1255.496,28.5,WARNING_SOUND,72.0,MEDIUM,STABLE,1,MECHANICAL_ABNORMALITY,Inspect mechanical components and sound sources.,81.37,ABNORMAL_SOUND
M001,2026-08-17 12:58:22,0.863,1268.984,28.5,WARNING_SOUND,72.0,MEDIUM,STABLE,1,MECHANICAL_ABNORMALITY,Inspect mechanical components and sound sources.,80.35,ABNORMAL_SOUND
M001,2026-08-17 12:58:24,0.129,1310.986,28.5,WARNING_SOUND,72.0,MEDIUM,STABLE,1,MECHANICAL_ABNORMALITY,Inspect mechanical components and sound sources.,81.34,ABNORMAL_SOUND
M001,2026-08-17 12:58:26,0.263,1238.198,28.25,WARNING_SOUND,72.0,MEDIUM,STABLE,1,MECHANICAL_ABNORMALITY,Inspect mechanical components and sound sources.,79.8,ABNORMAL_SOUND
M001,2026-08-17 12:58:28,0.622,1268.575,28.5,WARNING_SOUND,72.0,MEDIUM,STABLE,1,MECHANICAL_ABNORMALITY,Inspect mechanical components and sound sources.,81.78,ABNORMAL_SOUND
M001,2026-08-17 12:58:30,1.237,1328.709,28.5,WARNING_SOUND,72.0,MEDIUM,STABLE,1,MECHANICAL_ABNORMALITY,Inspect mechanical components and sound sources.,77.89,ABNORMAL_SOUND
M001,2026-08-17 12:58:32,0.404,1293.062,28.5,WARNING_SOUND,72.0,MEDIUM,STABLE,1,MECHANICAL_ABNORMALITY,Inspect mechanical components and sound sources.,81.21,ABNORMAL_SOUND
M001,2026-08-17 12:58:34,0.223,1253.436,28.5,WARNING_SOUND,72.0,MEDIUM,STABLE,1,MECHANICAL_ABNORMALITY,Inspect mechanical components and sound sources.,81.05,ABNORMAL_SOUND
M001,2026-08-17 12:58:36,0.212,1254.536,28.25,WARNING_SOUND,72.0,MEDIUM,STABLE,1,MECHANICAL_ABNORMALITY,Inspect mechanical components and sound sources.,80.08,ABNORMAL_SOUND
M001,2026-08-17 12:58:39,0.261,1223.594,28.5,WARNING_SOUND,72.0,MEDIUM,STABLE,1,MECHANICAL_ABNORMALITY,Inspect mechanical components and sound sources.,80.56,ABNORMAL_SOUND
M001,2026-08-17 12:58:41,0.223,1222.397,28.25,WARNING_SOUND,72.0,MEDIUM,STABLE,1,MECHANICAL_ABNORMALITY,Inspect mechanical components and sound sources.,79.9,ABNORMAL_SOUND
M001,2026-08-17 12:58:43,0.888,1123.451,28.5,WARNING_SOUND,72.0,MEDIUM,STABLE,1,MECHANICAL_ABNORMALITY,Inspect mechanical components and sound sources.,80.16,ABNORMAL_SOUND
M001,2026-08-17 12:58:45,1.768,1129.214,28.25,WARNING_SOUND,72.0,MEDIUM,STABLE,1,MECHANICAL_ABNORMALITY,Inspect mechanical components and sound sources.,84.46,ABNORMAL_SOUND
M001,2026-08-17 12:58:47,1.693,1278.768,28.5,CRITICAL_VIB_SOUND,50.0,HIGH,FALLING,1,LOOSE_COMPONENT,Inspect and secure loose components.,79.32,ABNORMAL_SOUND
M001,2026-08-17 12:58:49,0.894,1310.686,28.25,WARNING_SOUND,72.0,MEDIUM,RISING,1,MECHANICAL_ABNORMALITY,Inspect mechanical components and sound sources.,78.45,ABNORMAL_SOUND
M001,2026-08-17 12:58:51,0.57,1244.671,28.25,WARNING_SOUND,72.0,MEDIUM,STABLE,1,MECHANICAL_ABNORMALITY,Inspect mechanical components and sound sources.,80.67,ABNORMAL_SOUND
M001,2026-08-17 12:58:53,1.19,1297.733,28.5,WARNING_SOUND,72.0,MEDIUM,STABLE,1,MECHANICAL_ABNORMALITY,Inspect mechanical components and sound sources.,78.0,ABNORMAL_SOUND
M001,2026-08-17 12:58:55,0.798,1250.769,28.5,WARNING_SOUND,72.0,MEDIUM,STABLE,1,MECHANICAL_ABNORMALITY,Inspect mechanical components and sound sources.,80.66,ABNORMAL_SOUND
M001,2026-08-17 12:58:57,0.321,1289.444,28.5,WARNING_SOUND,72.0,MEDIUM,STABLE,1,MECHANICAL_ABNORMALITY,Inspect mechanical components and sound sources.,81.16,ABNORMAL_SOUND
M001,2026-08-17 12:58:59,0.542,1277.503,28.25,WARNING_SOUND,72.0,MEDIUM,STABLE,1,MECHANICAL_ABNORMALITY,Inspect mechanical components and sound sources.,80.63,ABNORMAL_SOUND
M001,2026-08-17 12:59:01,0.621,1231.201,28.5,WARNING_SOUND,72.0,MEDIUM,STABLE,1,MECHANICAL_ABNORMALITY,Inspect mechanical components and sound sources.,81.78,ABNORMAL_SOUND
M001,2026-08-17 12:59:04,1.301,1266.35,28.5,WARNING_SOUND,72.0,MEDIUM,STABLE,1,MECHANICAL_ABNORMALITY,Inspect mechanical components and sound sources.,78.77,ABNORMAL_SOUND
M001,2026-08-17 12:59:06,1.524,1279.3,28.5,WARNING_SOUND,72.0,MEDIUM,STABLE,1,MECHANICAL_ABNORMALITY,Inspect mechanical components and sound sources.,78.56,ABNORMAL_SOUND
M001,2026-08-17 12:59:08,1.041,1291.081,28.5,WARNING_SOUND,72.0,MEDIUM,STABLE,1,MECHANICAL_ABNORMALITY,Inspect mechanical components and sound sources.,78.29,ABNORMAL_SOUND
M001,2026-08-17 12:59:10,1.383,1301.49,28.5,WARNING_SOUND,72.0,MEDIUM,STABLE,1,MECHANICAL_ABNORMALITY,Inspect mechanical components and sound sources.,78.64,ABNORMAL_SOUND
M001,2026-08-17 12:59:12,0.856,1277.629,28.25,WARNING_SOUND,72.0,MEDIUM,STABLE,1,MECHANICAL_ABNORMALITY,Inspect mechanical components and sound sources.,78.67,ABNORMAL_SOUND
M001,2026-08-17 12:59:14,0.802,1294.891,28.5,WARNING_SOUND,72.0,MEDIUM,STABLE,1,MECHANICAL_ABNORMALITY,Inspect mechanical components and sound sources.,80.66,ABNORMAL_SOUND
M001,2026-08-17 12:59:16,0.388,1246.554,28.5,WARNING_SOUND,72.0,MEDIUM,STABLE,1,MECHANICAL_ABNORMALITY,Inspect mechanical components and sound sources.,81.27,ABNORMAL_SOUND
M001,2026-08-17 12:59:18,0.396,1319.045,28.5,WARNING_SOUND,72.0,MEDIUM,STABLE,1,MECHANICAL_ABNORMALITY,Inspect mechanical components and sound sources.,81.27,ABNORMAL_SOUND
M001,2026-08-17 12:59:20,0.786,1252.813,28.25,WARNING_SOUND,72.0,MEDIUM,STABLE,1,MECHANICAL_ABNORMALITY,Inspect mechanical components and sound sources.,79.48,ABNORMAL_SOUND
M001,2026-08-17 12:59:22,0.17,1267.16,28.5,WARNING_SOUND,72.0,MEDIUM,STABLE,1,MECHANICAL_ABNORMALITY,Inspect mechanical components and sound sources.,81.56,ABNORMAL_SOUND
M001,2026-08-17 12:59:24,0.493,1271.593,28.25,WARNING_SOUND,72.0,MEDIUM,STABLE,1,MECHANICAL_ABNORMALITY,Inspect mechanical components and sound sources.,80.38,ABNORMAL_SOUND
M001,2026-08-17 12:59:26,0.692,1232.977,28.5,WARNING_SOUND,72.0,MEDIUM,STABLE,1,MECHANICAL_ABNORMALITY,Inspect mechanical components and sound sources.,81.08,ABNORMAL_SOUND
M001,2026-08-17 12:59:29,0.587,1176.616,28.25,WARNING_SOUND,72.0,MEDIUM,STABLE,1,MECHANICAL_ABNORMALITY,Inspect mechanical components and sound sources.,81.0,ABNORMAL_SOUND
M001,2026-08-17 12:59:31,0.641,1278.594,28.25,WARNING_SOUND,72.0,MEDIUM,STABLE,1,MECHANICAL_ABNORMALITY,Inspect mechanical components and sound sources.,80.16,ABNORMAL_SOUND
M001,2026-08-17 12:59:33,2.32,1249.197,28.5,CRITICAL_VIB_SOUND,50.0,HIGH,FALLING,1,LOOSE_COMPONENT,Inspect and secure loose components.,86.85,ABNORMAL_SOUND
M001,2026-08-17 12:59:35,0.775,1234.267,28.5,WARNING_SOUND,72.0,MEDIUM,RISING,1,MECHANICAL_ABNORMALITY,Inspect mechanical components and sound sources.,80.73,ABNORMAL_SOUND
M001,2026-08-17 12:59:37,0.248,1272.926,28.5,WARNING_SOUND,72.0,MEDIUM,STABLE,1,MECHANICAL_ABNORMALITY,Inspect mechanical components and sound sources.,80.92,ABNORMAL_SOUND
M001,2026-08-17 12:59:39,0.114,1264.318,28.25,WARNING_SOUND,72.0,MEDIUM,STABLE,1,MECHANICAL_ABNORMALITY,Inspect mechanical components and sound sources.,79.99,ABNORMAL_SOUND
M001,2026-08-17 12:59:41,0.641,1285.453,28.5,WARNING_SOUND,72.0,MEDIUM,STABLE,1,MECHANICAL_ABNORMALITY,Inspect mechanical components and sound sources.,81.41,ABNORMAL_SOUND
M001,2026-08-17 12:59:43,0.529,1335.068,28.5,WARNING_SOUND,72.0,MEDIUM,STABLE,1,MECHANICAL_ABNORMALITY,Inspect mechanical components and sound sources.,81.93,ABNORMAL_SOUND
M001,2026-08-17 12:59:45,0.938,1296.006,28.5,WARNING_SOUND,72.0,MEDIUM,STABLE,1,MECHANICAL_ABNORMALITY,Inspect mechanical components and sound sources.,79.23,ABNORMAL_SOUND
M001,2026-08-17 12:59:47,1.795,1330.366,28.5,WARNING_SOUND,72.0,MEDIUM,STABLE,1,MECHANICAL_ABNORMALITY,Inspect mechanical components and sound sources.,80.8,ABNORMAL_SOUND
M001,2026-08-17 12:59:49,1.093,1305.651,28.5,WARNING_SOUND,72.0,MEDIUM,STABLE,1,MECHANICAL_ABNORMALITY,Inspect mechanical components and sound sources.,77.63,ABNORMAL_SOUND
M001,2026-08-17 12:59:51,1.406,1274.961,28.5,WARNING_SOUND,72.0,MEDIUM,STABLE,1,MECHANICAL_ABNORMALITY,Inspect mechanical components and sound sources.,78.44,ABNORMAL_SOUND
M001,2026-08-17 12:59:53,1.394,1268.502,28.5,CRITICAL_VIB_SOUND,50.0,HIGH,FALLING,1,LOOSE_COMPONENT,Inspect and secure loose components.,78.71,ABNORMAL_SOUND
M001,2026-08-17 12:59:56,0.953,1290.935,28.25,WARNING_SOUND,72.0,MEDIUM,RISING,1,MECHANICAL_ABNORMALITY,Inspect mechanical components and sound sources.,78.36,ABNORMAL_SOUND
M001,2026-08-17 12:59:58,1.205,1314.813,28.5,WARNING_SOUND,72.0,MEDIUM,STABLE,1,MECHANICAL_ABNORMALITY,Inspect mechanical components and sound sources.,77.78,ABNORMAL_SOUND
M001,2026-08-17 13:00:00,0.879,1282.317,28.25,WARNING_SOUND,72.0,MEDIUM,STABLE,1,MECHANICAL_ABNORMALITY,Inspect mechanical components and sound sources.,78.69,ABNORMAL_SOUND
M001,2026-08-17 13:00:02,0.743,1317.941,28.25,WARNING_SOUND,72.0,MEDIUM,STABLE,1,MECHANICAL_ABNORMALITY,Inspect mechanical components and sound sources.,80.05,ABNORMAL_SOUND
M001,2026-08-17 13:00:04,0.644,1281.192,28.25,WARNING_SOUND,72.0,MEDIUM,STABLE,1,MECHANICAL_ABNORMALITY,Inspect mechanical components and sound sources.,80.1,ABNORMAL_SOUND
M001,2026-08-17 13:00:06,0.812,1198.195,28.5,WARNING_SOUND,72.0,MEDIUM,STABLE,1,MECHANICAL_ABNORMALITY,Inspect mechanical components and sound sources.,80.61,ABNORMAL_SOUND
M001,2026-08-17 13:00:08,0.878,1279.313,28.5,WARNING_SOUND,72.0,MEDIUM,STABLE,1,MECHANICAL_ABNORMALITY,Inspect mechanical components and sound sources.,80.35,ABNORMAL_SOUND
M001,2026-08-17 13:00:10,1.221,1244.024,28.25,WARNING_SOUND,72.0,MEDIUM,STABLE,1,MECHANICAL_ABNORMALITY,Inspect mechanical components and sound sources.,79.16,ABNORMAL_SOUND
M001,2026-08-17 13:00:12,0.671,1162.78,28.5,WARNING_SOUND,72.0,MEDIUM,STABLE,1,MECHANICAL_ABNORMALITY,Inspect mechanical components and sound sources.,81.01,ABNORMAL_SOUND
M001,2026-08-17 13:00:14,0.716,555.745,28.25,WARNING_SOUND,72.0,MEDIUM,STABLE,1,MECHANICAL_ABNORMALITY,Inspect mechanical components and sound sources.,67.06,ABNORMAL_SOUND
M001,2026-08-17 13:00:16,1.625,612.23,28.5,WARNING_SOUND,72.0,MEDIUM,STABLE,1,MECHANICAL_ABNORMALITY,Inspect mechanical components and sound sources.,70.66,ABNORMAL_SOUND
M001,2026-08-17 13:00:18,1.187,1003.361,28.25,WARNING_SOUND,72.0,MEDIUM,STABLE,1,MECHANICAL_ABNORMALITY,Inspect mechanical components and sound sources.,79.11,ABNORMAL_SOUND
M001,2026-08-17 13:00:21,0.758,487.114,28.25,WARNING_SOUND,72.0,MEDIUM,STABLE,1,MECHANICAL_ABNORMALITY,Inspect mechanical components and sound sources.,59.16,UNKNOWN_ABNORMALITY
M001,2026-08-17 13:00:23,0.44,311.782,28.25,NORMAL,100.0,LOW,RISING,0,NONE,Continue normal monitoring.,26.29,NORMAL
M001,2026-08-17 13:00:25,0.452,649.724,28.25,WARNING_SOUND,72.0,MEDIUM,FALLING,1,MECHANICAL_ABNORMALITY,Inspect mechanical components and sound sources.,75.89,ABNORMAL_SOUND
M001,2026-08-17 13:00:27,0.996,1137.808,28.25,WARNING_SOUND,72.0,MEDIUM,STABLE,1,MECHANICAL_ABNORMALITY,Inspect mechanical components and sound sources.,78.13,ABNORMAL_SOUND
M001,2026-08-17 13:00:29,1.095,1102.92,28.5,WARNING_SOUND,72.0,MEDIUM,STABLE,1,MECHANICAL_ABNORMALITY,Inspect mechanical components and sound sources.,77.87,ABNORMAL_SOUND
M001,2026-08-17 13:00:31,1.027,1126.2,28.25,WARNING_SOUND,72.0,MEDIUM,STABLE,1,MECHANICAL_ABNORMALITY,Inspect mechanical components and sound sources.,78.5,ABNORMAL_SOUND
M001,2026-08-17 13:00:33,0.961,1141.006,28.25,WARNING_SOUND,72.0,MEDIUM,STABLE,1,MECHANICAL_ABNORMALITY,Inspect mechanical components and sound sources.,78.04,ABNORMAL_SOUND
M001,2026-08-17 13:00:35,0.454,1233.346,28.25,WARNING_SOUND,72.0,MEDIUM,STABLE,1,MECHANICAL_ABNORMALITY,Inspect mechanical components and sound sources.,80.54,ABNORMAL_SOUND
M001,2026-08-17 13:00:37,0.654,1159.958,28.25,WARNING_SOUND,72.0,MEDIUM,STABLE,1,MECHANICAL_ABNORMALITY,Inspect mechanical components and sound sources.,80.16,ABNORMAL_SOUND
M001,2026-08-17 13:00:39,0.597,1152.358,28.5,WARNING_SOUND,72.0,MEDIUM,STABLE,1,MECHANICAL_ABNORMALITY,Inspect mechanical components and sound sources.,82.24,ABNORMAL_SOUND
M001,2026-08-17 13:00:41,0.938,1200.383,28.25,WARNING_SOUND,72.0,MEDIUM,STABLE,1,MECHANICAL_ABNORMALITY,Inspect mechanical components and sound sources.,78.51,ABNORMAL_SOUND
M001,2026-08-17 13:00:43,1.062,1185.179,28.5,WARNING_SOUND,72.0,MEDIUM,STABLE,1,MECHANICAL_ABNORMALITY,Inspect mechanical components and sound sources.,78.39,ABNORMAL_SOUND
M001,2026-08-17 13:00:45,0.51,1171.311,28.25,WARNING_SOUND,72.0,MEDIUM,STABLE,1,MECHANICAL_ABNORMALITY,Inspect mechanical components and sound sources.,80.55,ABNORMAL_SOUND
M001,2026-08-17 13:00:48,1.744,1193.064,28.5,CRITICAL_VIB_SOUND,50.0,HIGH,FALLING,1,LOOSE_COMPONENT,Inspect and secure loose components.,80.31,ABNORMAL_SOUND
M001,2026-08-17 13:00:50,3.043,1182.377,28.5,CRITICAL_VIB_SOUND,50.0,HIGH,STABLE,1,LOOSE_COMPONENT,Inspect and secure loose components.,91.78,EXCESSIVE_VIBRATION
M001,2026-08-17 13:00:52,1.21,1197.431,28.5,WARNING_SOUND,72.0,MEDIUM,RISING,1,MECHANICAL_ABNORMALITY,Inspect mechanical components and sound sources.,77.82,ABNORMAL_SOUND
M001,2026-08-17 13:00:54,0.351,1174.719,28.5,WARNING_SOUND,72.0,MEDIUM,STABLE,1,MECHANICAL_ABNORMALITY,Inspect mechanical components and sound sources.,81.55,ABNORMAL_SOUND
M001,2026-08-17 13:00:56,0.205,1131.835,28.25,WARNING_SOUND,72.0,MEDIUM,STABLE,1,MECHANICAL_ABNORMALITY,Inspect mechanical components and sound sources.,80.14,ABNORMAL_SOUND
M001,2026-08-17 13:00:58,3.445,1164.89,28.5,CRITICAL_VIB_SOUND,50.0,HIGH,FALLING,1,LOOSE_COMPONENT,Inspect and secure loose components.,91.96,EXCESSIVE_VIBRATION
M001,2026-08-17 13:01:00,1.583,1192.947,28.5,CRITICAL_VIB_SOUND,50.0,HIGH,STABLE,1,LOOSE_COMPONENT,Inspect and secure loose components.,78.12,ABNORMAL_SOUND
M001,2026-08-17 13:01:02,1.442,1225.574,28.25,WARNING_SOUND,72.0,MEDIUM,RISING,1,MECHANICAL_ABNORMALITY,Inspect mechanical components and sound sources.,81.47,ABNORMAL_SOUND
M001,2026-08-17 13:01:04,1.273,1221.962,28.25,WARNING_SOUND,72.0,MEDIUM,STABLE,1,MECHANICAL_ABNORMALITY,Inspect mechanical components and sound sources.,79.43,ABNORMAL_SOUND
M001,2026-08-17 13:01:06,1.968,1185.474,28.25,CRITICAL_VIB_SOUND,50.0,HIGH,FALLING,1,LOOSE_COMPONENT,Inspect and secure loose components.,85.94,ABNORMAL_SOUND
M001,2026-08-17 13:01:08,0.273,1239.381,28.5,CRITICAL_VIB_SOUND,50.0,HIGH,STABLE,1,LOOSE_COMPONENT,Inspect and secure loose components.,80.69,ABNORMAL_SOUND
M001,2026-08-17 13:01:10,0.288,1197.983,28.5,WARNING_SOUND,72.0,MEDIUM,RISING,1,MECHANICAL_ABNORMALITY,Inspect mechanical components and sound sources.,80.76,ABNORMAL_SOUND
M001,2026-08-17 13:01:13,0.341,1182.976,28.25,WARNING_SOUND,72.0,MEDIUM,STABLE,1,MECHANICAL_ABNORMALITY,Inspect mechanical components and sound sources.,80.22,ABNORMAL_SOUND
M001,2026-08-17 13:01:15,1.067,1147.099,28.25,CRITICAL_VIB_SOUND,50.0,HIGH,FALLING,1,LOOSE_COMPONENT,Inspect and secure loose components.,78.41,ABNORMAL_SOUND
M001,2026-08-17 13:01:17,0.662,1170.552,28.25,CRITICAL_VIB_SOUND,50.0,HIGH,STABLE,1,LOOSE_COMPONENT,Inspect and secure loose components.,80.1,ABNORMAL_SOUND
M001,2026-08-17 13:01:19,0.83,1141.972,28.5,WARNING_SOUND,72.0,MEDIUM,RISING,1,MECHANICAL_ABNORMALITY,Inspect mechanical components and sound sources.,80.2,ABNORMAL_SOUND
M001,2026-08-17 13:01:21,0.794,1223.954,28.5,CRITICAL_VIB_SOUND,50.0,HIGH,FALLING,1,LOOSE_COMPONENT,Inspect and secure loose components.,80.66,ABNORMAL_SOUND
M001,2026-08-17 13:01:23,1.364,1157.267,28.25,CRITICAL_VIB_SOUND,50.0,HIGH,STABLE,1,LOOSE_COMPONENT,Inspect and secure loose components.,80.94,ABNORMAL_SOUND
M001,2026-08-17 13:01:25,0.196,1234.865,28.25,WARNING_SOUND,72.0,MEDIUM,RISING,1,MECHANICAL_ABNORMALITY,Inspect mechanical components and sound sources.,80.31,ABNORMAL_SOUND
M001,2026-08-17 13:01:27,0.273,1165.445,28.5,WARNING_SOUND,72.0,MEDIUM,STABLE,1,MECHANICAL_ABNORMALITY,Inspect mechanical components and sound sources.,80.69,ABNORMAL_SOUND
M001,2026-08-17 13:01:29,0.325,1217.525,28.5,WARNING_SOUND,72.0,MEDIUM,STABLE,1,MECHANICAL_ABNORMALITY,Inspect mechanical components and sound sources.,81.16,ABNORMAL_SOUND
M001,2026-08-17 13:01:31,2.189,1151.086,28.5,CRITICAL_VIB_SOUND,50.0,HIGH,FALLING,1,LOOSE_COMPONENT,Inspect and secure loose components.,85.38,ABNORMAL_SOUND
M001,2026-08-17 13:01:33,0.294,1154.558,28.25,CRITICAL_VIB_SOUND,50.0,HIGH,STABLE,1,LOOSE_COMPONENT,Inspect and secure loose components.,79.84,ABNORMAL_SOUND
M001,2026-08-17 13:01:35,0.279,1198.657,28.5,WARNING_SOUND,72.0,MEDIUM,RISING,1,MECHANICAL_ABNORMALITY,Inspect mechanical components and sound sources.,80.58,ABNORMAL_SOUND
M001,2026-08-17 13:01:37,1.678,1187.317,28.5,WARNING_SOUND,72.0,MEDIUM,STABLE,1,MECHANICAL_ABNORMALITY,Inspect mechanical components and sound sources.,79.0,ABNORMAL_SOUND
M001,2026-08-17 13:01:40,1.237,1210.767,28.25,WARNING_SOUND,72.0,MEDIUM,STABLE,1,MECHANICAL_ABNORMALITY,Inspect mechanical components and sound sources.,79.32,ABNORMAL_SOUND
M001,2026-08-17 13:01:42,1.481,1129.849,28.5,CRITICAL_VIB_SOUND,50.0,HIGH,FALLING,1,LOOSE_COMPONENT,Inspect and secure loose components.,78.25,ABNORMAL_SOUND
M001,2026-08-17 13:01:44,1.175,1195.677,28.5,WARNING_SOUND,72.0,MEDIUM,RISING,1,MECHANICAL_ABNORMALITY,Inspect mechanical components and sound sources.,78.06,ABNORMAL_SOUND
M001,2026-08-17 13:01:46,0.274,1237.643,28.25,WARNING_SOUND,72.0,MEDIUM,STABLE,1,MECHANICAL_ABNORMALITY,Inspect mechanical components and sound sources.,79.8,ABNORMAL_SOUND
M001,2026-08-17 13:01:48,2.929,1223.568,28.5,CRITICAL_VIB_SOUND,50.0,HIGH,FALLING,1,LOOSE_COMPONENT,Inspect and secure loose components.,91.18,ABNORMAL_SOUND
M001,2026-08-17 13:01:50,4.321,1203.811,28.5,CRITICAL_VIB_SOUND,50.0,HIGH,STABLE,1,LOOSE_COMPONENT,Inspect and secure loose components.,92.75,EXCESSIVE_VIBRATION
M001,2026-08-17 13:01:52,2.499,1153.055,28.5,WARNING_SOUND,72.0,MEDIUM,RISING,1,MECHANICAL_ABNORMALITY,Inspect mechanical components and sound sources.,88.62,ABNORMAL_SOUND
M001,2026-08-17 13:01:54,1.719,1045.95,28.5,WARNING_SOUND,72.0,MEDIUM,STABLE,1,MECHANICAL_ABNORMALITY,Inspect mechanical components and sound sources.,79.62,ABNORMAL_SOUND
M001,2026-08-17 13:01:56,0.063,1153.875,28.5,WARNING_SOUND,72.0,MEDIUM,STABLE,1,MECHANICAL_ABNORMALITY,Inspect mechanical components and sound sources.,81.77,ABNORMAL_SOUND
M001,2026-08-17 13:01:58,0.005,1217.846,28.5,WARNING_SOUND,72.0,MEDIUM,STABLE,1,MECHANICAL_ABNORMALITY,Inspect mechanical components and sound sources.,84.35,ABNORMAL_SOUND
M001,2026-08-17 13:02:00,0.191,1173.856,28.5,CRITICAL_VIB_SOUND,50.0,HIGH,FALLING,1,LOOSE_COMPONENT,Inspect and secure loose components.,81.46,ABNORMAL_SOUND
M001,2026-08-17 13:02:02,0.861,1188.537,28.5,WARNING_SOUND,72.0,MEDIUM,RISING,1,MECHANICAL_ABNORMALITY,Inspect mechanical components and sound sources.,80.35,ABNORMAL_SOUND
M001,2026-08-17 13:02:05,0.589,1079.304,28.25,WARNING_SOUND,72.0,MEDIUM,STABLE,1,MECHANICAL_ABNORMALITY,Inspect mechanical components and sound sources.,81.0,ABNORMAL_SOUND
M001,2026-08-17 13:02:07,1.876,1072.316,28.5,CRITICAL_VIB_SOUND,50.0,HIGH,FALLING,1,LOOSE_COMPONENT,Inspect and secure loose components.,81.95,ABNORMAL_SOUND
M001,2026-08-17 13:02:09,2.738,1144.058,28.5,CRITICAL_VIB_SOUND,50.0,HIGH,STABLE,1,LOOSE_COMPONENT,Inspect and secure loose components.,90.34,ABNORMAL_SOUND
M001,2026-08-17 13:02:11,0.475,1169.763,28.25,WARNING_SOUND,72.0,MEDIUM,RISING,1,MECHANICAL_ABNORMALITY,Inspect mechanical components and sound sources.,80.34,ABNORMAL_SOUND
M001,2026-08-17 13:02:13,1.747,1239.352,28.5,WARNING_SOUND,72.0,MEDIUM,STABLE,1,MECHANICAL_ABNORMALITY,Inspect mechanical components and sound sources.,80.31,ABNORMAL_SOUND
M001,2026-08-17 13:02:15,1.274,1168.157,28.5,WARNING_SOUND,72.0,MEDIUM,STABLE,1,MECHANICAL_ABNORMALITY,Inspect mechanical components and sound sources.,78.13,ABNORMAL_SOUND
M001,2026-08-17 13:02:17,0.641,1164.355,28.5,CRITICAL_VIB_SOUND,50.0,HIGH,FALLING,1,LOOSE_COMPONENT,Inspect and secure loose components.,81.41,ABNORMAL_SOUND
M001,2026-08-17 13:02:19,0.249,1229.023,28.5,WARNING_SOUND,72.0,MEDIUM,RISING,1,MECHANICAL_ABNORMALITY,Inspect mechanical components and sound sources.,80.88,ABNORMAL_SOUND
M001,2026-08-17 13:02:21,0.917,1186.583,28.5,WARNING_SOUND,72.0,MEDIUM,STABLE,1,MECHANICAL_ABNORMALITY,Inspect mechanical components and sound sources.,79.5,ABNORMAL_SOUND
M001,2026-08-17 13:02:23,4.038,1243.986,28.5,CRITICAL_VIB_SOUND,50.0,HIGH,FALLING,1,LOOSE_COMPONENT,Inspect and secure loose components.,92.38,EXCESSIVE_VIBRATION
M001,2026-08-17 13:02:25,0.202,1193.525,28.5,WARNING_SOUND,72.0,MEDIUM,RISING,1,MECHANICAL_ABNORMALITY,Inspect mechanical components and sound sources.,81.35,ABNORMAL_SOUND
M001,2026-08-17 13:02:28,0.362,1171.373,28.5,WARNING_SOUND,72.0,MEDIUM,STABLE,1,MECHANICAL_ABNORMALITY,Inspect mechanical components and sound sources.,81.49,ABNORMAL_SOUND
M001,2026-08-17 13:02:30,0.044,1213.829,28.5,WARNING_SOUND,72.0,MEDIUM,STABLE,1,MECHANICAL_ABNORMALITY,Inspect mechanical components and sound sources.,82.74,ABNORMAL_SOUND
M001,2026-08-17 13:02:32,4.051,1216.154,28.5,CRITICAL_VIB_SOUND,50.0,HIGH,FALLING,1,LOOSE_COMPONENT,Inspect and secure loose components.,92.38,EXCESSIVE_VIBRATION
M001,2026-08-17 13:02:34,0.65,1282.259,28.5,CRITICAL_VIB_SOUND,50.0,HIGH,STABLE,1,LOOSE_COMPONENT,Inspect and secure loose components.,81.41,ABNORMAL_SOUND
M001,2026-08-17 13:02:36,1.118,989.731,28.5,WARNING_SOUND,72.0,MEDIUM,RISING,1,MECHANICAL_ABNORMALITY,Inspect mechanical components and sound sources.,77.71,ABNORMAL_SOUND
M001,2026-08-17 13:02:38,0.911,962.645,28.5,WARNING_SOUND,72.0,MEDIUM,STABLE,1,MECHANICAL_ABNORMALITY,Inspect mechanical components and sound sources.,79.55,ABNORMAL_SOUND
M001,2026-08-17 13:02:40,0.904,1114.15,28.5,WARNING_SOUND,72.0,MEDIUM,STABLE,1,MECHANICAL_ABNORMALITY,Inspect mechanical components and sound sources.,79.55,ABNORMAL_SOUND
M001,2026-08-17 13:02:42,1.033,1068.562,28.5,WARNING_SOUND,72.0,MEDIUM,STABLE,1,MECHANICAL_ABNORMALITY,Inspect mechanical components and sound sources.,78.29,ABNORMAL_SOUND
M001,2026-08-17 13:02:44,1.405,1131.865,28.5,CRITICAL_VIB_SOUND,50.0,HIGH,FALLING,1,LOOSE_COMPONENT,Inspect and secure loose components.,78.6,ABNORMAL_SOUND
M001,2026-08-17 13:02:46,0.029,1166.001,28.5,WARNING_SOUND,72.0,MEDIUM,RISING,1,MECHANICAL_ABNORMALITY,Inspect mechanical components and sound sources.,82.89,ABNORMAL_SOUND
M001,2026-08-17 13:02:48,1.126,1198.483,28.5,WARNING_SOUND,72.0,MEDIUM,STABLE,1,MECHANICAL_ABNORMALITY,Inspect mechanical components and sound sources.,77.91,ABNORMAL_SOUND
M001,2026-08-17 13:02:50,2.087,1193.722,28.5,CRITICAL_VIB_SOUND,50.0,HIGH,FALLING,1,LOOSE_COMPONENT,Inspect and secure loose components.,84.45,ABNORMAL_SOUND
M001,2026-08-17 13:02:52,1.086,1182.351,28.5,CRITICAL_VIB_SOUND,50.0,HIGH,STABLE,1,LOOSE_COMPONENT,Inspect and secure loose components.,77.95,ABNORMAL_SOUND
M001,2026-08-17 13:02:54,0.694,1157.867,28.5,WARNING_SOUND,72.0,MEDIUM,RISING,1,MECHANICAL_ABNORMALITY,Inspect mechanical components and sound sources.,81.08,ABNORMAL_SOUND
M001,2026-08-17 13:02:57,1.622,1121.199,28.5,WARNING_SOUND,72.0,MEDIUM,STABLE,1,MECHANICAL_ABNORMALITY,Inspect mechanical components and sound sources.,78.1,ABNORMAL_SOUND
M001,2026-08-17 13:02:59,0.48,1230.405,28.5,WARNING_SOUND,72.0,MEDIUM,STABLE,1,MECHANICAL_ABNORMALITY,Inspect mechanical components and sound sources.,81.12,ABNORMAL_SOUND
M001,2026-08-17 13:03:01,0.69,1145.63,28.5,WARNING_SOUND,72.0,MEDIUM,STABLE,1,MECHANICAL_ABNORMALITY,Inspect mechanical components and sound sources.,81.14,ABNORMAL_SOUND
M001,2026-08-17 13:03:03,0.185,1207.826,28.5,WARNING_SOUND,72.0,MEDIUM,STABLE,1,MECHANICAL_ABNORMALITY,Inspect mechanical components and sound sources.,81.68,ABNORMAL_SOUND
M001,2026-08-17 13:03:05,0.321,1141.674,28.5,WARNING_SOUND,72.0,MEDIUM,STABLE,1,MECHANICAL_ABNORMALITY,Inspect mechanical components and sound sources.,81.16,ABNORMAL_SOUND
M001,2026-08-17 13:03:07,1.196,1233.665,28.5,WARNING_SOUND,72.0,MEDIUM,STABLE,1,MECHANICAL_ABNORMALITY,Inspect mechanical components and sound sources.,78.06,ABNORMAL_SOUND
M001,2026-08-17 13:03:10,0.072,1224.226,28.5,WARNING_SOUND,72.0,MEDIUM,STABLE,1,MECHANICAL_ABNORMALITY,Inspect mechanical components and sound sources.,81.53,ABNORMAL_SOUND
M001,2026-08-17 13:03:11,2.944,1193.944,28.5,CRITICAL_VIB_SOUND,50.0,HIGH,FALLING,1,LOOSE_COMPONENT,Inspect and secure loose components.,91.66,ABNORMAL_SOUND
M001,2026-08-17 13:03:13,0.399,1141.029,28.5,WARNING_SOUND,72.0,MEDIUM,RISING,1,MECHANICAL_ABNORMALITY,Inspect mechanical components and sound sources.,81.21,ABNORMAL_SOUND
M001,2026-08-17 13:03:15,0.085,1122.114,28.5,WARNING_SOUND,72.0,MEDIUM,STABLE,1,MECHANICAL_ABNORMALITY,Inspect mechanical components and sound sources.,81.87,ABNORMAL_SOUND
M001,2026-08-17 13:03:17,2.152,1198.841,28.5,CRITICAL_VIB_SOUND,50.0,HIGH,FALLING,1,LOOSE_COMPONENT,Inspect and secure loose components.,84.97,ABNORMAL_SOUND
M001,2026-08-17 13:03:19,0.786,1231.392,28.5,CRITICAL_VIB_SOUND,50.0,HIGH,STABLE,1,LOOSE_COMPONENT,Inspect and secure loose components.,80.79,ABNORMAL_SOUND
M001,2026-08-17 13:03:22,0.878,1163.072,28.5,WARNING_SOUND,72.0,MEDIUM,RISING,1,MECHANICAL_ABNORMALITY,Inspect mechanical components and sound sources.,80.35,ABNORMAL_SOUND
M001,2026-08-17 13:03:24,0.164,1235.748,28.5,WARNING_SOUND,72.0,MEDIUM,STABLE,1,MECHANICAL_ABNORMALITY,Inspect mechanical components and sound sources.,81.74,ABNORMAL_SOUND
M001,2026-08-17 13:03:26,0.995,1203.061,28.5,WARNING_SOUND,72.0,MEDIUM,STABLE,1,MECHANICAL_ABNORMALITY,Inspect mechanical components and sound sources.,78.43,ABNORMAL_SOUND
M001,2026-08-17 13:03:28,2.158,1244.703,28.5,CRITICAL_VIB_SOUND,50.0,HIGH,FALLING,1,LOOSE_COMPONENT,Inspect and secure loose components.,84.97,ABNORMAL_SOUND
M001,2026-08-17 13:03:30,1.735,1187.677,28.25,WARNING_SOUND,72.0,MEDIUM,RISING,1,MECHANICAL_ABNORMALITY,Inspect mechanical components and sound sources.,83.79,ABNORMAL_SOUND
M001,2026-08-17 13:03:32,0.481,1219.308,28.5,WARNING_SOUND,72.0,MEDIUM,STABLE,1,MECHANICAL_ABNORMALITY,Inspect mechanical components and sound sources.,81.12,ABNORMAL_SOUND
M001,2026-08-17 13:03:34,0.092,1178.36,28.5,WARNING_SOUND,72.0,MEDIUM,STABLE,1,MECHANICAL_ABNORMALITY,Inspect mechanical components and sound sources.,81.8,ABNORMAL_SOUND
M001,2026-08-17 13:03:36,0.01,1159.048,28.5,WARNING_SOUND,72.0,MEDIUM,STABLE,1,MECHANICAL_ABNORMALITY,Inspect mechanical components and sound sources.,84.01,ABNORMAL_SOUND
M001,2026-08-17 13:03:38,1.713,1164.706,28.25,CRITICAL_VIB_SOUND,50.0,HIGH,FALLING,1,LOOSE_COMPONENT,Inspect and secure loose components.,83.27,ABNORMAL_SOUND
M001,2026-08-17 13:03:40,1.018,1222.423,28.5,CRITICAL_VIB_SOUND,50.0,HIGH,STABLE,1,LOOSE_COMPONENT,Inspect and secure loose components.,78.37,ABNORMAL_SOUND
M001,2026-08-17 13:03:42,1.827,1111.383,28.5,WARNING_SOUND,72.0,MEDIUM,RISING,1,MECHANICAL_ABNORMALITY,Inspect mechanical components and sound sources.,81.42,ABNORMAL_SOUND
M001,2026-08-17 13:03:44,1.19,975.659,28.5,CRITICAL_VIB_SOUND,50.0,HIGH,FALLING,1,LOOSE_COMPONENT,Inspect and secure loose components.,78.0,ABNORMAL_SOUND
M001,2026-08-17 13:03:47,1.241,896.44,28.5,CRITICAL_VIB_SOUND,50.0,HIGH,STABLE,1,LOOSE_COMPONENT,Inspect and secure loose components.,76.76,ABNORMAL_SOUND
M001,2026-08-17 13:03:49,0.732,1131.177,28.5,WARNING_SOUND,72.0,MEDIUM,RISING,1,MECHANICAL_ABNORMALITY,Inspect mechanical components and sound sources.,80.92,ABNORMAL_SOUND
M001,2026-08-17 13:03:51,0.692,1096.824,28.5,WARNING_SOUND,72.0,MEDIUM,STABLE,1,MECHANICAL_ABNORMALITY,Inspect mechanical components and sound sources.,81.08,ABNORMAL_SOUND
M001,2026-08-17 13:03:53,0.48,1129.703,28.5,WARNING_SOUND,72.0,MEDIUM,STABLE,1,MECHANICAL_ABNORMALITY,Inspect mechanical components and sound sources.,81.12,ABNORMAL_SOUND
M001,2026-08-17 13:03:55,2.159,1062.696,28.5,CRITICAL_VIB_SOUND,50.0,HIGH,FALLING,1,LOOSE_COMPONENT,Inspect and secure loose components.,84.97,ABNORMAL_SOUND
M001,2026-08-17 13:03:57,1.322,1016.864,28.5,WARNING_SOUND,72.0,MEDIUM,RISING,1,MECHANICAL_ABNORMALITY,Inspect mechanical components and sound sources.,78.71,ABNORMAL_SOUND
M001,2026-08-17 13:03:59,0.309,926.522,28.5,WARNING_SOUND,72.0,MEDIUM,STABLE,1,MECHANICAL_ABNORMALITY,Inspect mechanical components and sound sources.,80.67,ABNORMAL_SOUND
M001,2026-08-17 13:04:01,1.195,1078.328,28.5,WARNING_SOUND,72.0,MEDIUM,STABLE,1,MECHANICAL_ABNORMALITY,Inspect mechanical components and sound sources.,78.06,ABNORMAL_SOUND
M001,2026-08-17 13:04:03,0.075,319.42,28.5,NORMAL,100.0,LOW,RISING,0,NONE,Continue normal monitoring.,38.58,NORMAL
M001,2026-08-17 13:04:05,0.956,723.932,28.5,WARNING_SOUND,72.0,MEDIUM,FALLING,1,MECHANICAL_ABNORMALITY,Inspect mechanical components and sound sources.,74.97,ABNORMAL_SOUND
M001,2026-08-17 13:04:07,0.879,1088.679,28.5,WARNING_SOUND,72.0,MEDIUM,STABLE,1,MECHANICAL_ABNORMALITY,Inspect mechanical components and sound sources.,80.35,ABNORMAL_SOUND
M001,2026-08-17 13:04:09,0.621,986.481,28.5,WARNING_SOUND,72.0,MEDIUM,STABLE,1,MECHANICAL_ABNORMALITY,Inspect mechanical components and sound sources.,81.78,ABNORMAL_SOUND
M001,2026-08-17 13:04:11,1.499,925.505,28.25,WARNING_SOUND,72.0,MEDIUM,STABLE,1,MECHANICAL_ABNORMALITY,Inspect mechanical components and sound sources.,80.77,ABNORMAL_SOUND
M001,2026-08-17 13:04:14,1.184,1022.604,28.25,CRITICAL_VIB_SOUND,50.0,HIGH,FALLING,1,LOOSE_COMPONENT,Inspect and secure loose components.,78.99,ABNORMAL_SOUND
M001,2026-08-17 13:04:16,0.214,1067.872,28.5,WARNING_SOUND,72.0,MEDIUM,RISING,1,MECHANICAL_ABNORMALITY,Inspect mechanical components and sound sources.,81.23,ABNORMAL_SOUND
M001,2026-08-17 13:04:18,0.668,1127.702,28.5,WARNING_SOUND,72.0,MEDIUM,STABLE,1,MECHANICAL_ABNORMALITY,Inspect mechanical components and sound sources.,81.01,ABNORMAL_SOUND
M001,2026-08-17 13:04:20,1.414,1176.233,28.5,CRITICAL_VIB_SOUND,50.0,HIGH,FALLING,1,LOOSE_COMPONENT,Inspect and secure loose components.,78.6,ABNORMAL_SOUND
M001,2026-08-17 13:04:22,0.226,1143.082,28.5,CRITICAL_VIB_SOUND,50.0,HIGH,STABLE,1,LOOSE_COMPONENT,Inspect and secure loose components.,80.99,ABNORMAL_SOUND
M001,2026-08-17 13:04:24,0.134,945.291,28.5,WARNING_SOUND,72.0,MEDIUM,RISING,1,MECHANICAL_ABNORMALITY,Inspect mechanical components and sound sources.,81.34,ABNORMAL_SOUND
M001,2026-08-17 13:04:26,3.174,1144.549,28.25,CRITICAL_VIB_SOUND,50.0,HIGH,FALLING,1,LOOSE_COMPONENT,Inspect and secure loose components.,93.94,EXCESSIVE_VIBRATION
M001,2026-08-17 13:04:28,0.071,1143.07,28.5,CRITICAL_VIB_SOUND,50.0,HIGH,STABLE,1,LOOSE_COMPONENT,Inspect and secure loose components.,81.53,ABNORMAL_SOUND
M001,2026-08-17 13:04:30,0.4,1210.539,28.25,WARNING_SOUND,72.0,MEDIUM,RISING,1,MECHANICAL_ABNORMALITY,Inspect mechanical components and sound sources.,80.26,ABNORMAL_SOUND
M001,2026-08-17 13:04:32,0.553,1202.879,28.5,CRITICAL_VIB_SOUND,50.0,HIGH,FALLING,1,LOOSE_COMPONENT,Inspect and secure loose components.,81.87,ABNORMAL_SOUND
M001,2026-08-17 13:04:34,0.47,1129.837,28.25,CRITICAL_VIB_SOUND,50.0,HIGH,STABLE,1,LOOSE_COMPONENT,Inspect and secure loose components.,80.34,ABNORMAL_SOUND
M001,2026-08-17 13:04:36,0.306,1119.011,28.5,WARNING_SOUND,72.0,MEDIUM,RISING,1,MECHANICAL_ABNORMALITY,Inspect mechanical components and sound sources.,80.89,ABNORMAL_SOUND
M001,2026-08-17 13:04:39,0.488,1226.337,28.25,WARNING_SOUND,72.0,MEDIUM,STABLE,1,MECHANICAL_ABNORMALITY,Inspect mechanical components and sound sources.,80.34,ABNORMAL_SOUND
M001,2026-08-17 13:04:41,3.21,1218.979,28.5,CRITICAL_VIB_SOUND,50.0,HIGH,FALLING,1,LOOSE_COMPONENT,Inspect and secure loose components.,91.9,EXCESSIVE_VIBRATION
M001,2026-08-17 13:04:43,0.94,1112.533,28.5,CRITICAL_VIB_SOUND,50.0,HIGH,STABLE,1,LOOSE_COMPONENT,Inspect and secure loose components.,78.66,ABNORMAL_SOUND
M001,2026-08-17 13:04:45,1.728,1081.694,28.5,WARNING_SOUND,72.0,MEDIUM,RISING,1,MECHANICAL_ABNORMALITY,Inspect mechanical components and sound sources.,79.79,ABNORMAL_SOUND
M001,2026-08-17 13:04:47,0.047,1133.284,28.5,WARNING_SOUND,72.0,MEDIUM,STABLE,1,MECHANICAL_ABNORMALITY,Inspect mechanical components and sound sources.,82.51,ABNORMAL_SOUND
M001,2026-08-17 13:04:49,0.054,1148.279,28.5,CRITICAL_VIB_SOUND,50.0,HIGH,FALLING,1,LOOSE_COMPONENT,Inspect and secure loose components.,81.71,ABNORMAL_SOUND
M001,2026-08-17 13:04:51,0.937,1242.563,28.5,CRITICAL_VIB_SOUND,50.0,HIGH,STABLE,1,LOOSE_COMPONENT,Inspect and secure loose components.,79.34,ABNORMAL_SOUND
M001,2026-08-17 13:04:53,1.201,1174.472,28.5,WARNING_SOUND,72.0,MEDIUM,RISING,1,MECHANICAL_ABNORMALITY,Inspect mechanical components and sound sources.,78.06,ABNORMAL_SOUND
M001,2026-08-17 13:04:55,0.113,1268.56,28.5,WARNING_SOUND,72.0,MEDIUM,STABLE,1,MECHANICAL_ABNORMALITY,Inspect mechanical components and sound sources.,81.47,ABNORMAL_SOUND
M001,2026-08-17 13:04:57,0.032,1197.244,28.5,WARNING_SOUND,72.0,MEDIUM,STABLE,1,MECHANICAL_ABNORMALITY,Inspect mechanical components and sound sources.,82.89,ABNORMAL_SOUND
M001,2026-08-17 13:04:59,2.201,1159.288,28.25,CRITICAL_VIB_SOUND,50.0,HIGH,FALLING,1,LOOSE_COMPONENT,Inspect and secure loose components.,87.94,ABNORMAL_SOUND
M001,2026-08-17 13:05:01,0.874,1273.047,28.5,CRITICAL_VIB_SOUND,50.0,HIGH,STABLE,1,LOOSE_COMPONENT,Inspect and secure loose components.,80.35,ABNORMAL_SOUND
M001,2026-08-17 13:05:03,1.005,1207.611,28.5,WARNING_SOUND,72.0,MEDIUM,RISING,1,MECHANICAL_ABNORMALITY,Inspect mechanical components and sound sources.,78.43,ABNORMAL_SOUND
M001,2026-08-17 13:05:06,0.197,1139.122,28.5,WARNING_SOUND,72.0,MEDIUM,STABLE,1,MECHANICAL_ABNORMALITY,Inspect mechanical components and sound sources.,81.4,ABNORMAL_SOUND
M001,2026-08-17 13:05:08,0.647,1186.195,28.5,CRITICAL_VIB_SOUND,50.0,HIGH,FALLING,1,LOOSE_COMPONENT,Inspect and secure loose components.,81.41,ABNORMAL_SOUND
M001,2026-08-17 13:05:10,2.246,1197.261,28.5,CRITICAL_VIB_SOUND,50.0,HIGH,STABLE,1,LOOSE_COMPONENT,Inspect and secure loose components.,85.61,ABNORMAL_SOUND
M001,2026-08-17 13:05:12,0.708,1075.003,28.5,WARNING_SOUND,72.0,MEDIUM,RISING,1,MECHANICAL_ABNORMALITY,Inspect mechanical components and sound sources.,81.2,ABNORMAL_SOUND
M001,2026-08-17 13:05:14,0.627,1036.59,28.5,WARNING_SOUND,72.0,MEDIUM,STABLE,1,MECHANICAL_ABNORMALITY,Inspect mechanical components and sound sources.,81.67,ABNORMAL_SOUND
M001,2026-08-17 13:05:16,0.524,1179.332,28.5,WARNING_SOUND,72.0,MEDIUM,STABLE,1,MECHANICAL_ABNORMALITY,Inspect mechanical components and sound sources.,81.76,ABNORMAL_SOUND
M001,2026-08-17 13:05:18,1.681,1208.749,28.5,CRITICAL_VIB_SOUND,50.0,HIGH,FALLING,1,LOOSE_COMPONENT,Inspect and secure loose components.,79.0,ABNORMAL_SOUND
M001,2026-08-17 13:05:20,1.729,1138.031,28.5,CRITICAL_VIB_SOUND,50.0,HIGH,STABLE,1,LOOSE_COMPONENT,Inspect and secure loose components.,79.9,ABNORMAL_SOUND
M001,2026-08-17 13:05:22,3.393,1192.34,28.5,WARNING_SOUND,72.0,MEDIUM,RISING,1,MECHANICAL_ABNORMALITY,Inspect mechanical components and sound sources.,91.96,EXCESSIVE_VIBRATION
M001,2026-08-17 13:05:24,0.494,1165.917,28.5,WARNING_SOUND,72.0,MEDIUM,STABLE,1,MECHANICAL_ABNORMALITY,Inspect mechanical components and sound sources.,81.4,ABNORMAL_SOUND
M001,2026-08-17 13:05:26,1.13,1189.224,28.5,CRITICAL_VIB_SOUND,50.0,HIGH,FALLING,1,LOOSE_COMPONENT,Inspect and secure loose components.,77.96,ABNORMAL_SOUND
M001,2026-08-17 13:05:28,0.297,1198.426,28.5,WARNING_SOUND,72.0,MEDIUM,RISING,1,MECHANICAL_ABNORMALITY,Inspect mechanical components and sound sources.,80.89,ABNORMAL_SOUND
M001,2026-08-17 13:05:31,1.419,1217.817,28.5,WARNING_SOUND,72.0,MEDIUM,STABLE,1,MECHANICAL_ABNORMALITY,Inspect mechanical components and sound sources.,78.77,ABNORMAL_SOUND
M001,2026-08-17 13:05:33,0.808,1204.387,28.5,WARNING_SOUND,72.0,MEDIUM,STABLE,1,MECHANICAL_ABNORMALITY,Inspect mechanical components and sound sources.,80.66,ABNORMAL_SOUND
M001,2026-08-17 13:05:35,0.052,1202.617,28.5,WARNING_SOUND,72.0,MEDIUM,STABLE,1,MECHANICAL_ABNORMALITY,Inspect mechanical components and sound sources.,82.18,ABNORMAL_SOUND
M001,2026-08-17 13:05:37,0.579,982.557,28.5,WARNING_SOUND,72.0,MEDIUM,STABLE,1,MECHANICAL_ABNORMALITY,Inspect mechanical components and sound sources.,82.06,ABNORMAL_SOUND
M001,2026-08-17 13:05:39,1.526,1227.752,28.5,WARNING_SOUND,72.0,MEDIUM,STABLE,1,MECHANICAL_ABNORMALITY,Inspect mechanical components and sound sources.,78.56,ABNORMAL_SOUND
M001,2026-08-17 13:05:41,1.64,1166.853,28.5,WARNING_SOUND,72.0,MEDIUM,STABLE,1,MECHANICAL_ABNORMALITY,Inspect mechanical components and sound sources.,78.1,ABNORMAL_SOUND
M001,2026-08-17 13:05:43,0.496,1165.072,28.5,WARNING_SOUND,72.0,MEDIUM,STABLE,1,MECHANICAL_ABNORMALITY,Inspect mechanical components and sound sources.,81.4,ABNORMAL_SOUND
M001,2026-08-17 13:05:45,2.067,1141.101,28.5,CRITICAL_VIB_SOUND,50.0,HIGH,FALLING,1,LOOSE_COMPONENT,Inspect and secure loose components.,84.45,ABNORMAL_SOUND
M001,2026-08-17 13:05:47,2.528,1256.102,28.5,WARNING_SOUND,72.0,MEDIUM,RISING,1,MECHANICAL_ABNORMALITY,Inspect mechanical components and sound sources.,89.33,ABNORMAL_SOUND
M001,2026-08-17 13:05:49,1.368,1193.226,28.5,WARNING_SOUND,72.0,MEDIUM,STABLE,1,MECHANICAL_ABNORMALITY,Inspect mechanical components and sound sources.,79.18,ABNORMAL_SOUND
M001,2026-08-17 13:05:51,1.635,1108.647,28.5,WARNING_SOUND,72.0,MEDIUM,STABLE,1,MECHANICAL_ABNORMALITY,Inspect mechanical components and sound sources.,78.1,ABNORMAL_SOUND
M001,2026-08-17 13:05:53,0.688,458.679,28.5,WARNING_SOUND,72.0,MEDIUM,STABLE,1,MECHANICAL_ABNORMALITY,Inspect mechanical components and sound sources.,55.96,UNKNOWN_ABNORMALITY
M001,2026-08-17 13:05:56,1.219,271.537,28.5,NORMAL,100.0,LOW,RISING,0,NONE,Continue normal monitoring.,8.53,NORMAL
M001,2026-08-17 13:05:58,1.113,233.071,28.5,NORMAL,100.0,LOW,STABLE,0,NONE,Continue normal monitoring.,4.61,NORMAL
M001,2026-08-17 13:06:00,0.844,264.376,28.5,NORMAL,100.0,LOW,STABLE,0,NONE,Continue normal monitoring.,9.37,NORMAL
M001,2026-08-17 13:06:02,1.28,295.899,28.5,NORMAL,100.0,LOW,STABLE,0,NONE,Continue normal monitoring.,17.51,NORMAL
M001,2026-08-17 13:06:04,0.736,321.401,28.5,NORMAL,100.0,LOW,STABLE,0,NONE,Continue normal monitoring.,28.11,NORMAL
M001,2026-08-17 13:06:06,1.349,266.314,28.5,NORMAL,100.0,LOW,STABLE,0,NONE,Continue normal monitoring.,8.27,NORMAL
M001,2026-08-17 13:06:08,1.2,258.119,28.5,NORMAL,100.0,LOW,STABLE,0,NONE,Continue normal monitoring.,5.71,NORMAL
M001,2026-08-17 13:06:10,1.081,283.666,28.5,WARNING_SOUND,72.0,MEDIUM,FALLING,1,MECHANICAL_ABNORMALITY,Inspect mechanical components and sound sources.,12.54,NORMAL
M001,2026-08-17 13:06:12,1.396,288.155,28.5,NORMAL,100.0,LOW,RISING,0,NONE,Continue normal monitoring.,15.35,NORMAL
M001,2026-08-17 13:06:14,1.48,277.267,28.5,NORMAL,100.0,LOW,STABLE,0,NONE,Continue normal monitoring.,12.81,NORMAL
M001,2026-08-17 13:06:16,1.462,329.966,28.5,WARNING_SOUND,72.0,MEDIUM,FALLING,1,MECHANICAL_ABNORMALITY,Inspect mechanical components and sound sources.,27.24,NORMAL
M001,2026-08-17 13:06:18,0.669,357.106,28.5,NORMAL,100.0,LOW,RISING,0,NONE,Continue normal monitoring.,35.57,NORMAL
M001,2026-08-17 13:06:20,1.462,462.766,28.5,WARNING_SOUND,72.0,MEDIUM,FALLING,1,MECHANICAL_ABNORMALITY,Inspect mechanical components and sound sources.,54.43,UNKNOWN_ABNORMALITY
M001,2026-08-17 13:06:23,1.163,342.971,28.5,NORMAL,100.0,LOW,RISING,0,NONE,Continue normal monitoring.,28.44,NORMAL
M001,2026-08-17 13:06:25,1.213,299.458,28.5,NORMAL,100.0,LOW,STABLE,0,NONE,Continue normal monitoring.,19.14,NORMAL
M001,2026-08-17 13:06:27,1.43,273.404,28.5,NORMAL,100.0,LOW,STABLE,0,NONE,Continue normal monitoring.,10.65,NORMAL
M001,2026-08-17 13:06:29,1.185,268.909,28.5,WARNING_SOUND,72.0,MEDIUM,FALLING,1,MECHANICAL_ABNORMALITY,Inspect mechanical components and sound sources.,7.83,NORMAL
M001,2026-08-17 13:06:31,1.398,237.726,28.5,NORMAL,100.0,LOW,RISING,0,NONE,Continue normal monitoring.,6.06,NORMAL
M001,2026-08-17 13:06:33,1.36,228.32,28.5,NORMAL,100.0,LOW,STABLE,0,NONE,Continue normal monitoring.,6.81,NORMAL
M001,2026-08-17 13:06:35,1.015,295.187,28.5,NORMAL,100.0,LOW,STABLE,0,NONE,Continue normal monitoring.,18.16,NORMAL
M001,2026-08-17 13:06:37,1.153,253.575,28.25,NORMAL,100.0,LOW,STABLE,0,NONE,Continue normal monitoring.,2.41,NORMAL
M001,2026-08-17 13:06:39,1.691,365.068,28.5,WARNING_SOUND,72.0,MEDIUM,FALLING,1,MECHANICAL_ABNORMALITY,Inspect mechanical components and sound sources.,39.66,NORMAL
M001,2026-08-17 13:06:41,1.026,348.956,28.5,NORMAL,100.0,LOW,RISING,0,NONE,Continue normal monitoring.,31.58,NORMAL
M001,2026-08-17 13:06:43,0.893,281.866,28.5,NORMAL,100.0,LOW,STABLE,0,NONE,Continue normal monitoring.,13.51,NORMAL
M001,2026-08-17 13:06:45,0.991,441.701,28.5,WARNING_SOUND,72.0,MEDIUM,FALLING,1,MECHANICAL_ABNORMALITY,Inspect mechanical components and sound sources.,50.51,UNKNOWN_ABNORMALITY
M001,2026-08-17 13:06:48,0.981,343.662,28.5,NORMAL,100.0,LOW,RISING,0,NONE,Continue normal monitoring.,30.41,NORMAL
M001,2026-08-17 13:06:50,1.562,285.935,28.5,NORMAL,100.0,LOW,STABLE,0,NONE,Continue normal monitoring.,16.21,NORMAL
M001,2026-08-17 13:06:52,0.761,245.841,28.5,NORMAL,100.0,LOW,STABLE,0,NONE,Continue normal monitoring.,5.84,NORMAL
M001,2026-08-17 13:06:54,1.581,295.932,28.5,NORMAL,100.0,LOW,STABLE,0,NONE,Continue normal monitoring.,21.06,NORMAL
M001,2026-08-17 13:06:56,1.653,244.227,28.5,NORMAL,100.0,LOW,STABLE,0,NONE,Continue normal monitoring.,9.39,NORMAL
M001,2026-08-17 13:06:58,1.487,267.896,28.5,NORMAL,100.0,LOW,STABLE,0,NONE,Continue normal monitoring.,10.01,NORMAL
M001,2026-08-17 13:07:00,1.377,479.579,28.5,WARNING_SOUND,72.0,MEDIUM,FALLING,1,MECHANICAL_ABNORMALITY,Inspect mechanical components and sound sources.,57.66,UNKNOWN_ABNORMALITY
M001,2026-08-17 13:07:02,1.306,512.023,28.25,WARNING_SOUND,72.0,MEDIUM,STABLE,1,MECHANICAL_ABNORMALITY,Inspect mechanical components and sound sources.,61.82,ABNORMAL_SOUND
M001,2026-08-17 13:07:04,0.879,455.693,28.5,WARNING_SOUND,72.0,MEDIUM,STABLE,1,MECHANICAL_ABNORMALITY,Inspect mechanical components and sound sources.,54.37,UNKNOWN_ABNORMALITY
M001,2026-08-17 13:07:06,1.136,256.776,28.5,NORMAL,100.0,LOW,RISING,0,NONE,Continue normal monitoring.,5.44,NORMAL
M001,2026-08-17 13:07:08,0.941,443.107,28.5,WARNING_SOUND,72.0,MEDIUM,FALLING,1,MECHANICAL_ABNORMALITY,Inspect mechanical components and sound sources.,51.21,UNKNOWN_ABNORMALITY
M001,2026-08-17 13:07:10,1.215,437.777,28.5,WARNING_SOUND,72.0,MEDIUM,STABLE,1,MECHANICAL_ABNORMALITY,Inspect mechanical components and sound sources.,48.7,NORMAL
M001,2026-08-17 13:07:12,1.45,354.813,28.5,NORMAL,100.0,LOW,RISING,0,NONE,Continue normal monitoring.,32.05,NORMAL
M001,2026-08-17 13:07:15,1.496,370.8,28.5,WARNING_SOUND,72.0,MEDIUM,FALLING,1,MECHANICAL_ABNORMALITY,Inspect mechanical components and sound sources.,36.64,NORMAL
M001,2026-08-17 13:07:17,1.319,378.756,28.5,NORMAL,100.0,LOW,RISING,0,NONE,Continue normal monitoring.,38.2,NORMAL
M001,2026-08-17 13:07:19,1.161,386.727,28.5,WARNING_SOUND,72.0,MEDIUM,FALLING,1,MECHANICAL_ABNORMALITY,Inspect mechanical components and sound sources.,38.37,NORMAL
M001,2026-08-17 13:07:21,1.918,416.725,28.5,WARNING_SOUND,72.0,MEDIUM,STABLE,1,MECHANICAL_ABNORMALITY,Inspect mechanical components and sound sources.,56.64,UNKNOWN_ABNORMALITY
M001,2026-08-17 13:07:23,1.225,467.343,28.5,WARNING_SOUND,72.0,MEDIUM,STABLE,1,MECHANICAL_ABNORMALITY,Inspect mechanical components and sound sources.,52.89,UNKNOWN_ABNORMALITY
M001,2026-08-17 13:07:25,1.274,362.026,28.5,NORMAL,100.0,LOW,RISING,0,NONE,Continue normal monitoring.,33.28,NORMAL
M001,2026-08-17 13:07:27,0.953,380.624,28.5,WARNING_SOUND,72.0,MEDIUM,FALLING,1,MECHANICAL_ABNORMALITY,Inspect mechanical components and sound sources.,38.95,NORMAL
M001,2026-08-17 13:07:29,1.052,247.702,28.5,NORMAL,100.0,LOW,RISING,0,NONE,Continue normal monitoring.,4.43,NORMAL
M001,2026-08-17 13:07:31,1.27,259.176,28.5,NORMAL,100.0,LOW,STABLE,0,NONE,Continue normal monitoring.,5.73,NORMAL
M001,2026-08-17 13:07:33,1.594,304.42,28.5,NORMAL,100.0,LOW,STABLE,0,NONE,Continue normal monitoring.,24.63,NORMAL
M001,2026-08-17 13:07:35,1.146,272.838,28.5,NORMAL,100.0,LOW,STABLE,0,NONE,Continue normal monitoring.,8.64,NORMAL
M001,2026-08-17 13:07:37,1.318,369.355,28.5,WARNING_SOUND,72.0,MEDIUM,FALLING,1,MECHANICAL_ABNORMALITY,Inspect mechanical components and sound sources.,34.85,NORMAL
M001,2026-08-17 13:07:40,1.477,354.857,28.25,NORMAL,100.0,LOW,RISING,0,NONE,Continue normal monitoring.,38.38,NORMAL
M001,2026-08-17 13:07:42,1.402,400.312,28.5,WARNING_SOUND,72.0,MEDIUM,FALLING,1,MECHANICAL_ABNORMALITY,Inspect mechanical components and sound sources.,44.03,NORMAL
M001,2026-08-17 13:07:44,1.263,322.739,28.5,NORMAL,100.0,LOW,RISING,0,NONE,Continue normal monitoring.,23.96,NORMAL
M001,2026-08-17 13:07:46,0.899,291.683,28.5,NORMAL,100.0,LOW,STABLE,0,NONE,Continue normal monitoring.,16.46,NORMAL
M001,2026-08-17 13:07:48,1.177,306.246,28.5,WARNING_SOUND,72.0,MEDIUM,FALLING,1,MECHANICAL_ABNORMALITY,Inspect mechanical components and sound sources.,20.55,NORMAL
M001,2026-08-17 13:07:50,1.481,306.87,28.5,NORMAL,100.0,LOW,RISING,0,NONE,Continue normal monitoring.,22.76,NORMAL
M001,2026-08-17 13:07:52,1.536,378.764,28.25,WARNING_SOUND,72.0,MEDIUM,FALLING,1,MECHANICAL_ABNORMALITY,Inspect mechanical components and sound sources.,46.34,NORMAL
M001,2026-08-17 13:07:54,1.083,429.316,28.5,WARNING_SOUND,72.0,MEDIUM,STABLE,1,MECHANICAL_ABNORMALITY,Inspect mechanical components and sound sources.,47.24,NORMAL
M001,2026-08-17 13:07:56,1.539,443.233,28.5,WARNING_SOUND,72.0,MEDIUM,STABLE,1,MECHANICAL_ABNORMALITY,Inspect mechanical components and sound sources.,52.53,UNKNOWN_ABNORMALITY
M001,2026-08-17 13:07:58,1.873,303.901,28.5,NORMAL,100.0,LOW,RISING,0,NONE,Continue normal monitoring.,33.25,NORMAL
M001,2026-08-17 13:08:00,1.4,405.829,28.5,WARNING_SOUND,72.0,MEDIUM,FALLING,1,MECHANICAL_ABNORMALITY,Inspect mechanical components and sound sources.,45.36,NORMAL
M001,2026-08-17 13:08:02,1.789,445.561,28.5,NORMAL,100.0,LOW,RISING,0,NONE,Continue normal monitoring.,57.0,UNKNOWN_ABNORMALITY
M001,2026-08-17 13:08:04,1.605,385.438,28.5,WARNING_SOUND,72.0,MEDIUM,FALLING,1,MECHANICAL_ABNORMALITY,Inspect mechanical components and sound sources.,41.92,NORMAL
M001,2026-08-17 13:08:07,1.676,398.346,28.5,WARNING_SOUND,72.0,MEDIUM,STABLE,1,MECHANICAL_ABNORMALITY,Inspect mechanical components and sound sources.,46.59,NORMAL
M001,2026-08-17 13:08:09,1.135,341.74,28.5,NORMAL,100.0,LOW,RISING,0,NONE,Continue normal monitoring.,28.66,NORMAL
M001,2026-08-17 13:08:11,1.665,267.816,28.5,NORMAL,100.0,LOW,STABLE,0,NONE,Continue normal monitoring.,13.6,NORMAL
M001,2026-08-17 13:08:13,1.476,387.679,28.5,WARNING_SOUND,72.0,MEDIUM,FALLING,1,MECHANICAL_ABNORMALITY,Inspect mechanical components and sound sources.,41.24,NORMAL
M001,2026-08-17 13:08:15,1.229,330.771,28.5,NORMAL,100.0,LOW,RISING,0,NONE,Continue normal monitoring.,25.11,NORMAL
M001,2026-08-17 13:08:17,1.232,409.229,28.25,WARNING_SOUND,72.0,MEDIUM,FALLING,1,MECHANICAL_ABNORMALITY,Inspect mechanical components and sound sources.,45.07,NORMAL
M001,2026-08-17 13:08:19,1.173,363.245,28.5,NORMAL,100.0,LOW,RISING,0,NONE,Continue normal monitoring.,33.14,NORMAL
M001,2026-08-17 13:08:21,0.93,392.644,28.5,WARNING_SOUND,72.0,MEDIUM,FALLING,1,MECHANICAL_ABNORMALITY,Inspect mechanical components and sound sources.,42.91,NORMAL
M001,2026-08-17 13:08:23,1.116,355.117,28.5,NORMAL,100.0,LOW,RISING,0,NONE,Continue normal monitoring.,30.46,NORMAL
M001,2026-08-17 13:08:25,1.266,318.023,28.5,NORMAL,100.0,LOW,STABLE,0,NONE,Continue normal monitoring.,23.12,NORMAL
M001,2026-08-17 13:08:27,1.212,212.998,28.5,NORMAL,100.0,LOW,STABLE,0,NONE,Continue normal monitoring.,11.54,NORMAL
M001,2026-08-17 13:08:29,0.253,239.46,28.5,NORMAL,100.0,LOW,STABLE,0,NONE,Continue normal monitoring.,10.76,NORMAL
M001,2026-08-17 13:08:32,0.508,240.675,28.25,NORMAL,100.0,LOW,STABLE,0,NONE,Continue normal monitoring.,2.59,NORMAL
M001,2026-08-17 13:08:34,1.16,252.364,28.5,NORMAL,100.0,LOW,STABLE,0,NONE,Continue normal monitoring.,4.45,NORMAL
M001,2026-08-17 13:08:36,1.036,295.861,28.25,NORMAL,100.0,LOW,STABLE,0,NONE,Continue normal monitoring.,20.08,NORMAL
M001,2026-08-17 13:08:38,1.322,230.156,28.5,NORMAL,100.0,LOW,STABLE,0,NONE,Continue normal monitoring.,6.2,NORMAL
M001,2026-08-17 13:08:40,1.87,247.465,28.5,NORMAL,100.0,LOW,STABLE,0,NONE,Continue normal monitoring.,18.85,NORMAL
M001,2026-08-17 13:08:42,3.444,1073.545,28.25,WARNING_VIBRATION,72.0,MEDIUM,FALLING,1,EXCESSIVE_VIBRATION,Inspect motor and rotating components.,94.13,EXCESSIVE_VIBRATION
M001,2026-08-17 13:08:44,2.09,1199.959,28.5,WARNING_SOUND,72.0,MEDIUM,STABLE,1,MECHANICAL_ABNORMALITY,Inspect mechanical components and sound sources.,84.57,ABNORMAL_SOUND
M001,2026-08-17 13:08:46,0.529,1235.642,28.5,WARNING_SOUND,72.0,MEDIUM,STABLE,1,MECHANICAL_ABNORMALITY,Inspect mechanical components and sound sources.,81.93,ABNORMAL_SOUND
M001,2026-08-17 13:08:48,0.877,972.776,28.5,WARNING_SOUND,72.0,MEDIUM,STABLE,1,MECHANICAL_ABNORMALITY,Inspect mechanical components and sound sources.,80.35,ABNORMAL_SOUND
M001,2026-08-17 13:08:50,0.981,920.634,28.5,WARNING_SOUND,72.0,MEDIUM,STABLE,1,MECHANICAL_ABNORMALITY,Inspect mechanical components and sound sources.,78.05,ABNORMAL_SOUND
M001,2026-08-17 13:08:52,1.174,710.395,28.5,WARNING_SOUND,72.0,MEDIUM,STABLE,1,MECHANICAL_ABNORMALITY,Inspect mechanical components and sound sources.,73.91,ABNORMAL_SOUND
M001,2026-08-17 13:08:54,1.516,945.953,28.25,WARNING_SOUND,72.0,MEDIUM,STABLE,1,MECHANICAL_ABNORMALITY,Inspect mechanical components and sound sources.,81.54,ABNORMAL_SOUND
M001,2026-08-17 13:08:56,3.489,944.602,28.25,CRITICAL_VIB_SOUND,50.0,HIGH,FALLING,1,LOOSE_COMPONENT,Inspect and secure loose components.,94.13,EXCESSIVE_VIBRATION
M001,2026-08-17 13:08:59,0.794,917.414,28.25,CRITICAL_VIB_SOUND,50.0,HIGH,STABLE,1,LOOSE_COMPONENT,Inspect and secure loose components.,79.04,ABNORMAL_SOUND
M001,2026-08-17 13:09:01,1.121,1074.403,28.5,WARNING_SOUND,72.0,MEDIUM,RISING,1,MECHANICAL_ABNORMALITY,Inspect mechanical components and sound sources.,77.71,ABNORMAL_SOUND
M001,2026-08-17 13:09:03,0.06,994.776,28.25,WARNING_SOUND,72.0,MEDIUM,STABLE,1,MECHANICAL_ABNORMALITY,Inspect mechanical components and sound sources.,80.5,ABNORMAL_SOUND
M001,2026-08-17 13:09:05,0.868,965.929,28.5,WARNING_SOUND,72.0,MEDIUM,STABLE,1,MECHANICAL_ABNORMALITY,Inspect mechanical components and sound sources.,80.4,ABNORMAL_SOUND
M001,2026-08-17 13:09:07,1.159,947.907,28.5,WARNING_SOUND,72.0,MEDIUM,STABLE,1,MECHANICAL_ABNORMALITY,Inspect mechanical components and sound sources.,78.23,ABNORMAL_SOUND
M001,2026-08-17 13:09:09,3.177,1006.779,28.25,CRITICAL_VIB_SOUND,50.0,HIGH,FALLING,1,LOOSE_COMPONENT,Inspect and secure loose components.,93.94,EXCESSIVE_VIBRATION
M001,2026-08-17 13:09:11,0.562,1090.42,28.5,WARNING_SOUND,72.0,MEDIUM,RISING,1,MECHANICAL_ABNORMALITY,Inspect mechanical components and sound sources.,81.92,ABNORMAL_SOUND
M001,2026-08-17 13:09:13,1.6,1060.828,28.5,WARNING_SOUND,72.0,MEDIUM,STABLE,1,MECHANICAL_ABNORMALITY,Inspect mechanical components and sound sources.,77.97,ABNORMAL_SOUND
M001,2026-08-17 13:09:15,1.558,995.007,28.25,WARNING_SOUND,72.0,MEDIUM,STABLE,1,MECHANICAL_ABNORMALITY,Inspect mechanical components and sound sources.,81.42,ABNORMAL_SOUND
M001,2026-08-17 13:09:17,1.913,882.858,28.5,CRITICAL_VIB_SOUND,50.0,HIGH,FALLING,1,LOOSE_COMPONENT,Inspect and secure loose components.,81.61,ABNORMAL_SOUND
M001,2026-08-17 13:09:19,1.236,893.232,28.5,CRITICAL_VIB_SOUND,50.0,HIGH,STABLE,1,LOOSE_COMPONENT,Inspect and secure loose components.,76.65,ABNORMAL_SOUND
M001,2026-08-17 13:09:21,0.98,995.772,28.5,WARNING_SOUND,72.0,MEDIUM,RISING,1,MECHANICAL_ABNORMALITY,Inspect mechanical components and sound sources.,78.38,ABNORMAL_SOUND
M001,2026-08-17 13:09:24,0.886,925.091,28.5,WARNING_SOUND,72.0,MEDIUM,STABLE,1,MECHANICAL_ABNORMALITY,Inspect mechanical components and sound sources.,79.83,ABNORMAL_SOUND
M001,2026-08-17 13:09:26,0.97,807.154,28.5,WARNING_SOUND,72.0,MEDIUM,STABLE,1,MECHANICAL_ABNORMALITY,Inspect mechanical components and sound sources.,76.38,ABNORMAL_SOUND
M001,2026-08-17 13:09:28,0.691,927.854,28.5,WARNING_SOUND,72.0,MEDIUM,STABLE,1,MECHANICAL_ABNORMALITY,Inspect mechanical components and sound sources.,80.74,ABNORMAL_SOUND
M001,2026-08-17 13:09:30,2.309,952.855,28.5,CRITICAL_VIB_SOUND,50.0,HIGH,FALLING,1,LOOSE_COMPONENT,Inspect and secure loose components.,86.43,ABNORMAL_SOUND
M001,2026-08-17 13:09:32,0.541,1137.861,28.25,CRITICAL_VIB_SOUND,50.0,HIGH,STABLE,1,LOOSE_COMPONENT,Inspect and secure loose components.,80.63,ABNORMAL_SOUND
M001,2026-08-17 13:09:34,2.23,1007.491,28.25,WARNING_SOUND,72.0,MEDIUM,RISING,1,MECHANICAL_ABNORMALITY,Inspect mechanical components and sound sources.,88.05,ABNORMAL_SOUND
M001,2026-08-17 13:09:36,1.597,932.847,28.25,WARNING_SOUND,72.0,MEDIUM,STABLE,1,MECHANICAL_ABNORMALITY,Inspect mechanical components and sound sources.,81.93,ABNORMAL_SOUND
M001,2026-08-17 13:09:38,0.192,802.103,28.5,WARNING_SOUND,72.0,MEDIUM,STABLE,1,MECHANICAL_ABNORMALITY,Inspect mechanical components and sound sources.,79.32,ABNORMAL_SOUND
M001,2026-08-17 13:09:40,0.952,967.391,28.5,WARNING_SOUND,72.0,MEDIUM,STABLE,1,MECHANICAL_ABNORMALITY,Inspect mechanical components and sound sources.,78.49,ABNORMAL_SOUND
M001,2026-08-17 13:09:42,0.905,1020.125,28.5,WARNING_SOUND,72.0,MEDIUM,STABLE,1,MECHANICAL_ABNORMALITY,Inspect mechanical components and sound sources.,79.55,ABNORMAL_SOUND
M001,2026-08-17 13:09:44,0.593,941.396,28.25,WARNING_SOUND,72.0,MEDIUM,STABLE,1,MECHANICAL_ABNORMALITY,Inspect mechanical components and sound sources.,81.0,ABNORMAL_SOUND
M001,2026-08-17 13:09:46,1.525,1115.558,28.5,WARNING_SOUND,72.0,MEDIUM,STABLE,1,MECHANICAL_ABNORMALITY,Inspect mechanical components and sound sources.,78.56,ABNORMAL_SOUND
M001,2026-08-17 13:09:49,0.961,457.094,28.25,WARNING_SOUND,72.0,MEDIUM,STABLE,1,MECHANICAL_ABNORMALITY,Inspect mechanical components and sound sources.,51.41,UNKNOWN_ABNORMALITY
M001,2026-08-17 13:09:51,0.959,917.659,28.5,WARNING_SOUND,72.0,MEDIUM,STABLE,1,MECHANICAL_ABNORMALITY,Inspect mechanical components and sound sources.,77.93,ABNORMAL_SOUND
M001,2026-08-17 13:09:53,1.345,671.533,28.25,WARNING_SOUND,72.0,MEDIUM,STABLE,1,MECHANICAL_ABNORMALITY,Inspect mechanical components and sound sources.,76.73,ABNORMAL_SOUND
M001,2026-08-17 13:09:55,0.829,681.902,28.5,WARNING_SOUND,72.0,MEDIUM,STABLE,1,MECHANICAL_ABNORMALITY,Inspect mechanical components and sound sources.,76.02,ABNORMAL_SOUND
M001,2026-08-17 13:09:57,1.38,950.631,28.5,WARNING_SOUND,72.0,MEDIUM,STABLE,1,MECHANICAL_ABNORMALITY,Inspect mechanical components and sound sources.,78.53,ABNORMAL_SOUND
M001,2026-08-17 13:09:59,0.618,807.18,28.5,WARNING_SOUND,72.0,MEDIUM,STABLE,1,MECHANICAL_ABNORMALITY,Inspect mechanical components and sound sources.,79.88,ABNORMAL_SOUND
M001,2026-08-17 13:10:01,2.665,946.437,28.25,CRITICAL_VIB_SOUND,50.0,HIGH,FALLING,1,LOOSE_COMPONENT,Inspect and secure loose components.,92.25,ABNORMAL_SOUND
M001,2026-08-17 13:10:03,2.633,891.698,28.5,WARNING_SOUND,72.0,MEDIUM,RISING,1,MECHANICAL_ABNORMALITY,Inspect mechanical components and sound sources.,89.27,ABNORMAL_SOUND
M001,2026-08-17 13:10:06,0.908,1008.922,28.25,WARNING_SOUND,72.0,MEDIUM,STABLE,1,MECHANICAL_ABNORMALITY,Inspect mechanical components and sound sources.,78.29,ABNORMAL_SOUND
M001,2026-08-17 13:10:07,0.046,1016.733,28.5,WARNING_SOUND,72.0,MEDIUM,STABLE,1,MECHANICAL_ABNORMALITY,Inspect mechanical components and sound sources.,82.74,ABNORMAL_SOUND
M001,2026-08-17 13:10:09,1.582,1165.453,28.25,WARNING_SOUND,72.0,MEDIUM,STABLE,1,MECHANICAL_ABNORMALITY,Inspect mechanical components and sound sources.,81.76,ABNORMAL_SOUND
M001,2026-08-17 13:10:11,1.651,259.61,28.5,NORMAL,100.0,LOW,RISING,0,NONE,Continue normal monitoring.,10.88,NORMAL
M001,2026-08-17 13:10:13,1.098,247.094,28.5,NORMAL,100.0,LOW,STABLE,0,NONE,Continue normal monitoring.,4.04,NORMAL
M001,2026-08-17 13:10:16,1.409,262.779,28.25,NORMAL,100.0,LOW,STABLE,0,NONE,Continue normal monitoring.,9.91,NORMAL
M001,2026-08-17 13:10:18,0.812,242.277,28.5,NORMAL,100.0,LOW,STABLE,0,NONE,Continue normal monitoring.,5.98,NORMAL
M001,2026-08-17 13:10:20,0.999,271.004,28.5,NORMAL,100.0,LOW,STABLE,0,NONE,Continue normal monitoring.,9.57,NORMAL
M001,2026-08-17 13:10:22,1.13,255.339,28.5,NORMAL,100.0,LOW,STABLE,0,NONE,Continue normal monitoring.,5.01,NORMAL
M001,2026-08-17 13:10:24,1.257,213.931,28.5,NORMAL,100.0,LOW,STABLE,0,NONE,Continue normal monitoring.,10.96,NORMAL
M001,2026-08-17 13:10:26,1.241,201.968,28.5,NORMAL,100.0,LOW,STABLE,0,NONE,Continue normal monitoring.,17.93,NORMAL
M001,2026-08-17 13:10:28,1.157,259.554,28.5,NORMAL,100.0,LOW,STABLE,0,NONE,Continue normal monitoring.,6.0,NORMAL
M001,2026-08-17 13:10:30,1.641,234.739,28.5,NORMAL,100.0,LOW,STABLE,0,NONE,Continue normal monitoring.,9.98,NORMAL
M001,2026-08-17 13:10:32,1.055,226.6,28.5,NORMAL,100.0,LOW,STABLE,0,NONE,Continue normal monitoring.,6.67,NORMAL
M001,2026-08-17 13:10:34,1.39,248.522,28.5,NORMAL,100.0,LOW,STABLE,0,NONE,Continue normal monitoring.,5.19,NORMAL
M001,2026-08-17 13:10:36,1.096,267.947,28.5,NORMAL,100.0,LOW,STABLE,0,NONE,Continue normal monitoring.,8.2,NORMAL
M001,2026-08-17 13:10:38,1.468,243.966,28.5,NORMAL,100.0,LOW,STABLE,0,NONE,Continue normal monitoring.,5.94,NORMAL
M001,2026-08-17 13:10:41,1.163,204.838,28.5,NORMAL,100.0,LOW,STABLE,0,NONE,Continue normal monitoring.,16.92,NORMAL
M001,2026-08-17 13:10:43,1.042,236.061,28.5,NORMAL,100.0,LOW,STABLE,0,NONE,Continue normal monitoring.,5.28,NORMAL
M001,2026-08-17 13:10:45,1.823,238.03,28.5,NORMAL,100.0,LOW,STABLE,0,NONE,Continue normal monitoring.,17.95,NORMAL
M001,2026-08-17 13:10:47,1.284,239.118,28.5,NORMAL,100.0,LOW,STABLE,0,NONE,Continue normal monitoring.,5.01,NORMAL
M001,2026-08-17 13:10:49,0.947,243.159,28.5,NORMAL,100.0,LOW,STABLE,0,NONE,Continue normal monitoring.,4.57,NORMAL
M001,2026-08-17 13:10:51,1.039,275.761,28.5,NORMAL,100.0,LOW,STABLE,0,NONE,Continue normal monitoring.,11.86,NORMAL
M001,2026-08-17 13:10:53,1.398,260.66,28.5,NORMAL,100.0,LOW,STABLE,0,NONE,Continue normal monitoring.,7.17,NORMAL
M001,2026-08-17 13:10:55,1.519,254.482,28.25,NORMAL,100.0,LOW,STABLE,0,NONE,Continue normal monitoring.,10.35,NORMAL
M001,2026-08-17 13:10:57,1.374,254.679,28.5,NORMAL,100.0,LOW,STABLE,0,NONE,Continue normal monitoring.,6.05,NORMAL
M001,2026-08-17 13:10:59,1.236,262.685,28.5,NORMAL,100.0,LOW,STABLE,0,NONE,Continue normal monitoring.,6.48,NORMAL
M001,2026-08-17 13:11:01,1.302,273.646,28.5,NORMAL,100.0,LOW,STABLE,0,NONE,Continue normal monitoring.,9.65,NORMAL
M001,2026-08-17 13:11:03,1.485,243.856,28.5,NORMAL,100.0,LOW,STABLE,0,NONE,Continue normal monitoring.,6.18,NORMAL
M001,2026-08-17 13:11:05,1.373,262.396,28.5,NORMAL,100.0,LOW,STABLE,0,NONE,Continue normal monitoring.,7.54,NORMAL
M001,2026-08-17 13:11:08,1.732,268.341,28.5,NORMAL,100.0,LOW,STABLE,0,NONE,Continue normal monitoring.,16.74,NORMAL
M001,2026-08-17 13:11:10,1.142,237.017,28.5,NORMAL,100.0,LOW,STABLE,0,NONE,Continue normal monitoring.,4.08,NORMAL
M001,2026-08-17 13:11:12,0.586,221.332,28.5,NORMAL,100.0,LOW,STABLE,0,NONE,Continue normal monitoring.,13.88,NORMAL
M001,2026-08-17 13:11:14,1.047,243.456,28.5,NORMAL,100.0,LOW,STABLE,0,NONE,Continue normal monitoring.,4.97,NORMAL
M001,2026-08-17 13:11:16,1.54,221.666,28.5,NORMAL,100.0,LOW,STABLE,0,NONE,Continue normal monitoring.,11.12,NORMAL
M001,2026-08-17 13:11:18,1.417,249.228,28.5,NORMAL,100.0,LOW,STABLE,0,NONE,Continue normal monitoring.,5.62,NORMAL
M001,2026-08-17 13:11:20,1.29,274.01,28.5,NORMAL,100.0,LOW,STABLE,0,NONE,Continue normal monitoring.,9.84,NORMAL
M001,2026-08-17 13:11:22,0.926,230.423,28.5,NORMAL,100.0,LOW,STABLE,0,NONE,Continue normal monitoring.,5.99,NORMAL
M001,2026-08-17 13:11:24,1.396,274.294,28.5,NORMAL,100.0,LOW,STABLE,0,NONE,Continue normal monitoring.,10.64,NORMAL
M001,2026-08-17 13:11:26,1.521,250.805,28.25,NORMAL,100.0,LOW,STABLE,0,NONE,Continue normal monitoring.,10.58,NORMAL
M001,2026-08-17 13:11:28,1.203,241.719,28.5,NORMAL,100.0,LOW,STABLE,0,NONE,Continue normal monitoring.,4.13,NORMAL
M001,2026-08-17 13:11:30,0.823,233.249,28.5,NORMAL,100.0,LOW,STABLE,0,NONE,Continue normal monitoring.,6.25,NORMAL
M001,2026-08-17 13:11:33,0.256,248.835,28.5,NORMAL,100.0,LOW,STABLE,0,NONE,Continue normal monitoring.,9.68,NORMAL
M001,2026-08-17 13:11:35,0.335,227.596,28.5,NORMAL,100.0,LOW,STABLE,0,NONE,Continue normal monitoring.,12.17,NORMAL
M001,2026-08-17 13:11:37,0.282,219.382,28.5,NORMAL,100.0,LOW,STABLE,0,NONE,Continue normal monitoring.,14.39,NORMAL
M001,2026-08-17 13:11:39,0.897,262.274,28.5,NORMAL,100.0,LOW,STABLE,0,NONE,Continue normal monitoring.,7.72,NORMAL
M001,2026-08-17 13:11:41,0.453,248.247,28.5,NORMAL,100.0,LOW,STABLE,0,NONE,Continue normal monitoring.,8.96,NORMAL
M001,2026-08-17 13:11:43,1.759,244.268,28.5,NORMAL,100.0,LOW,STABLE,0,NONE,Continue normal monitoring.,13.69,NORMAL
M001,2026-08-17 13:11:45,1.683,223.432,28.5,NORMAL,100.0,LOW,STABLE,0,NONE,Continue normal monitoring.,15.28,NORMAL
M001,2026-08-17 13:11:47,1.897,249.754,28.5,NORMAL,100.0,LOW,STABLE,0,NONE,Continue normal monitoring.,19.65,NORMAL
M001,2026-08-17 13:11:49,1.415,247.664,28.5,NORMAL,100.0,LOW,STABLE,0,NONE,Continue normal monitoring.,5.38,NORMAL
M001,2026-08-17 13:11:51,1.886,240.754,28.5,WARNING_VIBRATION,72.0,MEDIUM,FALLING,1,EXCESSIVE_VIBRATION,Inspect motor and rotating components.,20.39,NORMAL
M001,2026-08-17 13:11:53,1.375,222.717,28.5,NORMAL,100.0,LOW,RISING,0,NONE,Continue normal monitoring.,9.51,NORMAL
M001,2026-08-17 13:11:55,0.763,302.187,28.5,NORMAL,100.0,LOW,STABLE,0,NONE,Continue normal monitoring.,23.08,NORMAL
M001,2026-08-17 13:11:57,1.013,234.16,28.5,NORMAL,100.0,LOW,STABLE,0,NONE,Continue normal monitoring.,5.13,NORMAL
M001,2026-08-17 13:12:00,0.882,226.364,28.5,NORMAL,100.0,LOW,STABLE,0,NONE,Continue normal monitoring.,7.54,NORMAL
M001,2026-08-17 13:12:02,1.074,265.731,28.5,NORMAL,100.0,LOW,STABLE,0,NONE,Continue normal monitoring.,7.94,NORMAL
M001,2026-08-17 13:12:04,1.21,243.725,28.5,NORMAL,100.0,LOW,STABLE,0,NONE,Continue normal monitoring.,3.87,NORMAL
M001,2026-08-17 13:12:06,1.021,255.725,28.5,NORMAL,100.0,LOW,STABLE,0,NONE,Continue normal monitoring.,5.5,NORMAL
M001,2026-08-17 13:12:08,1.168,239.058,28.5,NORMAL,100.0,LOW,STABLE,0,NONE,Continue normal monitoring.,3.96,NORMAL
M001,2026-08-17 13:12:10,1.512,244.135,28.5,NORMAL,100.0,LOW,STABLE,0,NONE,Continue normal monitoring.,6.04,NORMAL
M001,2026-08-17 13:12:12,1.698,212.053,28.5,NORMAL,100.0,LOW,STABLE,0,NONE,Continue normal monitoring.,20.81,NORMAL
M001,2026-08-17 13:12:14,1.107,223.116,28.5,NORMAL,100.0,LOW,STABLE,0,NONE,Continue normal monitoring.,7.09,NORMAL
M001,2026-08-17 13:12:16,0.869,249.819,28.5,NORMAL,100.0,LOW,STABLE,0,NONE,Continue normal monitoring.,5.31,NORMAL
M001,2026-08-17 13:12:18,0.916,236.602,28.5,NORMAL,100.0,LOW,STABLE,0,NONE,Continue normal monitoring.,4.57,NORMAL
M001,2026-08-17 13:12:20,1.017,250.915,28.5,NORMAL,100.0,LOW,STABLE,0,NONE,Continue normal monitoring.,4.86,NORMAL
M001,2026-08-17 13:12:22,1.082,249.901,28.5,NORMAL,100.0,LOW,STABLE,0,NONE,Continue normal monitoring.,4.35,NORMAL
M001,2026-08-17 13:12:25,1.076,187.72,28.5,NORMAL,100.0,LOW,STABLE,0,NONE,Continue normal monitoring.,24.08,NORMAL
M001,2026-08-17 13:12:27,1.115,222.134,28.5,NORMAL,100.0,LOW,STABLE,0,NONE,Continue normal monitoring.,8.03,NORMAL
M001,2026-08-17 13:12:29,1.028,232.484,28.5,NORMAL,100.0,LOW,STABLE,0,NONE,Continue normal monitoring.,5.34,NORMAL
M001,2026-08-17 13:12:31,0.971,239.835,28.5,NORMAL,100.0,LOW,STABLE,0,NONE,Continue normal monitoring.,5.08,NORMAL
M001,2026-08-17 13:12:33,1.177,260.368,28.5,NORMAL,100.0,LOW,STABLE,0,NONE,Continue normal monitoring.,6.17,NORMAL
M001,2026-08-17 13:12:35,1.618,237.756,28.5,NORMAL,100.0,LOW,STABLE,0,NONE,Continue normal monitoring.,9.82,NORMAL
M001,2026-08-17 13:12:37,1.186,245.506,28.5,NORMAL,100.0,LOW,STABLE,0,NONE,Continue normal monitoring.,3.47,NORMAL
M001,2026-08-17 13:12:39,0.673,235.189,28.5,NORMAL,100.0,LOW,STABLE,0,NONE,Continue normal monitoring.,9.24,NORMAL
M001,2026-08-17 13:12:41,1.29,225.538,28.5,NORMAL,100.0,LOW,STABLE,0,NONE,Continue normal monitoring.,7.07,NORMAL
M001,2026-08-17 13:12:43,1.652,228.702,28.5,NORMAL,100.0,LOW,STABLE,0,NONE,Continue normal monitoring.,10.89,NORMAL
M001,2026-08-17 13:12:45,1.227,264.356,28.25,NORMAL,100.0,LOW,STABLE,0,NONE,Continue normal monitoring.,6.53,NORMAL
M001,2026-08-17 13:12:47,0.974,231.969,28.5,NORMAL,100.0,LOW,STABLE,0,NONE,Continue normal monitoring.,5.08,NORMAL
M001,2026-08-17 13:12:49,1.466,229.243,28.5,NORMAL,100.0,LOW,STABLE,0,NONE,Continue normal monitoring.,7.83,NORMAL
M001,2026-08-17 13:12:52,0.905,268.327,28.5,NORMAL,100.0,LOW,STABLE,0,NONE,Continue normal monitoring.,9.08,NORMAL
M001,2026-08-17 13:12:54,0.909,355.908,28.5,NORMAL,100.0,LOW,STABLE,0,NONE,Continue normal monitoring.,33.56,NORMAL
M001,2026-08-17 13:12:56,1.172,279.934,28.5,NORMAL,100.0,LOW,STABLE,0,NONE,Continue normal monitoring.,11.1,NORMAL
M001,2026-08-17 13:12:58,1.06,370.911,28.5,WARNING_SOUND,72.0,MEDIUM,FALLING,1,MECHANICAL_ABNORMALITY,Inspect mechanical components and sound sources.,35.77,NORMAL
M001,2026-08-17 13:13:00,1.166,290.032,28.5,NORMAL,100.0,LOW,RISING,0,NONE,Continue normal monitoring.,13.66,NORMAL
M001,2026-08-17 13:13:02,0.889,259.222,28.5,NORMAL,100.0,LOW,STABLE,0,NONE,Continue normal monitoring.,7.64,NORMAL
M001,2026-08-17 13:13:04,1.03,254.086,28.5,NORMAL,100.0,LOW,STABLE,0,NONE,Continue normal monitoring.,5.65,NORMAL
M001,2026-08-17 13:13:06,0.905,244.661,28.5,NORMAL,100.0,LOW,STABLE,0,NONE,Continue normal monitoring.,4.25,NORMAL
M001,2026-08-17 13:13:08,1.219,244.35,28.5,NORMAL,100.0,LOW,STABLE,0,NONE,Continue normal monitoring.,4.04,NORMAL
M001,2026-08-17 13:13:10,1.059,290.638,28.5,NORMAL,100.0,LOW,STABLE,0,NONE,Continue normal monitoring.,14.46,NORMAL
M001,2026-08-17 13:13:12,0.85,231.657,28.5,NORMAL,100.0,LOW,STABLE,0,NONE,Continue normal monitoring.,6.87,NORMAL
M001,2026-08-17 13:13:14,0.606,241.32,28.5,NORMAL,100.0,LOW,STABLE,0,NONE,Continue normal monitoring.,8.44,NORMAL
M001,2026-08-17 13:13:17,1.261,298.527,28.5,NORMAL,100.0,LOW,STABLE,0,NONE,Continue normal monitoring.,18.96,NORMAL
M001,2026-08-17 13:13:19,1.41,247.258,28.5,NORMAL,100.0,LOW,STABLE,0,NONE,Continue normal monitoring.,5.01,NORMAL
M001,2026-08-17 13:13:21,0.961,313.791,28.5,WARNING_SOUND,72.0,MEDIUM,FALLING,1,MECHANICAL_ABNORMALITY,Inspect mechanical components and sound sources.,23.34,NORMAL
M001,2026-08-17 13:13:23,1.576,237.27,28.5,NORMAL,100.0,LOW,RISING,0,NONE,Continue normal monitoring.,8.9,NORMAL
M001,2026-08-17 13:13:25,0.791,228.877,28.5,NORMAL,100.0,LOW,STABLE,0,NONE,Continue normal monitoring.,7.42,NORMAL
M001,2026-08-17 13:13:27,1.319,261.33,28.5,NORMAL,100.0,LOW,STABLE,0,NONE,Continue normal monitoring.,6.22,NORMAL
M001,2026-08-17 13:13:29,1.026,256.248,28.5,NORMAL,100.0,LOW,STABLE,0,NONE,Continue normal monitoring.,5.93,NORMAL
M001,2026-08-17 13:13:31,0.773,240.388,28.5,NORMAL,100.0,LOW,STABLE,0,NONE,Continue normal monitoring.,6.75,NORMAL
M001,2026-08-17 13:13:33,1.688,225.663,28.5,NORMAL,100.0,LOW,STABLE,0,NONE,Continue normal monitoring.,14.7,NORMAL
M001,2026-08-17 13:13:35,1.422,240.33,28.5,WARNING_VIBRATION,72.0,MEDIUM,FALLING,1,EXCESSIVE_VIBRATION,Inspect motor and rotating components.,6.45,NORMAL
M001,2026-08-17 13:13:37,1.734,311.781,28.5,NORMAL,100.0,LOW,RISING,0,NONE,Continue normal monitoring.,29.82,NORMAL
M001,2026-08-17 13:13:39,1.246,229.253,28.5,WARNING_VIBRATION,72.0,MEDIUM,FALLING,1,EXCESSIVE_VIBRATION,Inspect motor and rotating components.,5.42,NORMAL
M001,2026-08-17 13:13:41,1.38,254.9,28.5,NORMAL,100.0,LOW,RISING,0,NONE,Continue normal monitoring.,6.07,NORMAL
M001,2026-08-17 13:13:44,0.849,230.451,28.5,NORMAL,100.0,LOW,STABLE,0,NONE,Continue normal monitoring.,7.34,NORMAL
M001,2026-08-17 13:13:46,0.395,226.559,28.5,NORMAL,100.0,LOW,STABLE,0,NONE,Continue normal monitoring.,12.64,NORMAL
M001,2026-08-17 13:13:48,1.066,239.812,28.5,NORMAL,100.0,LOW,STABLE,0,NONE,Continue normal monitoring.,5.26,NORMAL
M001,2026-08-17 13:13:50,1.325,250.831,28.5,NORMAL,100.0,LOW,STABLE,0,NONE,Continue normal monitoring.,5.03,NORMAL
M001,2026-08-17 13:13:52,1.497,250.423,28.5,NORMAL,100.0,LOW,STABLE,0,NONE,Continue normal monitoring.,6.55,NORMAL
M001,2026-08-17 13:13:54,1.361,216.535,28.5,NORMAL,100.0,LOW,STABLE,0,NONE,Continue normal monitoring.,11.81,NORMAL
M001,2026-08-17 13:13:56,0.845,243.385,28.5,NORMAL,100.0,LOW,STABLE,0,NONE,Continue normal monitoring.,5.53,NORMAL
M001,2026-08-17 13:13:58,0.713,238.072,28.5,NORMAL,100.0,LOW,STABLE,0,NONE,Continue normal monitoring.,8.34,NORMAL
M001,2026-08-17 13:14:00,1.052,248.834,28.5,NORMAL,100.0,LOW,STABLE,0,NONE,Continue normal monitoring.,4.52,NORMAL
M001,2026-08-17 13:14:02,0.962,265.087,28.5,NORMAL,100.0,LOW,STABLE,0,NONE,Continue normal monitoring.,7.93,NORMAL
M001,2026-08-17 13:14:04,1.294,243.52,28.5,NORMAL,100.0,LOW,STABLE,0,NONE,Continue normal monitoring.,4.54,NORMAL
M001,2026-08-17 13:14:06,1.016,232.765,28.5,NORMAL,100.0,LOW,STABLE,0,NONE,Continue normal monitoring.,5.24,NORMAL
M001,2026-08-17 13:14:09,1.122,257.755,28.5,NORMAL,100.0,LOW,STABLE,0,NONE,Continue normal monitoring.,5.87,NORMAL
M001,2026-08-17 13:14:11,0.969,290.597,28.5,NORMAL,100.0,LOW,STABLE,0,NONE,Continue normal monitoring.,15.17,NORMAL
M001,2026-08-17 13:14:13,1.662,263.122,28.5,NORMAL,100.0,LOW,STABLE,0,NONE,Continue normal monitoring.,12.29,NORMAL
M001,2026-08-17 13:14:15,2.014,236.206,28.5,WARNING_VIBRATION,72.0,MEDIUM,FALLING,1,EXCESSIVE_VIBRATION,Inspect motor and rotating components.,26.25,NORMAL
M001,2026-08-17 13:14:17,0.923,208.514,28.5,NORMAL,100.0,LOW,RISING,0,NONE,Continue normal monitoring.,13.87,NORMAL
M001,2026-08-17 13:14:19,0.742,268.831,28.5,NORMAL,100.0,LOW,STABLE,0,NONE,Continue normal monitoring.,10.98,NORMAL
M001,2026-08-17 13:14:21,0.749,265.554,28.5,NORMAL,100.0,LOW,STABLE,0,NONE,Continue normal monitoring.,9.77,NORMAL
M001,2026-08-17 13:14:23,2.085,276.662,28.5,WARNING_VIBRATION,72.0,MEDIUM,FALLING,1,EXCESSIVE_VIBRATION,Inspect motor and rotating components.,32.6,NORMAL
M001,2026-08-17 13:14:25,1.322,255.203,28.5,NORMAL,100.0,LOW,RISING,0,NONE,Continue normal monitoring.,5.51,NORMAL
M001,2026-08-17 13:14:27,0.48,249.048,28.5,NORMAL,100.0,LOW,STABLE,0,NONE,Continue normal monitoring.,9.12,NORMAL
M001,2026-08-17 13:14:30,1.495,271.486,28.5,NORMAL,100.0,LOW,STABLE,0,NONE,Continue normal monitoring.,11.11,NORMAL
M001,2026-08-17 13:14:31,0.788,236.33,28.5,NORMAL,100.0,LOW,STABLE,0,NONE,Continue normal monitoring.,6.24,NORMAL
M001,2026-08-17 13:14:34,1.296,246.327,28.5,NORMAL,100.0,LOW,STABLE,0,NONE,Continue normal monitoring.,4.19,NORMAL
M001,2026-08-17 13:14:36,1.213,309.091,28.25,NORMAL,100.0,LOW,STABLE,0,NONE,Continue normal monitoring.,25.69,NORMAL
M001,2026-08-17 13:14:38,1.278,223.49,28.5,NORMAL,100.0,LOW,STABLE,0,NONE,Continue normal monitoring.,7.65,NORMAL
M001,2026-08-17 13:14:40,1.093,257.362,28.5,NORMAL,100.0,LOW,STABLE,0,NONE,Continue normal monitoring.,6.02,NORMAL
M001,2026-08-17 13:14:42,1.024,226.952,28.5,NORMAL,100.0,LOW,STABLE,0,NONE,Continue normal monitoring.,6.35,NORMAL
M001,2026-08-17 13:14:44,1.121,254.76,28.5,NORMAL,100.0,LOW,STABLE,0,NONE,Continue normal monitoring.,4.88,NORMAL
M001,2026-08-17 13:14:46,1.513,253.094,28.5,NORMAL,100.0,LOW,STABLE,0,NONE,Continue normal monitoring.,6.75,NORMAL
M001,2026-08-17 13:14:48,1.385,287.018,28.5,NORMAL,100.0,LOW,STABLE,0,NONE,Continue normal monitoring.,14.08,NORMAL
M001,2026-08-17 13:14:50,0.963,240.502,28.5,NORMAL,100.0,LOW,STABLE,0,NONE,Continue normal monitoring.,4.99,NORMAL
M001,2026-08-17 13:14:52,1.411,325.489,28.5,WARNING_SOUND,72.0,MEDIUM,FALLING,1,MECHANICAL_ABNORMALITY,Inspect mechanical components and sound sources.,25.49,NORMAL
M001,2026-08-17 13:14:54,1.669,252.507,28.25,NORMAL,100.0,LOW,RISING,0,NONE,Continue normal monitoring.,15.4,NORMAL
M001,2026-08-17 13:14:56,1.65,265.567,28.5,NORMAL,100.0,LOW,STABLE,0,NONE,Continue normal monitoring.,12.43,NORMAL
M001,2026-08-17 13:14:58,1.357,229.252,28.5,NORMAL,100.0,LOW,STABLE,0,NONE,Continue normal monitoring.,6.74,NORMAL
M001,2026-08-17 13:15:01,1.416,251.781,28.5,NORMAL,100.0,LOW,STABLE,0,NONE,Continue normal monitoring.,5.57,NORMAL
M001,2026-08-17 13:15:03,1.226,260.983,28.5,NORMAL,100.0,LOW,STABLE,0,NONE,Continue normal monitoring.,6.12,NORMAL
M001,2026-08-17 13:15:05,1.24,276.662,28.5,NORMAL,100.0,LOW,STABLE,0,NONE,Continue normal monitoring.,10.7,NORMAL
M001,2026-08-17 13:15:07,0.544,263.61,28.5,WARNING_SOUND,72.0,MEDIUM,FALLING,1,MECHANICAL_ABNORMALITY,Inspect mechanical components and sound sources.,12.53,NORMAL
M001,2026-08-17 13:15:09,1.012,261.887,28.5,NORMAL,100.0,LOW,RISING,0,NONE,Continue normal monitoring.,7.23,NORMAL
M001,2026-08-17 13:15:11,0.77,282.831,28.5,WARNING_SOUND,72.0,MEDIUM,FALLING,1,MECHANICAL_ABNORMALITY,Inspect mechanical components and sound sources.,14.23,NORMAL
M001,2026-08-17 13:15:13,1.142,277.327,28.5,NORMAL,100.0,LOW,RISING,0,NONE,Continue normal monitoring.,10.67,NORMAL
M001,2026-08-17 13:15:15,0.992,267.774,28.25,NORMAL,100.0,LOW,STABLE,0,NONE,Continue normal monitoring.,6.16,NORMAL
M001,2026-08-17 13:15:17,0.941,240.629,28.5,WARNING_SOUND,72.0,MEDIUM,FALLING,1,MECHANICAL_ABNORMALITY,Inspect mechanical components and sound sources.,4.9,NORMAL
M001,2026-08-17 13:15:19,0.843,280.602,28.5,NORMAL,100.0,LOW,RISING,0,NONE,Continue normal monitoring.,13.42,NORMAL
M001,2026-08-17 13:15:21,0.906,263.912,28.5,NORMAL,100.0,LOW,STABLE,0,NONE,Continue normal monitoring.,8.06,NORMAL
M001,2026-08-17 13:15:23,1.089,259.3,28.5,NORMAL,100.0,LOW,STABLE,0,NONE,Continue normal monitoring.,6.53,NORMAL
M001,2026-08-17 13:15:26,1.106,249.76,28.5,NORMAL,100.0,LOW,STABLE,0,NONE,Continue normal monitoring.,3.87,NORMAL
M001,2026-08-17 13:15:28,1.094,223.685,28.5,NORMAL,100.0,LOW,STABLE,0,NONE,Continue normal monitoring.,7.51,NORMAL
M001,2026-08-17 13:15:30,1.225,237.392,28.5,NORMAL,100.0,LOW,STABLE,0,NONE,Continue normal monitoring.,4.47,NORMAL
M001,2026-08-17 13:15:32,1.306,270.793,28.5,NORMAL,100.0,LOW,STABLE,0,NONE,Continue normal monitoring.,9.24,NORMAL
M001,2026-08-17 13:15:34,0.987,232.158,28.5,NORMAL,100.0,LOW,STABLE,0,NONE,Continue normal monitoring.,4.94,NORMAL
M001,2026-08-17 13:15:36,0.292,272.38,28.5,NORMAL,100.0,LOW,STABLE,0,NONE,Continue normal monitoring.,15.46,NORMAL
M001,2026-08-17 13:15:38,0.773,239.701,28.5,NORMAL,100.0,LOW,STABLE,0,NONE,Continue normal monitoring.,6.65,NORMAL
M001,2026-08-17 13:15:40,1.019,232.94,28.5,NORMAL,100.0,LOW,STABLE,0,NONE,Continue normal monitoring.,5.4,NORMAL
M001,2026-08-17 13:15:42,0.554,264.839,28.25,NORMAL,100.0,LOW,STABLE,0,NONE,Continue normal monitoring.,6.15,NORMAL
M001,2026-08-17 13:15:44,1.28,242.74,28.5,NORMAL,100.0,LOW,STABLE,0,NONE,Continue normal monitoring.,4.68,NORMAL
M001,2026-08-17 13:15:46,1.582,214.359,28.5,NORMAL,100.0,LOW,STABLE,0,NONE,Continue normal monitoring.,15.9,NORMAL
M001,2026-08-17 13:15:48,1.182,249.542,28.5,NORMAL,100.0,LOW,STABLE,0,NONE,Continue normal monitoring.,3.59,NORMAL
M001,2026-08-17 13:15:50,1.28,279.196,28.5,NORMAL,100.0,LOW,STABLE,0,NONE,Continue normal monitoring.,11.46,NORMAL
M001,2026-08-17 13:15:53,1.148,221.134,28.25,NORMAL,100.0,LOW,STABLE,0,NONE,Continue normal monitoring.,7.15,NORMAL
M001,2026-08-17 13:15:55,1.032,261.031,28.5,NORMAL,100.0,LOW,STABLE,0,NONE,Continue normal monitoring.,7.04,NORMAL
M001,2026-08-17 13:15:57,1.569,213.251,28.5,NORMAL,100.0,LOW,STABLE,0,NONE,Continue normal monitoring.,15.35,NORMAL
M001,2026-08-17 13:15:59,1.224,217.531,28.25,NORMAL,100.0,LOW,STABLE,0,NONE,Continue normal monitoring.,9.24,NORMAL
M001,2026-08-17 13:16:01,1.383,240.676,28.5,NORMAL,100.0,LOW,STABLE,0,NONE,Continue normal monitoring.,5.9,NORMAL
M001,2026-08-17 13:16:03,0.922,241.642,28.5,NORMAL,100.0,LOW,STABLE,0,NONE,Continue normal monitoring.,5.0,NORMAL
M001,2026-08-17 13:16:05,1.1,229.158,28.5,NORMAL,100.0,LOW,STABLE,0,NONE,Continue normal monitoring.,5.3,NORMAL
M001,2026-08-17 13:16:07,0.923,228.356,28.5,NORMAL,100.0,LOW,STABLE,0,NONE,Continue normal monitoring.,6.12,NORMAL
M001,2026-08-17 13:16:09,1.719,246.727,28.5,NORMAL,100.0,LOW,STABLE,0,NONE,Continue normal monitoring.,13.04,NORMAL
M001,2026-08-17 13:16:11,1.365,268.71,28.5,NORMAL,100.0,LOW,STABLE,0,NONE,Continue normal monitoring.,9.26,NORMAL
M001,2026-08-17 13:16:13,0.81,215.153,28.5,NORMAL,100.0,LOW,STABLE,0,NONE,Continue normal monitoring.,12.32,NORMAL
M001,2026-08-17 13:16:15,1.363,221.592,28.5,NORMAL,100.0,LOW,STABLE,0,NONE,Continue normal monitoring.,10.22,NORMAL
M001,2026-08-17 13:16:18,1.304,235.587,28.5,NORMAL,100.0,LOW,STABLE,0,NONE,Continue normal monitoring.,5.35,NORMAL
M001,2026-08-17 13:16:20,1.251,213.772,28.5,NORMAL,100.0,LOW,STABLE,0,NONE,Continue normal monitoring.,11.16,NORMAL
M001,2026-08-17 13:16:22,0.721,252.683,28.5,NORMAL,100.0,LOW,STABLE,0,NONE,Continue normal monitoring.,7.88,NORMAL
M001,2026-08-17 13:16:24,1.182,243.846,28.5,NORMAL,100.0,LOW,STABLE,0,NONE,Continue normal monitoring.,3.61,NORMAL
M001,2026-08-17 13:16:26,1.946,256.287,28.5,NORMAL,100.0,LOW,STABLE,0,NONE,Continue normal monitoring.,22.32,NORMAL
M001,2026-08-17 13:16:28,1.227,248.319,28.5,NORMAL,100.0,LOW,STABLE,0,NONE,Continue normal monitoring.,3.9,NORMAL
M001,2026-08-17 13:16:30,2.208,242.803,28.5,WARNING_VIBRATION,72.0,MEDIUM,FALLING,1,EXCESSIVE_VIBRATION,Inspect motor and rotating components.,32.2,NORMAL
M001,2026-08-17 13:16:32,1.412,250.466,28.5,NORMAL,100.0,LOW,RISING,0,NONE,Continue normal monitoring.,5.97,NORMAL
M001,2026-08-17 13:16:34,1.186,232.877,28.5,NORMAL,100.0,LOW,STABLE,0,NONE,Continue normal monitoring.,4.52,NORMAL
M001,2026-08-17 13:16:36,1.671,689.68,28.5,WARNING_SOUND,72.0,MEDIUM,FALLING,1,MECHANICAL_ABNORMALITY,Inspect mechanical components and sound sources.,75.25,ABNORMAL_SOUND
M001,2026-08-17 13:16:38,1.379,262.631,28.5,NORMAL,100.0,LOW,RISING,0,NONE,Continue normal monitoring.,7.71,NORMAL
M001,2026-08-17 13:16:40,6.703,259.606,28.5,WARNING_VIBRATION,72.0,MEDIUM,FALLING,1,EXCESSIVE_VIBRATION,Inspect motor and rotating components.,54.31,EXCESSIVE_VIBRATION
M001,2026-08-17 13:16:42,2.557,233.67,28.5,WARNING_VIBRATION,72.0,MEDIUM,STABLE,1,EXCESSIVE_VIBRATION,Inspect motor and rotating components.,46.68,NORMAL
M001,2026-08-17 13:16:45,1.687,290.347,28.5,NORMAL,100.0,LOW,RISING,0,NONE,Continue normal monitoring.,20.25,NORMAL
M001,2026-08-17 13:16:47,1.198,300.721,28.5,WARNING_SOUND,72.0,MEDIUM,FALLING,1,MECHANICAL_ABNORMALITY,Inspect mechanical components and sound sources.,18.6,NORMAL
M001,2026-08-17 13:16:49,1.13,557.854,28.5,NORMAL,100.0,LOW,RISING,0,NONE,Continue normal monitoring.,65.18,ABNORMAL_SOUND
M001,2026-08-17 13:16:51,0.992,477.166,28.5,WARNING_SOUND,72.0,MEDIUM,FALLING,1,MECHANICAL_ABNORMALITY,Inspect mechanical components and sound sources.,56.97,UNKNOWN_ABNORMALITY
M001,2026-08-17 13:16:53,1.519,497.027,28.5,WARNING_SOUND,72.0,MEDIUM,STABLE,1,MECHANICAL_ABNORMALITY,Inspect mechanical components and sound sources.,59.95,UNKNOWN_ABNORMALITY
M001,2026-08-17 13:16:55,1.185,515.048,28.5,WARNING_SOUND,72.0,MEDIUM,STABLE,1,MECHANICAL_ABNORMALITY,Inspect mechanical components and sound sources.,60.1,ABNORMAL_SOUND
M001,2026-08-17 13:16:57,0.747,287.648,28.5,NORMAL,100.0,LOW,RISING,0,NONE,Continue normal monitoring.,16.33,NORMAL
M001,2026-08-17 13:16:59,1.674,203.373,28.5,NORMAL,100.0,LOW,STABLE,0,NONE,Continue normal monitoring.,24.19,NORMAL
M001,2026-08-17 13:17:01,1.621,256.829,28.5,NORMAL,100.0,LOW,STABLE,0,NONE,Continue normal monitoring.,9.66,NORMAL
M001,2026-08-17 13:17:03,1.218,257.563,28.5,NORMAL,100.0,LOW,STABLE,0,NONE,Continue normal monitoring.,5.68,NORMAL
M001,2026-08-17 13:17:05,1.144,274.842,28.5,NORMAL,100.0,LOW,STABLE,0,NONE,Continue normal monitoring.,9.64,NORMAL
M001,2026-08-17 13:17:07,1.479,242.44,28.5,WARNING_SOUND,72.0,MEDIUM,FALLING,1,MECHANICAL_ABNORMALITY,Inspect mechanical components and sound sources.,6.54,NORMAL
M001,2026-08-17 13:17:10,0.321,262.843,28.5,NORMAL,100.0,LOW,RISING,0,NONE,Continue normal monitoring.,12.92,NORMAL
M001,2026-08-17 13:17:12,0.435,249.288,28.5,NORMAL,100.0,LOW,STABLE,0,NONE,Continue normal monitoring.,9.5,NORMAL
M001,2026-08-17 13:17:14,1.238,243.659,28.5,NORMAL,100.0,LOW,STABLE,0,NONE,Continue normal monitoring.,3.86,NORMAL
M001,2026-08-17 13:17:16,0.594,238.243,28.5,NORMAL,100.0,LOW,STABLE,0,NONE,Continue normal monitoring.,9.53,NORMAL
M001,2026-08-17 13:17:18,0.962,214.726,28.5,NORMAL,100.0,LOW,STABLE,0,NONE,Continue normal monitoring.,10.94,NORMAL
M001,2026-08-17 13:17:20,1.42,316.324,28.5,NORMAL,100.0,LOW,STABLE,0,NONE,Continue normal monitoring.,23.54,NORMAL
M001,2026-08-17 13:17:22,1.469,237.736,28.5,NORMAL,100.0,LOW,STABLE,0,NONE,Continue normal monitoring.,6.84,NORMAL
M001,2026-08-17 13:17:24,1.042,242.426,28.5,NORMAL,100.0,LOW,STABLE,0,NONE,Continue normal monitoring.,5.22,NORMAL
M001,2026-08-17 13:17:26,1.282,233.925,28.5,NORMAL,100.0,LOW,STABLE,0,NONE,Continue normal monitoring.,5.37,NORMAL
M001,2026-08-17 13:17:28,0.975,224.287,28.5,NORMAL,100.0,LOW,STABLE,0,NONE,Continue normal monitoring.,7.33,NORMAL
M001,2026-08-17 13:17:30,1.731,245.899,28.5,NORMAL,100.0,LOW,STABLE,0,NONE,Continue normal monitoring.,13.0,NORMAL
M001,2026-08-17 13:17:32,1.343,223.743,28.5,NORMAL,100.0,LOW,STABLE,0,NONE,Continue normal monitoring.,8.5,NORMAL
M001,2026-08-17 13:17:34,1.272,232.603,28.5,NORMAL,100.0,LOW,STABLE,0,NONE,Continue normal monitoring.,4.83,NORMAL
M001,2026-08-17 13:17:37,0.92,224.401,28.5,NORMAL,100.0,LOW,STABLE,0,NONE,Continue normal monitoring.,7.45,NORMAL
M001,2026-08-17 13:17:39,1.277,231.641,28.5,NORMAL,100.0,LOW,STABLE,0,NONE,Continue normal monitoring.,5.27,NORMAL
M001,2026-08-17 13:17:41,1.069,235.154,28.5,NORMAL,100.0,LOW,STABLE,0,NONE,Continue normal monitoring.,5.22,NORMAL
M001,2026-08-17 13:17:43,0.928,267.2,28.5,NORMAL,100.0,LOW,STABLE,0,NONE,Continue normal monitoring.,8.63,NORMAL
M001,2026-08-17 13:17:45,1.389,254.2,28.5,NORMAL,100.0,LOW,STABLE,0,NONE,Continue normal monitoring.,6.09,NORMAL
M001,2026-08-17 13:17:47,1.545,257.05,28.5,NORMAL,100.0,LOW,STABLE,0,NONE,Continue normal monitoring.,7.4,NORMAL
M001,2026-08-17 13:17:49,1.637,242.92,28.5,NORMAL,100.0,LOW,STABLE,0,NONE,Continue normal monitoring.,9.35,NORMAL
M001,2026-08-17 13:17:51,0.678,286.665,28.5,NORMAL,100.0,LOW,STABLE,0,NONE,Continue normal monitoring.,17.54,NORMAL
M001,2026-08-17 13:17:53,0.939,213.638,28.5,NORMAL,100.0,LOW,STABLE,0,NONE,Continue normal monitoring.,11.16,NORMAL
M001,2026-08-17 13:17:55,1.501,227.075,28.5,NORMAL,100.0,LOW,STABLE,0,NONE,Continue normal monitoring.,8.41,NORMAL
M001,2026-08-17 13:17:57,0.999,216.338,28.5,NORMAL,100.0,LOW,STABLE,0,NONE,Continue normal monitoring.,10.94,NORMAL
M001,2026-08-17 13:17:59,1.69,253.772,28.5,NORMAL,100.0,LOW,STABLE,0,NONE,Continue normal monitoring.,12.91,NORMAL
M001,2026-08-17 13:18:02,1.516,258.211,28.5,NORMAL,100.0,LOW,STABLE,0,NONE,Continue normal monitoring.,7.73,NORMAL
M001,2026-08-17 13:18:04,1.68,242.402,28.5,NORMAL,100.0,LOW,STABLE,0,NONE,Continue normal monitoring.,11.52,NORMAL
M001,2026-08-17 13:18:06,1.32,256.027,28.5,NORMAL,100.0,LOW,STABLE,0,NONE,Continue normal monitoring.,5.83,NORMAL
M001,2026-08-17 13:18:08,1.626,231.966,28.5,NORMAL,100.0,LOW,STABLE,0,NONE,Continue normal monitoring.,9.96,NORMAL
M001,2026-08-17 13:18:10,1.508,250.798,28.5,NORMAL,100.0,LOW,STABLE,0,NONE,Continue normal monitoring.,6.64,NORMAL
M001,2026-08-17 13:18:12,1.377,266.188,28.5,NORMAL,100.0,LOW,STABLE,0,NONE,Continue normal monitoring.,8.14,NORMAL
M001,2026-08-17 13:18:14,1.399,246.098,28.5,NORMAL,100.0,LOW,STABLE,0,NONE,Continue normal monitoring.,5.09,NORMAL
M001,2026-08-17 13:18:16,1.249,305.445,28.5,NORMAL,100.0,LOW,STABLE,0,NONE,Continue normal monitoring.,20.55,NORMAL
M001,2026-08-17 13:18:18,1.402,242.331,28.5,NORMAL,100.0,LOW,STABLE,0,NONE,Continue normal monitoring.,5.81,NORMAL
M001,2026-08-17 13:18:20,1.215,283.525,28.5,NORMAL,100.0,LOW,STABLE,0,NONE,Continue normal monitoring.,12.23,NORMAL
M001,2026-08-17 13:18:22,1.318,234.528,28.5,NORMAL,100.0,LOW,STABLE,0,NONE,Continue normal monitoring.,5.52,NORMAL
M001,2026-08-17 13:18:24,1.48,258.467,28.5,NORMAL,100.0,LOW,STABLE,0,NONE,Continue normal monitoring.,7.56,NORMAL
M001,2026-08-17 13:18:26,1.472,218.167,28.5,NORMAL,100.0,LOW,STABLE,0,NONE,Continue normal monitoring.,11.72,NORMAL
M001,2026-08-17 13:18:29,1.295,227.167,28.5,NORMAL,100.0,LOW,STABLE,0,NONE,Continue normal monitoring.,6.26,NORMAL
M001,2026-08-17 13:18:31,1.631,237.145,28.5,NORMAL,100.0,LOW,STABLE,0,NONE,Continue normal monitoring.,9.7,NORMAL
M001,2026-08-17 13:18:33,1.431,203.51,28.5,NORMAL,100.0,LOW,STABLE,0,NONE,Continue normal monitoring.,19.71,NORMAL
M001,2026-08-17 13:18:35,1.56,225.01,28.5,NORMAL,100.0,LOW,STABLE,0,NONE,Continue normal monitoring.,10.22,NORMAL
M001,2026-08-17 13:18:37,1.247,227.165,28.5,NORMAL,100.0,LOW,STABLE,0,NONE,Continue normal monitoring.,5.98,NORMAL
M001,2026-08-17 13:18:39,1.182,266.146,28.5,NORMAL,100.0,LOW,STABLE,0,NONE,Continue normal monitoring.,7.03,NORMAL
M001,2026-08-17 13:18:41,1.47,221.94,28.5,NORMAL,100.0,LOW,STABLE,0,NONE,Continue normal monitoring.,10.65,NORMAL
M001,2026-08-17 13:18:43,1.592,241.456,28.5,NORMAL,100.0,LOW,STABLE,0,NONE,Continue normal monitoring.,8.96,NORMAL
M001,2026-08-17 13:18:45,0.654,255.057,28.5,NORMAL,100.0,LOW,STABLE,0,NONE,Continue normal monitoring.,8.55,NORMAL
M001,2026-08-17 13:18:47,1.454,217.782,28.5,NORMAL,100.0,LOW,STABLE,0,NONE,Continue normal monitoring.,11.77,NORMAL
M001,2026-08-17 13:18:49,1.106,245.145,28.5,NORMAL,100.0,LOW,STABLE,0,NONE,Continue normal monitoring.,3.59,NORMAL
M001,2026-08-17 13:18:51,1.581,254.312,28.5,NORMAL,100.0,LOW,STABLE,0,NONE,Continue normal monitoring.,8.8,NORMAL
M001,2026-08-17 13:18:54,1.414,238.368,28.5,NORMAL,100.0,LOW,STABLE,0,NONE,Continue normal monitoring.,5.94,NORMAL
M001,2026-08-17 13:18:56,1.381,233.979,28.5,NORMAL,100.0,LOW,STABLE,0,NONE,Continue normal monitoring.,6.32,NORMAL
M001,2026-08-17 13:18:58,1.13,223.53,28.5,NORMAL,100.0,LOW,STABLE,0,NONE,Continue normal monitoring.,7.11,NORMAL
M001,2026-08-17 13:19:00,1.181,214.748,28.5,NORMAL,100.0,LOW,STABLE,0,NONE,Continue normal monitoring.,10.53,NORMAL
M001,2026-08-17 13:19:02,1.055,248.546,28.5,NORMAL,100.0,LOW,STABLE,0,NONE,Continue normal monitoring.,4.55,NORMAL
M001,2026-08-17 13:19:04,1.388,257.535,28.5,NORMAL,100.0,LOW,STABLE,0,NONE,Continue normal monitoring.,6.39,NORMAL
M001,2026-08-17 13:19:06,1.45,287.721,28.5,NORMAL,100.0,LOW,STABLE,0,NONE,Continue normal monitoring.,15.8,NORMAL
M001,2026-08-17 13:19:08,1.389,231.691,28.5,NORMAL,100.0,LOW,STABLE,0,NONE,Continue normal monitoring.,6.43,NORMAL
M001,2026-08-17 13:19:10,1.41,250.669,28.5,NORMAL,100.0,LOW,STABLE,0,NONE,Continue normal monitoring.,5.6,NORMAL
M001,2026-08-17 13:19:12,1.495,274.265,28.5,NORMAL,100.0,LOW,STABLE,0,NONE,Continue normal monitoring.,12.04,NORMAL
M001,2026-08-17 13:19:14,0.769,255.299,28.5,NORMAL,100.0,LOW,STABLE,0,NONE,Continue normal monitoring.,6.99,NORMAL
M001,2026-08-17 13:19:16,1.018,222.881,28.5,NORMAL,100.0,LOW,STABLE,0,NONE,Continue normal monitoring.,8.01,NORMAL
M001,2026-08-17 13:19:19,1.43,221.21,28.5,NORMAL,100.0,LOW,STABLE,0,NONE,Continue normal monitoring.,10.68,NORMAL
M001,2026-08-17 13:19:21,1.281,268.142,28.5,WARNING_SOUND,72.0,MEDIUM,FALLING,1,MECHANICAL_ABNORMALITY,Inspect mechanical components and sound sources.,7.94,NORMAL
M001,2026-08-17 13:19:23,1.253,214.999,28.5,NORMAL,100.0,LOW,RISING,0,NONE,Continue normal monitoring.,10.6,NORMAL
M001,2026-08-17 13:19:25,1.072,248.058,28.5,NORMAL,100.0,LOW,STABLE,0,NONE,Continue normal monitoring.,4.55,NORMAL
M001,2026-08-17 13:19:27,2.19,245.21,28.5,WARNING_VIBRATION,72.0,MEDIUM,FALLING,1,EXCESSIVE_VIBRATION,Inspect motor and rotating components.,30.89,NORMAL
M001,2026-08-17 13:19:29,1.648,248.514,28.5,NORMAL,100.0,LOW,RISING,0,NONE,Continue normal monitoring.,9.68,NORMAL
M001,2026-08-17 13:19:31,1.388,254.253,28.5,NORMAL,100.0,LOW,STABLE,0,NONE,Continue normal monitoring.,6.09,NORMAL
M001,2026-08-17 13:19:33,1.194,256.31,28.5,NORMAL,100.0,LOW,STABLE,0,NONE,Continue normal monitoring.,5.04,NORMAL
M001,2026-08-17 13:19:35,1.949,243.111,28.5,WARNING_VIBRATION,72.0,MEDIUM,FALLING,1,EXCESSIVE_VIBRATION,Inspect motor and rotating components.,22.53,NORMAL
M001,2026-08-17 13:19:37,0.92,231.952,28.5,NORMAL,100.0,LOW,RISING,0,NONE,Continue normal monitoring.,5.2,NORMAL
M001,2026-08-17 13:19:39,1.046,224.498,28.5,NORMAL,100.0,LOW,STABLE,0,NONE,Continue normal monitoring.,7.71,NORMAL
M001,2026-08-17 13:19:41,1.429,223.942,28.5,NORMAL,100.0,LOW,STABLE,0,NONE,Continue normal monitoring.,9.51,NORMAL
M001,2026-08-17 13:19:43,0.413,217.177,28.5,NORMAL,100.0,LOW,STABLE,0,NONE,Continue normal monitoring.,15.88,NORMAL
M001,2026-08-17 13:19:46,0.838,268.768,28.5,NORMAL,100.0,LOW,STABLE,0,NONE,Continue normal monitoring.,10.43,NORMAL
M001,2026-08-17 13:19:48,1.575,214.91,28.5,NORMAL,100.0,LOW,STABLE,0,NONE,Continue normal monitoring.,15.23,NORMAL
M001,2026-08-17 13:19:50,1.509,915.789,28.5,WARNING_SOUND,72.0,MEDIUM,FALLING,1,MECHANICAL_ABNORMALITY,Inspect mechanical components and sound sources.,78.01,ABNORMAL_SOUND
M001,2026-08-17 13:19:52,1.503,1008.382,28.5,WARNING_SOUND,72.0,MEDIUM,STABLE,1,MECHANICAL_ABNORMALITY,Inspect mechanical components and sound sources.,78.35,ABNORMAL_SOUND
M001,2026-08-17 13:19:54,1.604,491.889,28.5,WARNING_SOUND,72.0,MEDIUM,STABLE,1,MECHANICAL_ABNORMALITY,Inspect mechanical components and sound sources.,59.62,UNKNOWN_ABNORMALITY
M001,2026-08-17 13:19:56,1.599,278.217,28.5,NORMAL,100.0,LOW,RISING,0,NONE,Continue normal monitoring.,14.91,NORMAL
M001,2026-08-17 13:19:58,1.594,390.668,28.5,WARNING_SOUND,72.0,MEDIUM,FALLING,1,MECHANICAL_ABNORMALITY,Inspect mechanical components and sound sources.,43.42,NORMAL
M001,2026-08-17 13:20:00,1.408,457.461,28.5,WARNING_SOUND,72.0,MEDIUM,STABLE,1,MECHANICAL_ABNORMALITY,Inspect mechanical components and sound sources.,52.95,UNKNOWN_ABNORMALITY
M001,2026-08-17 13:20:02,0.717,281.004,28.5,NORMAL,100.0,LOW,RISING,0,NONE,Continue normal monitoring.,14.38,NORMAL
M001,2026-08-17 13:20:04,1.259,352.86,28.5,WARNING_SOUND,72.0,MEDIUM,FALLING,1,MECHANICAL_ABNORMALITY,Inspect mechanical components and sound sources.,30.16,NORMAL
M001,2026-08-17 13:20:06,0.422,418.788,28.5,NORMAL,100.0,LOW,RISING,0,NONE,Continue normal monitoring.,50.8,UNKNOWN_ABNORMALITY
M001,2026-08-17 13:20:08,1.372,524.679,28.5,WARNING_SOUND,72.0,MEDIUM,FALLING,1,MECHANICAL_ABNORMALITY,Inspect mechanical components and sound sources.,62.48,ABNORMAL_SOUND
M001,2026-08-17 13:20:11,1.463,297.744,28.5,NORMAL,100.0,LOW,RISING,0,NONE,Continue normal monitoring.,21.11,NORMAL
M001,2026-08-17 13:20:13,1.009,365.084,28.5,WARNING_SOUND,72.0,MEDIUM,FALLING,1,MECHANICAL_ABNORMALITY,Inspect mechanical components and sound sources.,35.58,NORMAL
M001,2026-08-17 13:20:15,1.197,258.1,28.5,NORMAL,100.0,LOW,RISING,0,NONE,Continue normal monitoring.,5.67,NORMAL
M001,2026-08-17 13:20:17,1.539,253.365,28.5,NORMAL,100.0,LOW,STABLE,0,NONE,Continue normal monitoring.,6.88,NORMAL
M001,2026-08-17 13:20:19,1.476,340.319,28.5,NORMAL,100.0,LOW,STABLE,0,NONE,Continue normal monitoring.,29.43,NORMAL
M001,2026-08-17 13:20:21,1.162,258.679,28.5,WARNING_SOUND,72.0,MEDIUM,FALLING,1,MECHANICAL_ABNORMALITY,Inspect mechanical components and sound sources.,5.63,NORMAL
M001,2026-08-17 13:20:23,1.476,342.474,28.5,NORMAL,100.0,LOW,RISING,0,NONE,Continue normal monitoring.,29.78,NORMAL
M001,2026-08-17 13:20:25,1.838,454.867,28.5,WARNING_SOUND,72.0,MEDIUM,FALLING,1,MECHANICAL_ABNORMALITY,Inspect mechanical components and sound sources.,58.96,UNKNOWN_ABNORMALITY
M001,2026-08-17 13:20:27,2.025,451.73,28.5,NORMAL,100.0,LOW,RISING,0,NONE,Continue normal monitoring.,63.89,UNKNOWN_ABNORMALITY
M001,2026-08-17 13:20:29,1.522,303.462,28.5,NORMAL,100.0,LOW,STABLE,0,NONE,Continue normal monitoring.,22.72,NORMAL
M001,2026-08-17 13:20:31,1.423,361.994,28.5,WARNING_SOUND,72.0,MEDIUM,FALLING,1,MECHANICAL_ABNORMALITY,Inspect mechanical components and sound sources.,34.88,NORMAL
M001,2026-08-17 13:20:33,0.85,282.817,28.5,NORMAL,100.0,LOW,RISING,0,NONE,Continue normal monitoring.,13.85,NORMAL
M001,2026-08-17 13:20:35,1.438,222.555,28.5,NORMAL,100.0,LOW,STABLE,0,NONE,Continue normal monitoring.,10.12,NORMAL
M001,2026-08-17 13:20:38,0.923,261.899,28.5,NORMAL,100.0,LOW,STABLE,0,NONE,Continue normal monitoring.,7.55,NORMAL
M001,2026-08-17 13:20:40,1.172,235.666,28.5,NORMAL,100.0,LOW,STABLE,0,NONE,Continue normal monitoring.,4.2,NORMAL
M001,2026-08-17 13:20:42,1.314,229.036,28.5,NORMAL,100.0,LOW,STABLE,0,NONE,Continue normal monitoring.,5.89,NORMAL
M001,2026-08-17 13:20:44,1.52,260.496,28.5,NORMAL,100.0,LOW,STABLE,0,NONE,Continue normal monitoring.,8.28,NORMAL
M001,2026-08-17 13:20:46,1.451,249.142,28.5,WARNING_VIBRATION,72.0,MEDIUM,FALLING,1,EXCESSIVE_VIBRATION,Inspect motor and rotating components.,5.86,NORMAL
M001,2026-08-17 13:20:48,0.89,263.909,28.5,NORMAL,100.0,LOW,RISING,0,NONE,Continue normal monitoring.,8.5,NORMAL
M001,2026-08-17 13:20:50,1.457,285.042,28.5,WARNING_SOUND,72.0,MEDIUM,FALLING,1,MECHANICAL_ABNORMALITY,Inspect mechanical components and sound sources.,14.78,NORMAL
M001,2026-08-17 13:20:52,1.234,342.801,28.5,NORMAL,100.0,LOW,RISING,0,NONE,Continue normal monitoring.,27.51,NORMAL
M001,2026-08-17 13:20:54,1.131,410.834,28.5,WARNING_SOUND,72.0,MEDIUM,FALLING,1,MECHANICAL_ABNORMALITY,Inspect mechanical components and sound sources.,44.36,NORMAL
M001,2026-08-17 13:20:56,1.25,306.911,28.5,NORMAL,100.0,LOW,RISING,0,NONE,Continue normal monitoring.,20.71,NORMAL
M001,2026-08-17 13:20:58,1.689,341.075,28.5,WARNING_SOUND,72.0,MEDIUM,FALLING,1,MECHANICAL_ABNORMALITY,Inspect mechanical components and sound sources.,34.1,NORMAL
M001,2026-08-17 13:21:02,1.443,375.188,28.5,NORMAL,100.0,LOW,RISING,0,NONE,Continue normal monitoring.,38.94,NORMAL
M001,2026-08-17 13:21:03,1.715,351.719,28.5,WARNING_SOUND,72.0,MEDIUM,FALLING,1,MECHANICAL_ABNORMALITY,Inspect mechanical components and sound sources.,37.3,NORMAL
M001,2026-08-17 13:21:05,1.188,342.93,28.5,NORMAL,100.0,LOW,RISING,0,NONE,Continue normal monitoring.,28.22,NORMAL
M001,2026-08-17 13:21:07,1.076,292.16,28.5,WARNING_SOUND,72.0,MEDIUM,FALLING,1,MECHANICAL_ABNORMALITY,Inspect mechanical components and sound sources.,15.32,NORMAL
M001,2026-08-17 13:21:09,1.262,318.87,28.5,NORMAL,100.0,LOW,RISING,0,NONE,Continue normal monitoring.,23.74,NORMAL
M001,2026-08-17 13:21:11,1.261,363.586,28.5,WARNING_SOUND,72.0,MEDIUM,FALLING,1,MECHANICAL_ABNORMALITY,Inspect mechanical components and sound sources.,33.28,NORMAL
M001,2026-08-17 13:21:13,0.994,325.146,28.5,NORMAL,100.0,LOW,RISING,0,NONE,Continue normal monitoring.,25.78,NORMAL
M001,2026-08-17 13:21:15,1.217,249.213,28.5,NORMAL,100.0,LOW,STABLE,0,NONE,Continue normal monitoring.,3.92,NORMAL
M001,2026-08-17 13:21:17,1.335,206.97,28.5,NORMAL,100.0,LOW,STABLE,0,NONE,Continue normal monitoring.,15.95,NORMAL
M001,2026-08-17 13:21:19,0.874,359.937,28.5,WARNING_SOUND,72.0,MEDIUM,FALLING,1,MECHANICAL_ABNORMALITY,Inspect mechanical components and sound sources.,36.08,NORMAL
M001,2026-08-17 13:21:21,1.1,396.373,28.5,WARNING_SOUND,72.0,MEDIUM,STABLE,1,MECHANICAL_ABNORMALITY,Inspect mechanical components and sound sources.,41.81,NORMAL
M001,2026-08-17 13:21:23,1.194,483.632,28.5,NORMAL,100.0,LOW,RISING,0,NONE,Continue normal monitoring.,56.51,UNKNOWN_ABNORMALITY
M001,2026-08-17 13:21:25,0.961,375.211,28.5,WARNING_SOUND,72.0,MEDIUM,FALLING,1,MECHANICAL_ABNORMALITY,Inspect mechanical components and sound sources.,38.31,NORMAL
M001,2026-08-17 13:21:27,1.405,318.135,28.5,NORMAL,100.0,LOW,RISING,0,NONE,Continue normal monitoring.,24.07,NORMAL
M001,2026-08-17 13:21:30,1.14,505.104,28.5,WARNING_SOUND,72.0,MEDIUM,FALLING,1,MECHANICAL_ABNORMALITY,Inspect mechanical components and sound sources.,59.19,ABNORMAL_SOUND
M001,2026-08-17 13:21:32,1.496,344.679,28.5,NORMAL,100.0,LOW,RISING,0,NONE,Continue normal monitoring.,30.59,NORMAL
M001,2026-08-17 13:21:34,1.417,446.826,28.5,WARNING_SOUND,72.0,MEDIUM,FALLING,1,MECHANICAL_ABNORMALITY,Inspect mechanical components and sound sources.,52.24,UNKNOWN_ABNORMALITY
M001,2026-08-17 13:21:36,1.069,431.571,28.5,WARNING_SOUND,72.0,MEDIUM,STABLE,1,MECHANICAL_ABNORMALITY,Inspect mechanical components and sound sources.,47.4,NORMAL
M001,2026-08-17 13:21:38,1.63,349.075,28.5,NORMAL,100.0,LOW,RISING,0,NONE,Continue normal monitoring.,34.36,NORMAL
M001,2026-08-17 13:21:40,1.736,358.241,28.5,WARNING_SOUND,72.0,MEDIUM,FALLING,1,MECHANICAL_ABNORMALITY,Inspect mechanical components and sound sources.,38.78,NORMAL
M001,2026-08-17 13:21:42,1.424,372.923,28.5,WARNING_SOUND,72.0,MEDIUM,STABLE,1,MECHANICAL_ABNORMALITY,Inspect mechanical components and sound sources.,38.09,NORMAL
M001,2026-08-17 13:21:44,0.723,373.509,28.5,WARNING_SOUND,72.0,MEDIUM,STABLE,1,MECHANICAL_ABNORMALITY,Inspect mechanical components and sound sources.,40.41,NORMAL
M001,2026-08-17 13:21:46,1.05,334.64,28.5,NORMAL,100.0,LOW,RISING,0,NONE,Continue normal monitoring.,27.28,NORMAL
M001,2026-08-17 13:21:48,1.017,398.003,28.5,WARNING_SOUND,72.0,MEDIUM,FALLING,1,MECHANICAL_ABNORMALITY,Inspect mechanical components and sound sources.,43.52,NORMAL
M001,2026-08-17 13:21:50,1.391,411.457,28.5,WARNING_SOUND,72.0,MEDIUM,STABLE,1,MECHANICAL_ABNORMALITY,Inspect mechanical components and sound sources.,45.82,NORMAL
M001,2026-08-17 13:21:52,1.423,420.796,28.5,WARNING_SOUND,72.0,MEDIUM,STABLE,1,MECHANICAL_ABNORMALITY,Inspect mechanical components and sound sources.,47.13,NORMAL
M001,2026-08-17 13:21:55,1.585,285.695,28.5,NORMAL,100.0,LOW,RISING,0,NONE,Continue normal monitoring.,16.81,NORMAL
M001,2026-08-17 13:21:57,1.369,340.203,28.5,WARNING_SOUND,72.0,MEDIUM,FALLING,1,MECHANICAL_ABNORMALITY,Inspect mechanical components and sound sources.,28.65,NORMAL
M001,2026-08-17 13:21:59,1.176,472.16,28.5,NORMAL,100.0,LOW,RISING,0,NONE,Continue normal monitoring.,53.97,UNKNOWN_ABNORMALITY
M001,2026-08-17 13:22:01,1.977,303.944,28.5,CRITICAL_VIB_SOUND,50.0,HIGH,FALLING,1,LOOSE_COMPONENT,Inspect and secure loose components.,37.55,NORMAL
M001,2026-08-17 13:22:03,1.878,361.772,28.5,CRITICAL_VIB_SOUND,50.0,HIGH,STABLE,1,LOOSE_COMPONENT,Inspect and secure loose components.,46.03,NORMAL
M001,2026-08-17 13:22:05,1.921,372.228,28.5,NORMAL,100.0,LOW,RISING,0,NONE,Continue normal monitoring.,49.23,NORMAL
M001,2026-08-17 13:22:07,1.77,522.282,28.5,WARNING_SOUND,72.0,MEDIUM,FALLING,1,MECHANICAL_ABNORMALITY,Inspect mechanical components and sound sources.,65.29,ABNORMAL_SOUND
M001,2026-08-17 13:22:09,1.634,239.498,28.5,NORMAL,100.0,LOW,RISING,0,NONE,Continue normal monitoring.,9.66,NORMAL
M001,2026-08-17 13:22:11,2.05,242.582,28.5,WARNING_VIBRATION,72.0,MEDIUM,FALLING,1,EXCESSIVE_VIBRATION,Inspect motor and rotating components.,27.08,NORMAL
M001,2026-08-17 13:22:13,1.841,248.957,28.5,NORMAL,100.0,LOW,RISING,0,NONE,Continue normal monitoring.,18.21,NORMAL
M001,2026-08-17 13:22:15,1.286,226.333,28.5,NORMAL,100.0,LOW,STABLE,0,NONE,Continue normal monitoring.,6.46,NORMAL
M001,2026-08-17 13:22:17,1.179,236.902,28.5,NORMAL,100.0,LOW,STABLE,0,NONE,Continue normal monitoring.,3.98,NORMAL
M001,2026-08-17 13:22:19,1.446,252.596,28.5,NORMAL,100.0,LOW,STABLE,0,NONE,Continue normal monitoring.,6.01,NORMAL
M001,2026-08-17 13:22:22,1.555,259.727,28.5,NORMAL,100.0,LOW,STABLE,0,NONE,Continue normal monitoring.,8.3,NORMAL
M001,2026-08-17 13:22:24,1.446,255.439,28.5,NORMAL,100.0,LOW,STABLE,0,NONE,Continue normal monitoring.,6.36,NORMAL
M001,2026-08-17 13:22:26,0.971,425.849,28.5,WARNING_SOUND,72.0,MEDIUM,FALLING,1,MECHANICAL_ABNORMALITY,Inspect mechanical components and sound sources.,47.75,NORMAL
M001,2026-08-17 13:22:28,1.421,351.333,28.5,NORMAL,100.0,LOW,RISING,0,NONE,Continue normal monitoring.,31.7,NORMAL
M001,2026-08-17 13:22:30,0.787,435.515,28.5,WARNING_SOUND,72.0,MEDIUM,FALLING,1,MECHANICAL_ABNORMALITY,Inspect mechanical components and sound sources.,51.23,UNKNOWN_ABNORMALITY
M001,2026-08-17 13:22:32,0.859,369.605,28.5,NORMAL,100.0,LOW,RISING,0,NONE,Continue normal monitoring.,38.04,NORMAL
M001,2026-08-17 13:22:34,1.773,383.065,28.5,WARNING_SOUND,72.0,MEDIUM,FALLING,1,MECHANICAL_ABNORMALITY,Inspect mechanical components and sound sources.,45.54,NORMAL
M001,2026-08-17 13:22:36,1.083,341.806,28.5,NORMAL,100.0,LOW,RISING,0,NONE,Continue normal monitoring.,28.75,NORMAL
M001,2026-08-17 13:22:38,1.364,444.673,28.5,WARNING_SOUND,72.0,MEDIUM,FALLING,1,MECHANICAL_ABNORMALITY,Inspect mechanical components and sound sources.,52.1,UNKNOWN_ABNORMALITY
M001,2026-08-17 13:22:40,1.296,442.605,28.5,NORMAL,100.0,LOW,RISING,0,NONE,Continue normal monitoring.,51.15,UNKNOWN_ABNORMALITY
M001,2026-08-17 13:22:42,1.79,445.52,28.5,WARNING_SOUND,72.0,MEDIUM,FALLING,1,MECHANICAL_ABNORMALITY,Inspect mechanical components and sound sources.,57.0,UNKNOWN_ABNORMALITY
M001,2026-08-17 13:22:44,1.24,367.542,28.5,NORMAL,100.0,LOW,RISING,0,NONE,Continue normal monitoring.,33.38,NORMAL
M001,2026-08-17 13:22:47,2.873,325.398,28.5,WARNING_VIBRATION,72.0,MEDIUM,FALLING,1,EXCESSIVE_VIBRATION,Inspect motor and rotating components.,62.75,UNKNOWN_ABNORMALITY
M001,2026-08-17 13:22:49,1.561,400.331,28.5,NORMAL,100.0,LOW,RISING,0,NONE,Continue normal monitoring.,44.46,NORMAL
M001,2026-08-17 13:22:51,1.064,441.621,28.5,WARNING_SOUND,72.0,MEDIUM,FALLING,1,MECHANICAL_ABNORMALITY,Inspect mechanical components and sound sources.,50.41,UNKNOWN_ABNORMALITY
M001,2026-08-17 13:22:53,0.963,425.684,28.5,NORMAL,100.0,LOW,RISING,0,NONE,Continue normal monitoring.,47.74,NORMAL
M001,2026-08-17 13:22:55,1.495,358.182,28.5,WARNING_SOUND,72.0,MEDIUM,FALLING,1,MECHANICAL_ABNORMALITY,Inspect mechanical components and sound sources.,33.05,NORMAL
M001,2026-08-17 13:22:57,1.809,324.625,28.5,NORMAL,100.0,LOW,RISING,0,NONE,Continue normal monitoring.,34.06,NORMAL
M001,2026-08-17 13:22:59,1.4,340.482,28.5,WARNING_SOUND,72.0,MEDIUM,FALLING,1,MECHANICAL_ABNORMALITY,Inspect mechanical components and sound sources.,29.15,NORMAL
M001,2026-08-17 13:23:01,1.533,349.44,28.5,NORMAL,100.0,LOW,RISING,0,NONE,Continue normal monitoring.,32.33,NORMAL
M001,2026-08-17 13:23:03,1.183,356.254,28.5,NORMAL,100.0,LOW,STABLE,0,NONE,Continue normal monitoring.,30.71,NORMAL
M001,2026-08-17 13:23:05,0.96,284.896,28.5,WARNING_SOUND,72.0,MEDIUM,FALLING,1,MECHANICAL_ABNORMALITY,Inspect mechanical components and sound sources.,13.07,NORMAL
M001,2026-08-17 13:23:07,1.362,357.415,28.5,NORMAL,100.0,LOW,RISING,0,NONE,Continue normal monitoring.,31.95,NORMAL
M001,2026-08-17 13:23:09,0.635,278.461,28.5,NORMAL,100.0,LOW,STABLE,0,NONE,Continue normal monitoring.,14.38,NORMAL
M001,2026-08-17 13:23:11,1.114,310.017,28.5,WARNING_SOUND,72.0,MEDIUM,FALLING,1,MECHANICAL_ABNORMALITY,Inspect mechanical components and sound sources.,21.52,NORMAL
M001,2026-08-17 13:23:14,1.115,325.514,28.5,NORMAL,100.0,LOW,RISING,0,NONE,Continue normal monitoring.,24.55,NORMAL
M001,2026-08-17 13:23:16,1.026,314.544,28.5,NORMAL,100.0,LOW,STABLE,0,NONE,Continue normal monitoring.,23.41,NORMAL
M001,2026-08-17 13:23:18,1.359,355.651,28.5,WARNING_SOUND,72.0,MEDIUM,FALLING,1,MECHANICAL_ABNORMALITY,Inspect mechanical components and sound sources.,31.46,NORMAL
M001,2026-08-17 13:23:20,1.156,711.523,28.5,NORMAL,100.0,LOW,RISING,0,NONE,Continue normal monitoring.,74.2,ABNORMAL_SOUND
M001,2026-08-17 13:23:22,1.445,358.849,28.5,WARNING_SOUND,72.0,MEDIUM,FALLING,1,MECHANICAL_ABNORMALITY,Inspect mechanical components and sound sources.,33.11,NORMAL
M001,2026-08-17 13:23:24,1.46,372.546,28.5,NORMAL,100.0,LOW,RISING,0,NONE,Continue normal monitoring.,38.48,NORMAL
M001,2026-08-17 13:23:26,1.565,261.228,28.5,WARNING_SOUND,72.0,MEDIUM,FALLING,1,MECHANICAL_ABNORMALITY,Inspect mechanical components and sound sources.,9.04,NORMAL
M001,2026-08-17 13:23:28,1.385,333.383,28.5,NORMAL,100.0,LOW,RISING,0,NONE,Continue normal monitoring.,26.61,NORMAL
M001,2026-08-17 13:23:30,1.331,383.255,28.5,WARNING_SOUND,72.0,MEDIUM,FALLING,1,MECHANICAL_ABNORMALITY,Inspect mechanical components and sound sources.,38.96,NORMAL
M001,2026-08-17 13:23:32,1.28,261.756,28.5,NORMAL,100.0,LOW,RISING,0,NONE,Continue normal monitoring.,6.27,NORMAL
M001,2026-08-17 13:23:34,0.98,246.974,28.5,NORMAL,100.0,LOW,STABLE,0,NONE,Continue normal monitoring.,4.07,NORMAL
M001,2026-08-17 13:23:36,1.218,250.937,28.5,WARNING_SOUND,72.0,MEDIUM,FALLING,1,MECHANICAL_ABNORMALITY,Inspect mechanical components and sound sources.,4.57,NORMAL
M001,2026-08-17 13:23:39,1.71,263.302,28.5,NORMAL,100.0,LOW,RISING,0,NONE,Continue normal monitoring.,14.77,NORMAL
M001,2026-08-17 13:23:41,1.467,382.567,28.5,WARNING_SOUND,72.0,MEDIUM,FALLING,1,MECHANICAL_ABNORMALITY,Inspect mechanical components and sound sources.,39.4,NORMAL
M001,2026-08-17 13:23:43,1.354,429.891,28.5,NORMAL,100.0,LOW,RISING,0,NONE,Continue normal monitoring.,48.89,NORMAL
M001,2026-08-17 13:23:45,0.873,221.134,28.5,NORMAL,100.0,LOW,STABLE,0,NONE,Continue normal monitoring.,9.96,NORMAL
M001,2026-08-17 13:23:47,1.302,279.655,28.5,NORMAL,100.0,LOW,STABLE,0,NONE,Continue normal monitoring.,11.66,NORMAL
M001,2026-08-17 13:23:49,1.305,250.844,28.5,NORMAL,100.0,LOW,STABLE,0,NONE,Continue normal monitoring.,4.96,NORMAL
M001,2026-08-17 13:23:51,1.274,210.506,28.5,NORMAL,100.0,LOW,STABLE,0,NONE,Continue normal monitoring.,12.91,NORMAL
M001,2026-08-17 13:23:53,1.697,309.755,28.5,WARNING_VIBRATION,72.0,MEDIUM,FALLING,1,EXCESSIVE_VIBRATION,Inspect motor and rotating components.,28.34,NORMAL
M001,2026-08-17 13:23:55,1.498,269.782,28.5,NORMAL,100.0,LOW,RISING,0,NONE,Continue normal monitoring.,11.01,NORMAL
M001,2026-08-17 13:23:57,1.183,238.592,28.5,NORMAL,100.0,LOW,STABLE,0,NONE,Continue normal monitoring.,4.13,NORMAL
M001,2026-08-17 13:23:59,1.221,256.732,28.5,NORMAL,100.0,LOW,STABLE,0,NONE,Continue normal monitoring.,5.43,NORMAL
M001,2026-08-17 13:24:01,1.683,233.626,28.5,NORMAL,100.0,LOW,STABLE,0,NONE,Continue normal monitoring.,12.68,NORMAL
M001,2026-08-17 13:24:04,0.009,267.008,28.5,NORMAL,100.0,LOW,STABLE,0,NONE,Continue normal monitoring.,26.89,NORMAL
M001,2026-08-17 13:24:06,1.904,247.255,28.5,NORMAL,100.0,LOW,STABLE,0,NONE,Continue normal monitoring.,19.95,NORMAL
M001,2026-08-17 13:24:08,1.932,245.32,28.5,NORMAL,100.0,LOW,STABLE,0,NONE,Continue normal monitoring.,20.91,NORMAL
M001,2026-08-17 13:24:10,1.849,274.253,28.5,WARNING_VIBRATION,72.0,MEDIUM,FALLING,1,EXCESSIVE_VIBRATION,Inspect motor and rotating components.,22.92,NORMAL
M001,2026-08-17 13:24:12,1.401,245.451,28.5,NORMAL,100.0,LOW,RISING,0,NONE,Continue normal monitoring.,5.05,NORMAL
M001,2026-08-17 13:24:14,1.211,275.063,28.5,NORMAL,100.0,LOW,STABLE,0,NONE,Continue normal monitoring.,9.94,NORMAL
M001,2026-08-17 13:24:16,1.375,245.72,28.5,NORMAL,100.0,LOW,STABLE,0,NONE,Continue normal monitoring.,5.2,NORMAL
M001,2026-08-17 13:24:18,1.394,254.652,28.5,NORMAL,100.0,LOW,STABLE,0,NONE,Continue normal monitoring.,5.99,NORMAL
M001,2026-08-17 13:24:20,1.613,237.431,28.5,NORMAL,100.0,LOW,STABLE,0,NONE,Continue normal monitoring.,9.77,NORMAL
M001,2026-08-17 13:24:22,1.092,253.042,28.5,NORMAL,100.0,LOW,STABLE,0,NONE,Continue normal monitoring.,5.01,NORMAL
M001,2026-08-17 13:24:24,0.98,261.459,28.5,NORMAL,100.0,LOW,STABLE,0,NONE,Continue normal monitoring.,6.64,NORMAL
M001,2026-08-17 13:24:26,1.508,213.44,28.5,NORMAL,100.0,LOW,STABLE,0,NONE,Continue normal monitoring.,13.81,NORMAL
M001,2026-08-17 13:24:28,1.289,236.818,28.5,NORMAL,100.0,LOW,STABLE,0,NONE,Continue normal monitoring.,4.86,NORMAL
M001,2026-08-17 13:24:31,1.04,270.168,28.5,NORMAL,100.0,LOW,STABLE,0,NONE,Continue normal monitoring.,9.45,NORMAL
M001,2026-08-17 13:24:33,1.138,261.712,28.5,NORMAL,100.0,LOW,STABLE,0,NONE,Continue normal monitoring.,6.26,NORMAL
M001,2026-08-17 13:24:35,0.968,241.445,28.5,NORMAL,100.0,LOW,STABLE,0,NONE,Continue normal monitoring.,5.12,NORMAL
M001,2026-08-17 13:24:37,1.116,247.348,28.5,NORMAL,100.0,LOW,STABLE,0,NONE,Continue normal monitoring.,3.8,NORMAL
M001,2026-08-17 13:24:39,1.09,230.873,28.5,NORMAL,100.0,LOW,STABLE,0,NONE,Continue normal monitoring.,5.43,NORMAL
M001,2026-08-17 13:24:41,1.096,251.341,28.5,NORMAL,100.0,LOW,STABLE,0,NONE,Continue normal monitoring.,4.74,NORMAL
M001,2026-08-17 13:24:43,1.388,251.003,28.5,NORMAL,100.0,LOW,STABLE,0,NONE,Continue normal monitoring.,5.56,NORMAL
M001,2026-08-17 13:24:45,1.555,229.717,28.5,NORMAL,100.0,LOW,STABLE,0,NONE,Continue normal monitoring.,7.98,NORMAL
M001,2026-08-17 13:24:47,1.907,230.071,28.5,NORMAL,100.0,LOW,STABLE,0,NONE,Continue normal monitoring.,20.47,NORMAL
M001,2026-08-17 13:24:49,1.697,234.705,28.5,NORMAL,100.0,LOW,STABLE,0,NONE,Continue normal monitoring.,13.45,NORMAL
M001,2026-08-17 13:24:51,1.41,272.715,28.5,NORMAL,100.0,LOW,STABLE,0,NONE,Continue normal monitoring.,9.98,NORMAL
M001,2026-08-17 13:24:53,1.012,225.082,28.5,NORMAL,100.0,LOW,STABLE,0,NONE,Continue normal monitoring.,7.24,NORMAL
M001,2026-08-17 13:24:56,1.084,238.975,28.5,NORMAL,100.0,LOW,STABLE,0,NONE,Continue normal monitoring.,4.86,NORMAL
M001,2026-08-17 13:24:58,1.177,240.42,28.5,NORMAL,100.0,LOW,STABLE,0,NONE,Continue normal monitoring.,4.33,NORMAL
M001,2026-08-17 13:25:00,1.828,282.836,28.5,NORMAL,100.0,LOW,STABLE,0,NONE,Continue normal monitoring.,24.37,NORMAL
M001,2026-08-17 13:25:02,1.24,269.288,28.5,NORMAL,100.0,LOW,STABLE,0,NONE,Continue normal monitoring.,8.13,NORMAL
M001,2026-08-17 13:25:04,0.802,259.609,28.5,NORMAL,100.0,LOW,STABLE,0,NONE,Continue normal monitoring.,8.18,NORMAL
M001,2026-08-17 13:25:06,1.128,251.444,28.5,NORMAL,100.0,LOW,STABLE,0,NONE,Continue normal monitoring.,4.56,NORMAL
M001,2026-08-17 13:25:08,1.559,248.948,28.5,NORMAL,100.0,LOW,STABLE,0,NONE,Continue normal monitoring.,6.8,NORMAL
M001,2026-08-17 13:25:10,1.592,248.882,28.5,NORMAL,100.0,LOW,STABLE,0,NONE,Continue normal monitoring.,8.45,NORMAL
M001,2026-08-17 13:25:12,1.543,261.291,28.5,NORMAL,100.0,LOW,STABLE,0,NONE,Continue normal monitoring.,8.21,NORMAL
M001,2026-08-17 13:25:14,1.607,239.203,28.5,NORMAL,100.0,LOW,STABLE,0,NONE,Continue normal monitoring.,9.98,NORMAL
M001,2026-08-17 13:25:16,1.476,219.441,28.5,NORMAL,100.0,LOW,STABLE,0,NONE,Continue normal monitoring.,11.32,NORMAL
M001,2026-08-17 13:25:18,1.308,222.604,28.5,NORMAL,100.0,LOW,STABLE,0,NONE,Continue normal monitoring.,8.25,NORMAL
M001,2026-08-17 13:25:20,1.261,250.584,28.5,NORMAL,100.0,LOW,STABLE,0,NONE,Continue normal monitoring.,4.51,NORMAL
M001,2026-08-17 13:25:23,1.438,231.56,28.5,NORMAL,100.0,LOW,STABLE,0,NONE,Continue normal monitoring.,7.22,NORMAL
M001,2026-08-17 13:25:25,1.134,354.843,28.5,NORMAL,100.0,LOW,STABLE,0,NONE,Continue normal monitoring.,30.57,NORMAL
M001,2026-08-17 13:25:27,1.605,235.228,28.5,WARNING_SOUND,72.0,MEDIUM,FALLING,1,MECHANICAL_ABNORMALITY,Inspect mechanical components and sound sources.,10.08,NORMAL
M001,2026-08-17 13:25:29,0.993,262.36,28.5,NORMAL,100.0,LOW,RISING,0,NONE,Continue normal monitoring.,7.71,NORMAL
M001,2026-08-17 13:25:31,1.508,236.995,28.5,NORMAL,100.0,LOW,STABLE,0,NONE,Continue normal monitoring.,7.06,NORMAL
M001,2026-08-17 13:25:33,1.55,254.021,28.5,NORMAL,100.0,LOW,STABLE,0,NONE,Continue normal monitoring.,7.16,NORMAL
M001,2026-08-17 13:25:35,1.001,252.283,28.5,NORMAL,100.0,LOW,STABLE,0,NONE,Continue normal monitoring.,5.11,NORMAL
M001,2026-08-17 13:25:37,1.559,225.744,28.5,NORMAL,100.0,LOW,STABLE,0,NONE,Continue normal monitoring.,9.51,NORMAL
M001,2026-08-17 13:25:40,1.098,233.869,28.5,NORMAL,100.0,LOW,STABLE,0,NONE,Continue normal monitoring.,4.76,NORMAL
M001,2026-08-17 13:25:41,1.599,247.83,28.5,NORMAL,100.0,LOW,STABLE,0,NONE,Continue normal monitoring.,8.78,NORMAL
M001,2026-08-17 13:25:43,1.561,242.184,28.5,NORMAL,100.0,LOW,STABLE,0,NONE,Continue normal monitoring.,7.65,NORMAL
M001,2026-08-17 13:25:45,1.148,227.527,28.5,NORMAL,100.0,LOW,STABLE,0,NONE,Continue normal monitoring.,5.83,NORMAL
M001,2026-08-17 13:25:48,1.447,243.815,28.5,NORMAL,100.0,LOW,STABLE,0,NONE,Continue normal monitoring.,5.77,NORMAL
M001,2026-08-17 13:25:50,1.095,220.544,28.5,NORMAL,100.0,LOW,STABLE,0,NONE,Continue normal monitoring.,9.08,NORMAL
M001,2026-08-17 13:25:52,0.675,325.053,28.5,WARNING_SOUND,72.0,MEDIUM,FALLING,1,MECHANICAL_ABNORMALITY,Inspect mechanical components and sound sources.,29.36,NORMAL
M001,2026-08-17 13:25:54,1.28,346.881,28.5,NORMAL,100.0,LOW,RISING,0,NONE,Continue normal monitoring.,29.95,NORMAL
M001,2026-08-17 13:25:56,1.221,280.609,28.5,NORMAL,100.0,LOW,STABLE,0,NONE,Continue normal monitoring.,11.81,NORMAL
M001,2026-08-17 13:25:58,1.516,298.289,28.5,WARNING_SOUND,72.0,MEDIUM,FALLING,1,MECHANICAL_ABNORMALITY,Inspect mechanical components and sound sources.,21.53,NORMAL
M001,2026-08-17 13:26:00,1.425,430.062,28.5,NORMAL,100.0,LOW,RISING,0,NONE,Continue normal monitoring.,48.84,NORMAL
M001,2026-08-17 13:26:02,1.367,404.611,28.5,WARNING_SOUND,72.0,MEDIUM,FALLING,1,MECHANICAL_ABNORMALITY,Inspect mechanical components and sound sources.,44.92,NORMAL
M001,2026-08-17 13:26:04,1.179,340.898,28.5,NORMAL,100.0,LOW,RISING,0,NONE,Continue normal monitoring.,28.1,NORMAL
M001,2026-08-17 13:26:06,1.216,299.317,28.5,WARNING_SOUND,72.0,MEDIUM,FALLING,1,MECHANICAL_ABNORMALITY,Inspect mechanical components and sound sources.,19.18,NORMAL
M001,2026-08-17 13:26:08,1.056,391.977,28.5,WARNING_SOUND,72.0,MEDIUM,STABLE,1,MECHANICAL_ABNORMALITY,Inspect mechanical components and sound sources.,40.84,NORMAL
M001,2026-08-17 13:26:10,1.496,414.192,28.5,NORMAL,100.0,LOW,RISING,0,NONE,Continue normal monitoring.,46.67,NORMAL
M001,2026-08-17 13:26:12,1.581,415.692,28.5,WARNING_SOUND,72.0,MEDIUM,FALLING,1,MECHANICAL_ABNORMALITY,Inspect mechanical components and sound sources.,47.58,NORMAL
M001,2026-08-17 13:26:15,1.371,320.454,28.5,NORMAL,100.0,LOW,RISING,0,NONE,Continue normal monitoring.,24.75,NORMAL
M001,2026-08-17 13:26:17,0.601,402.242,28.5,WARNING_SOUND,72.0,MEDIUM,FALLING,1,MECHANICAL_ABNORMALITY,Inspect mechanical components and sound sources.,46.48,NORMAL
M001,2026-08-17 13:26:19,1.287,370.07,28.5,NORMAL,100.0,LOW,RISING,0,NONE,Continue normal monitoring.,34.9,NORMAL
M001,2026-08-17 13:26:21,1.166,345.391,28.5,WARNING_SOUND,72.0,MEDIUM,FALLING,1,MECHANICAL_ABNORMALITY,Inspect mechanical components and sound sources.,29.34,NORMAL
M001,2026-08-17 13:26:23,1.25,321.162,28.5,NORMAL,100.0,LOW,RISING,0,NONE,Continue normal monitoring.,23.61,NORMAL
M001,2026-08-17 13:26:25,1.357,272.821,28.5,WARNING_SOUND,72.0,MEDIUM,FALLING,1,MECHANICAL_ABNORMALITY,Inspect mechanical components and sound sources.,10.29,NORMAL
M001,2026-08-17 13:26:27,1.616,304.965,28.5,NORMAL,100.0,LOW,RISING,0,NONE,Continue normal monitoring.,25.07,NORMAL
M001,2026-08-17 13:26:29,2.322,347.871,28.5,CRITICAL_VIB_SOUND,50.0,HIGH,FALLING,1,LOOSE_COMPONENT,Inspect and secure loose components.,57.96,UNKNOWN_ABNORMALITY
M001,2026-08-17 13:26:31,1.521,244.784,28.5,NORMAL,100.0,LOW,RISING,0,NONE,Continue normal monitoring.,6.16,NORMAL
M001,2026-08-17 13:26:33,1.357,231.237,28.5,NORMAL,100.0,LOW,STABLE,0,NONE,Continue normal monitoring.,6.68,NORMAL
M001,2026-08-17 13:26:35,1.103,201.481,28.5,NORMAL,100.0,LOW,STABLE,0,NONE,Continue normal monitoring.,18.19,NORMAL
M001,2026-08-17 13:26:37,1.153,252.759,28.5,NORMAL,100.0,LOW,STABLE,0,NONE,Continue normal monitoring.,4.59,NORMAL
M001,2026-08-17 13:26:40,1.109,251.944,28.5,NORMAL,100.0,LOW,STABLE,0,NONE,Continue normal monitoring.,4.43,NORMAL
M001,2026-08-17 13:26:42,2.401,264.019,28.5,WARNING_VIBRATION,72.0,MEDIUM,FALLING,1,EXCESSIVE_VIBRATION,Inspect motor and rotating components.,40.84,NORMAL
M001,2026-08-17 13:26:44,1.926,232.346,28.5,NORMAL,100.0,LOW,RISING,0,NONE,Continue normal monitoring.,21.03,NORMAL
M001,2026-08-17 13:26:46,1.613,246.134,28.5,NORMAL,100.0,LOW,STABLE,0,NONE,Continue normal monitoring.,8.7,NORMAL
M001,2026-08-17 13:26:48,1.41,261.273,28.5,NORMAL,100.0,LOW,STABLE,0,NONE,Continue normal monitoring.,6.86,NORMAL
M001,2026-08-17 13:26:50,1.735,209.754,28.5,NORMAL,100.0,LOW,STABLE,0,NONE,Continue normal monitoring.,22.41,NORMAL
M001,2026-08-17 13:26:52,1.343,239.741,28.5,WARNING_VIBRATION,72.0,MEDIUM,FALLING,1,EXCESSIVE_VIBRATION,Inspect motor and rotating components.,5.61,NORMAL
M001,2026-08-17 13:26:54,1.124,198.627,28.5,NORMAL,100.0,LOW,RISING,0,NONE,Continue normal monitoring.,20.03,NORMAL
M001,2026-08-17 13:26:56,1.815,230.093,28.5,NORMAL,100.0,LOW,STABLE,0,NONE,Continue normal monitoring.,17.48,NORMAL
M001,2026-08-17 13:26:58,2.347,232.027,28.5,WARNING_VIBRATION,72.0,MEDIUM,FALLING,1,EXCESSIVE_VIBRATION,Inspect motor and rotating components.,37.88,NORMAL
M001,2026-08-17 13:27:00,1.379,279.254,28.5,NORMAL,100.0,LOW,RISING,0,NONE,Continue normal monitoring.,12.17,NORMAL
M001,2026-08-17 13:27:02,1.845,261.202,28.5,NORMAL,100.0,LOW,STABLE,0,NONE,Continue normal monitoring.,19.15,NORMAL
M001,2026-08-17 13:27:04,1.518,249.346,28.5,NORMAL,100.0,LOW,STABLE,0,NONE,Continue normal monitoring.,6.35,NORMAL
M001,2026-08-17 13:27:07,1.731,260.502,28.5,NORMAL,100.0,LOW,STABLE,0,NONE,Continue normal monitoring.,14.84,NORMAL
M001,2026-08-17 13:27:09,1.442,252.687,28.5,NORMAL,100.0,LOW,STABLE,0,NONE,Continue normal monitoring.,5.96,NORMAL
M001,2026-08-17 13:27:11,1.217,230.656,28.5,NORMAL,100.0,LOW,STABLE,0,NONE,Continue normal monitoring.,5.49,NORMAL
M001,2026-08-17 13:27:13,1.415,250.894,28.5,NORMAL,100.0,LOW,STABLE,0,NONE,Continue normal monitoring.,6.02,NORMAL
M001,2026-08-17 13:27:15,1.972,241.818,28.5,WARNING_VIBRATION,72.0,MEDIUM,FALLING,1,EXCESSIVE_VIBRATION,Inspect motor and rotating components.,24.52,NORMAL
M001,2026-08-17 13:27:17,1.369,220.348,28.5,NORMAL,100.0,LOW,RISING,0,NONE,Continue normal monitoring.,10.26,NORMAL
M001,2026-08-17 13:27:19,1.995,253.117,28.5,NORMAL,100.0,LOW,STABLE,0,NONE,Continue normal monitoring.,25.07,NORMAL
M001,2026-08-17 13:27:21,1.769,262.151,28.5,WARNING_VIBRATION,72.0,MEDIUM,FALLING,1,EXCESSIVE_VIBRATION,Inspect motor and rotating components.,15.8,NORMAL
M001,2026-08-17 13:27:23,1.617,231.95,28.5,NORMAL,100.0,LOW,RISING,0,NONE,Continue normal monitoring.,9.88,NORMAL
M001,2026-08-17 13:27:25,1.709,225.589,28.5,NORMAL,100.0,LOW,STABLE,0,NONE,Continue normal monitoring.,15.27,NORMAL
M001,2026-08-17 13:27:27,1.734,277.362,28.5,NORMAL,100.0,LOW,STABLE,0,NONE,Continue normal monitoring.,18.97,NORMAL
M001,2026-08-17 13:27:29,1.646,258.863,28.5,NORMAL,100.0,LOW,STABLE,0,NONE,Continue normal monitoring.,10.03,NORMAL
M001,2026-08-17 13:27:32,1.321,224.12,28.5,NORMAL,100.0,LOW,STABLE,0,NONE,Continue normal monitoring.,8.19,NORMAL
M001,2026-08-17 13:27:34,0.953,225.121,28.5,NORMAL,100.0,LOW,STABLE,0,NONE,Continue normal monitoring.,6.9,NORMAL
M001,2026-08-17 13:27:36,1.749,239.781,28.5,NORMAL,100.0,LOW,STABLE,0,NONE,Continue normal monitoring.,14.28,NORMAL
M001,2026-08-17 13:27:38,1.649,232.298,28.5,NORMAL,100.0,LOW,STABLE,0,NONE,Continue normal monitoring.,10.47,NORMAL
M001,2026-08-17 13:27:40,1.293,252.958,28.5,NORMAL,100.0,LOW,STABLE,0,NONE,Continue normal monitoring.,4.89,NORMAL
M001,2026-08-17 13:27:42,1.357,229.929,28.5,NORMAL,100.0,LOW,STABLE,0,NONE,Continue normal monitoring.,6.86,NORMAL
M001,2026-08-17 13:27:44,1.973,232.056,28.5,NORMAL,100.0,LOW,STABLE,0,NONE,Continue normal monitoring.,24.58,NORMAL
M001,2026-08-17 13:27:46,1.065,226.026,28.5,WARNING_VIBRATION,72.0,MEDIUM,FALLING,1,EXCESSIVE_VIBRATION,Inspect motor and rotating components.,6.84,NORMAL
M001,2026-08-17 13:27:48,1.457,256.255,28.5,NORMAL,100.0,LOW,RISING,0,NONE,Continue normal monitoring.,6.96,NORMAL
M001,2026-08-17 13:27:50,1.298,370.689,28.5,WARNING_SOUND,72.0,MEDIUM,FALLING,1,MECHANICAL_ABNORMALITY,Inspect mechanical components and sound sources.,34.62,NORMAL
M001,2026-08-17 13:27:52,1.115,428.479,28.5,WARNING_SOUND,72.0,MEDIUM,STABLE,1,MECHANICAL_ABNORMALITY,Inspect mechanical components and sound sources.,46.24,NORMAL
M001,2026-08-17 13:27:54,1.296,382.303,28.5,NORMAL,100.0,LOW,RISING,0,NONE,Continue normal monitoring.,38.17,NORMAL
M001,2026-08-17 13:27:57,1.377,448.386,28.5,WARNING_SOUND,72.0,MEDIUM,FALLING,1,MECHANICAL_ABNORMALITY,Inspect mechanical components and sound sources.,52.3,UNKNOWN_ABNORMALITY
M001,2026-08-17 13:27:59,1.679,251.259,28.5,NORMAL,100.0,LOW,RISING,0,NONE,Continue normal monitoring.,11.17,NORMAL
M001,2026-08-17 13:28:01,0.771,378.308,28.5,WARNING_SOUND,72.0,MEDIUM,FALLING,1,MECHANICAL_ABNORMALITY,Inspect mechanical components and sound sources.,40.2,NORMAL
M001,2026-08-17 13:28:03,1.857,361.029,28.5,WARNING_SOUND,72.0,MEDIUM,STABLE,1,MECHANICAL_ABNORMALITY,Inspect mechanical components and sound sources.,45.09,NORMAL
M001,2026-08-17 13:28:05,1.528,421.121,28.5,NORMAL,100.0,LOW,RISING,0,NONE,Continue normal monitoring.,47.66,NORMAL
M001,2026-08-17 13:28:07,1.653,365.175,28.5,WARNING_SOUND,72.0,MEDIUM,FALLING,1,MECHANICAL_ABNORMALITY,Inspect mechanical components and sound sources.,38.56,NORMAL
M001,2026-08-17 13:28:09,1.293,424.379,28.5,WARNING_SOUND,72.0,MEDIUM,STABLE,1,MECHANICAL_ABNORMALITY,Inspect mechanical components and sound sources.,46.57,NORMAL
M001,2026-08-17 13:28:11,1.355,316.884,28.5,NORMAL,100.0,LOW,RISING,0,NONE,Continue normal monitoring.,24.25,NORMAL
M001,2026-08-17 13:28:13,1.346,414.368,28.5,WARNING_SOUND,72.0,MEDIUM,FALLING,1,MECHANICAL_ABNORMALITY,Inspect mechanical components and sound sources.,46.25,NORMAL
M001,2026-08-17 13:28:15,1.558,402.98,28.5,WARNING_SOUND,72.0,MEDIUM,STABLE,1,MECHANICAL_ABNORMALITY,Inspect mechanical components and sound sources.,44.94,NORMAL
M001,2026-08-17 13:28:17,1.42,294.813,28.5,NORMAL,100.0,LOW,RISING,0,NONE,Continue normal monitoring.,17.26,NORMAL
M001,2026-08-17 13:28:19,1.094,436.465,28.5,WARNING_SOUND,72.0,MEDIUM,FALLING,1,MECHANICAL_ABNORMALITY,Inspect mechanical components and sound sources.,48.81,NORMAL
M001,2026-08-17 13:28:21,1.276,351.741,28.5,NORMAL,100.0,LOW,RISING,0,NONE,Continue normal monitoring.,30.59,NORMAL
M001,2026-08-17 13:28:24,1.168,352.468,28.5,WARNING_SOUND,72.0,MEDIUM,FALLING,1,MECHANICAL_ABNORMALITY,Inspect mechanical components and sound sources.,30.36,NORMAL
M001,2026-08-17 13:28:26,1.436,292.628,28.5,NORMAL,100.0,LOW,RISING,0,NONE,Continue normal monitoring.,16.8,NORMAL
M001,2026-08-17 13:28:28,1.856,412.682,28.5,WARNING_SOUND,72.0,MEDIUM,FALLING,1,MECHANICAL_ABNORMALITY,Inspect mechanical components and sound sources.,54.07,UNKNOWN_ABNORMALITY
M001,2026-08-17 13:28:30,1.576,340.97,28.5,NORMAL,100.0,LOW,RISING,0,NONE,Continue normal monitoring.,31.06,NORMAL
M001,2026-08-17 13:28:32,1.456,283.98,28.5,NORMAL,100.0,LOW,STABLE,0,NONE,Continue normal monitoring.,14.52,NORMAL
M001,2026-08-17 13:28:34,1.574,270.768,28.5,NORMAL,100.0,LOW,STABLE,0,NONE,Continue normal monitoring.,11.89,NORMAL
M001,2026-08-17 13:28:36,1.375,273.103,28.5,NORMAL,100.0,LOW,STABLE,0,NONE,Continue normal monitoring.,9.94,NORMAL
M001,2026-08-17 13:28:38,1.525,233.817,28.5,NORMAL,100.0,LOW,STABLE,0,NONE,Continue normal monitoring.,7.67,NORMAL
M001,2026-08-17 13:28:40,1.379,223.179,28.5,NORMAL,100.0,LOW,STABLE,0,NONE,Continue normal monitoring.,8.84,NORMAL
M001,2026-08-17 13:28:42,1.268,225.22,28.5,NORMAL,100.0,LOW,STABLE,0,NONE,Continue normal monitoring.,6.62,NORMAL
M001,2026-08-17 13:28:44,1.311,286.96,28.5,WARNING_SOUND,72.0,MEDIUM,FALLING,1,MECHANICAL_ABNORMALITY,Inspect mechanical components and sound sources.,13.23,NORMAL
M001,2026-08-17 13:28:46,1.336,334.582,28.5,NORMAL,100.0,LOW,RISING,0,NONE,Continue normal monitoring.,26.56,NORMAL
M001,2026-08-17 13:28:49,1.33,319.589,28.5,WARNING_SOUND,72.0,MEDIUM,FALLING,1,MECHANICAL_ABNORMALITY,Inspect mechanical components and sound sources.,23.88,NORMAL
M001,2026-08-17 13:28:51,1.856,454.079,28.5,WARNING_SOUND,72.0,MEDIUM,STABLE,1,MECHANICAL_ABNORMALITY,Inspect mechanical components and sound sources.,59.49,UNKNOWN_ABNORMALITY
M001,2026-08-17 13:28:53,1.521,326.715,28.5,NORMAL,100.0,LOW,RISING,0,NONE,Continue normal monitoring.,26.33,NORMAL
M001,2026-08-17 13:28:55,1.594,261.63,28.5,NORMAL,100.0,LOW,STABLE,0,NONE,Continue normal monitoring.,10.2,NORMAL
M001,2026-08-17 13:28:57,1.554,230.437,28.5,NORMAL,100.0,LOW,STABLE,0,NONE,Continue normal monitoring.,8.15,NORMAL
M001,2026-08-17 13:28:59,1.24,223.974,28.5,NORMAL,100.0,LOW,STABLE,0,NONE,Continue normal monitoring.,7.49,NORMAL
M001,2026-08-17 13:29:01,1.556,224.482,28.5,NORMAL,100.0,LOW,STABLE,0,NONE,Continue normal monitoring.,9.82,NORMAL
M001,2026-08-17 13:29:03,1.801,242.867,28.5,NORMAL,100.0,LOW,STABLE,0,NONE,Continue normal monitoring.,16.14,NORMAL
M001,2026-08-17 13:29:05,1.22,232.433,28.5,NORMAL,100.0,LOW,STABLE,0,NONE,Continue normal monitoring.,4.99,NORMAL
M001,2026-08-17 13:29:07,1.472,293.151,28.5,NORMAL,100.0,LOW,STABLE,0,NONE,Continue normal monitoring.,17.63,NORMAL
M001,2026-08-17 13:29:09,1.592,273.699,28.5,NORMAL,100.0,LOW,STABLE,0,NONE,Continue normal monitoring.,13.67,NORMAL
M001,2026-08-17 13:29:11,1.615,307.049,28.5,WARNING_VIBRATION,72.0,MEDIUM,FALLING,1,EXCESSIVE_VIBRATION,Inspect motor and rotating components.,25.07,NORMAL
M001,2026-08-17 13:29:13,1.794,239.146,28.5,NORMAL,100.0,LOW,RISING,0,NONE,Continue normal monitoring.,16.46,NORMAL
M001,2026-08-17 13:29:16,1.281,261.665,28.5,NORMAL,100.0,LOW,STABLE,0,NONE,Continue normal monitoring.,6.27,NORMAL
M001,2026-08-17 13:29:18,1.817,224.507,28.5,NORMAL,100.0,LOW,STABLE,0,NONE,Continue normal monitoring.,19.49,NORMAL
M001,2026-08-17 13:29:20,1.033,221.947,28.5,WARNING_VIBRATION,72.0,MEDIUM,FALLING,1,EXCESSIVE_VIBRATION,Inspect motor and rotating components.,8.6,NORMAL
M001,2026-08-17 13:29:22,1.189,270.255,28.5,NORMAL,100.0,LOW,RISING,0,NONE,Continue normal monitoring.,8.11,NORMAL
M001,2026-08-17 13:29:24,1.735,275.819,28.5,NORMAL,100.0,LOW,STABLE,0,NONE,Continue normal monitoring.,18.71,NORMAL
M001,2026-08-17 13:29:26,1.212,227.474,28.5,NORMAL,100.0,LOW,STABLE,0,NONE,Continue normal monitoring.,6.06,NORMAL
M001,2026-08-17 13:29:28,1.431,221.85,28.5,NORMAL,100.0,LOW,STABLE,0,NONE,Continue normal monitoring.,10.37,NORMAL
M001,2026-08-17 13:29:30,1.673,226.013,28.5,NORMAL,100.0,LOW,STABLE,0,NONE,Continue normal monitoring.,13.48,NORMAL
M001,2026-08-17 13:29:32,1.505,240.202,28.5,NORMAL,100.0,LOW,STABLE,0,NONE,Continue normal monitoring.,7.01,NORMAL
M001,2026-08-17 13:29:34,1.261,302.823,28.5,NORMAL,100.0,LOW,STABLE,0,NONE,Continue normal monitoring.,20.09,NORMAL
M001,2026-08-17 13:29:36,1.629,213.991,28.5,NORMAL,100.0,LOW,STABLE,0,NONE,Continue normal monitoring.,16.84,NORMAL
M001,2026-08-17 13:29:38,1.721,261.329,28.5,WARNING_VIBRATION,72.0,MEDIUM,FALLING,1,EXCESSIVE_VIBRATION,Inspect motor and rotating components.,14.46,NORMAL
M001,2026-08-17 13:29:41,1.048,236.019,28.5,NORMAL,100.0,LOW,RISING,0,NONE,Continue normal monitoring.,5.18,NORMAL
M001,2026-08-17 13:29:43,1.214,207.533,28.5,NORMAL,100.0,LOW,STABLE,0,NONE,Continue normal monitoring.,14.2,NORMAL
M001,2026-08-17 13:29:45,1.026,217.891,28.5,NORMAL,100.0,LOW,STABLE,0,NONE,Continue normal monitoring.,9.9,NORMAL
M001,2026-08-17 13:29:47,1.609,230.488,28.5,NORMAL,100.0,LOW,STABLE,0,NONE,Continue normal monitoring.,10.29,NORMAL
M001,2026-08-17 13:29:49,1.61,331.032,28.5,WARNING_VIBRATION,72.0,MEDIUM,FALLING,1,EXCESSIVE_VIBRATION,Inspect motor and rotating components.,29.27,NORMAL
M001,2026-08-17 13:29:51,1.38,354.572,28.5,NORMAL,100.0,LOW,RISING,0,NONE,Continue normal monitoring.,31.31,NORMAL
M001,2026-08-17 13:29:53,1.488,327.542,28.5,WARNING_SOUND,72.0,MEDIUM,FALLING,1,MECHANICAL_ABNORMALITY,Inspect mechanical components and sound sources.,26.46,NORMAL
M001,2026-08-17 13:29:55,1.662,252.153,28.5,NORMAL,100.0,LOW,RISING,0,NONE,Continue normal monitoring.,10.13,NORMAL
M001,2026-08-17 13:29:57,1.735,239.168,28.5,NORMAL,100.0,LOW,STABLE,0,NONE,Continue normal monitoring.,13.76,NORMAL
M001,2026-08-17 13:29:59,1.762,215.556,28.5,WARNING_VIBRATION,72.0,MEDIUM,FALLING,1,EXCESSIVE_VIBRATION,Inspect motor and rotating components.,20.41,NORMAL
M001,2026-08-17 13:30:01,1.58,229.786,28.5,NORMAL,100.0,LOW,RISING,0,NONE,Continue normal monitoring.,9.54,NORMAL
M001,2026-08-17 13:30:03,1.401,218.299,28.5,NORMAL,100.0,LOW,STABLE,0,NONE,Continue normal monitoring.,10.55,NORMAL
M001,2026-08-17 13:30:05,1.513,211.957,28.5,NORMAL,100.0,LOW,STABLE,0,NONE,Continue normal monitoring.,14.87,NORMAL
M001,2026-08-17 13:30:08,1.444,257.801,28.5,NORMAL,100.0,LOW,STABLE,0,NONE,Continue normal monitoring.,6.92,NORMAL
M001,2026-08-17 13:30:10,1.727,258.027,28.5,NORMAL,100.0,LOW,STABLE,0,NONE,Continue normal monitoring.,13.81,NORMAL
M001,2026-08-17 13:30:12,1.84,231.014,28.5,WARNING_VIBRATION,72.0,MEDIUM,FALLING,1,EXCESSIVE_VIBRATION,Inspect motor and rotating components.,18.34,NORMAL
M001,2026-08-17 13:30:14,1.822,233.677,28.5,NORMAL,100.0,LOW,RISING,0,NONE,Continue normal monitoring.,17.74,NORMAL
M001,2026-08-17 13:30:16,1.398,198.786,28.5,NORMAL,100.0,LOW,STABLE,0,NONE,Continue normal monitoring.,21.45,NORMAL
M001,2026-08-17 13:30:18,1.393,255.171,28.5,NORMAL,100.0,LOW,STABLE,0,NONE,Continue normal monitoring.,6.13,NORMAL
M001,2026-08-17 13:30:20,1.636,254.207,28.5,WARNING_VIBRATION,72.0,MEDIUM,FALLING,1,EXCESSIVE_VIBRATION,Inspect motor and rotating components.,9.48,NORMAL
M001,2026-08-17 13:30:22,1.608,235.815,28.5,NORMAL,100.0,LOW,RISING,0,NONE,Continue normal monitoring.,10.06,NORMAL
M001,2026-08-17 13:30:24,1.026,237.92,28.5,NORMAL,100.0,LOW,STABLE,0,NONE,Continue normal monitoring.,5.03,NORMAL
M001,2026-08-17 13:30:26,1.274,215.012,28.5,NORMAL,100.0,LOW,STABLE,0,NONE,Continue normal monitoring.,10.54,NORMAL
M001,2026-08-17 13:30:28,0.906,246.386,28.5,NORMAL,100.0,LOW,STABLE,0,NONE,Continue normal monitoring.,4.15,NORMAL
M001,2026-08-17 13:30:30,1.197,274.839,28.5,NORMAL,100.0,LOW,STABLE,0,NONE,Continue normal monitoring.,9.44,NORMAL
M001,2026-08-17 13:30:33,1.571,210.933,28.5,NORMAL,100.0,LOW,STABLE,0,NONE,Continue normal monitoring.,16.44,NORMAL
M001,2026-08-17 13:30:35,1.316,244.896,28.5,NORMAL,100.0,LOW,STABLE,0,NONE,Continue normal monitoring.,4.51,NORMAL
M001,2026-08-17 13:30:37,1.45,276.276,28.5,NORMAL,100.0,LOW,STABLE,0,NONE,Continue normal monitoring.,13.0,NORMAL
M001,2026-08-17 13:30:39,1.434,368.221,28.5,WARNING_SOUND,72.0,MEDIUM,FALLING,1,MECHANICAL_ABNORMALITY,Inspect mechanical components and sound sources.,36.36,NORMAL
M001,2026-08-17 13:30:41,1.689,307.098,28.5,NORMAL,100.0,LOW,RISING,0,NONE,Continue normal monitoring.,27.09,NORMAL
M001,2026-08-17 13:30:43,1.363,252.23,28.5,WARNING_SOUND,72.0,MEDIUM,FALLING,1,MECHANICAL_ABNORMALITY,Inspect mechanical components and sound sources.,5.81,NORMAL
M001,2026-08-17 13:30:45,1.39,211.13,28.5,NORMAL,100.0,LOW,RISING,0,NONE,Continue normal monitoring.,14.01,NORMAL
M001,2026-08-17 13:30:47,1.687,285.172,28.5,NORMAL,100.0,LOW,STABLE,0,NONE,Continue normal monitoring.,18.62,NORMAL
M001,2026-08-17 13:30:49,0.175,271.384,28.5,NORMAL,100.0,LOW,STABLE,0,NONE,Continue normal monitoring.,16.91,NORMAL
M001,2026-08-17 13:30:51,0.719,229.033,28.5,NORMAL,100.0,LOW,STABLE,0,NONE,Continue normal monitoring.,9.43,NORMAL
M001,2026-08-17 13:30:53,1.203,237.842,28.5,NORMAL,100.0,LOW,STABLE,0,NONE,Continue normal monitoring.,4.32,NORMAL
M001,2026-08-17 13:30:55,1.603,195.059,28.5,NORMAL,100.0,LOW,STABLE,0,NONE,Continue normal monitoring.,25.54,NORMAL
M001,2026-08-17 13:30:57,2.079,229.185,28.5,WARNING_VIBRATION,72.0,MEDIUM,FALLING,1,EXCESSIVE_VIBRATION,Inspect motor and rotating components.,29.35,NORMAL
M001,2026-08-17 13:31:00,2.029,221.268,28.5,NORMAL,100.0,LOW,RISING,0,NONE,Continue normal monitoring.,30.55,NORMAL
M001,2026-08-17 13:31:02,1.394,210.924,28.5,NORMAL,100.0,LOW,STABLE,0,NONE,Continue normal monitoring.,14.22,NORMAL
M001,2026-08-17 13:31:04,1.201,283.414,28.5,NORMAL,100.0,LOW,STABLE,0,NONE,Continue normal monitoring.,12.02,NORMAL
M001,2026-08-17 13:31:06,1.313,256.43,28.5,NORMAL,100.0,LOW,STABLE,0,NONE,Continue normal monitoring.,5.69,NORMAL
M001,2026-08-17 13:31:08,1.071,236.428,28.5,NORMAL,100.0,LOW,STABLE,0,NONE,Continue normal monitoring.,4.85,NORMAL
M001,2026-08-17 13:31:10,1.32,229.593,28.5,NORMAL,100.0,LOW,STABLE,0,NONE,Continue normal monitoring.,5.97,NORMAL
M001,2026-08-17 13:31:12,1.647,252.533,28.5,WARNING_VIBRATION,72.0,MEDIUM,FALLING,1,EXCESSIVE_VIBRATION,Inspect motor and rotating components.,9.92,NORMAL
M001,2026-08-17 13:31:14,1.779,281.197,28.5,NORMAL,100.0,LOW,RISING,0,NONE,Continue normal monitoring.,21.68,NORMAL
M001,2026-08-17 13:31:16,1.061,236.365,28.5,NORMAL,100.0,LOW,STABLE,0,NONE,Continue normal monitoring.,4.82,NORMAL
M001,2026-08-17 13:31:18,1.617,270.239,28.5,NORMAL,100.0,LOW,STABLE,0,NONE,Continue normal monitoring.,13.43,NORMAL
M001,2026-08-17 13:31:20,1.659,210.23,28.5,NORMAL,100.0,LOW,STABLE,0,NONE,Continue normal monitoring.,19.11,NORMAL
M001,2026-08-17 13:31:22,1.046,222.595,28.5,NORMAL,100.0,LOW,STABLE,0,NONE,Continue normal monitoring.,8.11,NORMAL
M001,2026-08-17 13:31:25,1.05,227.861,28.5,NORMAL,100.0,LOW,STABLE,0,NONE,Continue normal monitoring.,6.5,NORMAL
M001,2026-08-17 13:31:27,1.061,257.385,28.5,NORMAL,100.0,LOW,STABLE,0,NONE,Continue normal monitoring.,6.29,NORMAL
M001,2026-08-17 13:31:29,1.359,265.882,28.5,NORMAL,100.0,LOW,STABLE,0,NONE,Continue normal monitoring.,8.23,NORMAL
M001,2026-08-17 13:31:31,1.542,211.893,28.5,NORMAL,100.0,LOW,STABLE,0,NONE,Continue normal monitoring.,15.11,NORMAL
M001,2026-08-17 13:31:33,1.448,215.56,28.5,NORMAL,100.0,LOW,STABLE,0,NONE,Continue normal monitoring.,12.98,NORMAL
M001,2026-08-17 13:31:35,1.207,226.338,28.5,NORMAL,100.0,LOW,STABLE,0,NONE,Continue normal monitoring.,6.31,NORMAL
M001,2026-08-17 13:31:37,1.438,261.998,28.5,NORMAL,100.0,LOW,STABLE,0,NONE,Continue normal monitoring.,7.63,NORMAL
M001,2026-08-17 13:31:39,1.417,246.237,28.5,NORMAL,100.0,LOW,STABLE,0,NONE,Continue normal monitoring.,5.26,NORMAL
M001,2026-08-17 13:31:41,1.314,227.403,28.5,NORMAL,100.0,LOW,STABLE,0,NONE,Continue normal monitoring.,6.42,NORMAL
M001,2026-08-17 13:31:43,1.299,253.3,28.5,NORMAL,100.0,LOW,STABLE,0,NONE,Continue normal monitoring.,5.06,NORMAL
M001,2026-08-17 13:31:45,1.604,259.806,28.5,NORMAL,100.0,LOW,STABLE,0,NONE,Continue normal monitoring.,10.2,NORMAL
M001,2026-08-17 13:31:47,0.961,213.152,28.5,NORMAL,100.0,LOW,STABLE,0,NONE,Continue normal monitoring.,11.68,NORMAL
M001,2026-08-17 13:31:50,1.769,240.446,28.5,NORMAL,100.0,LOW,STABLE,0,NONE,Continue normal monitoring.,15.0,NORMAL
M001,2026-08-17 13:31:52,1.758,247.364,28.5,NORMAL,100.0,LOW,STABLE,0,NONE,Continue normal monitoring.,13.61,NORMAL
M001,2026-08-17 13:31:54,1.474,232.317,28.5,WARNING_VIBRATION,72.0,MEDIUM,FALLING,1,EXCESSIVE_VIBRATION,Inspect motor and rotating components.,7.69,NORMAL
M001,2026-08-17 13:31:56,1.594,220.856,28.5,NORMAL,100.0,LOW,RISING,0,NONE,Continue normal monitoring.,13.38,NORMAL
M001,2026-08-17 13:31:58,1.304,246.56,28.5,NORMAL,100.0,LOW,STABLE,0,NONE,Continue normal monitoring.,4.27,NORMAL
M001,2026-08-17 13:32:00,1.54,251.609,28.5,NORMAL,100.0,LOW,STABLE,0,NONE,Continue normal monitoring.,6.51,NORMAL
M001,2026-08-17 13:32:02,1.452,233.761,28.5,NORMAL,100.0,LOW,STABLE,0,NONE,Continue normal monitoring.,7.32,NORMAL
M001,2026-08-17 13:32:04,1.48,228.768,28.5,NORMAL,100.0,LOW,STABLE,0,NONE,Continue normal monitoring.,8.01,NORMAL
M001,2026-08-17 13:32:06,1.396,241.101,28.5,NORMAL,100.0,LOW,STABLE,0,NONE,Continue normal monitoring.,5.77,NORMAL
M001,2026-08-17 13:32:08,1.695,326.08,28.5,NORMAL,100.0,LOW,STABLE,0,NONE,Continue normal monitoring.,30.56,NORMAL
M001,2026-08-17 13:32:10,1.458,216.44,28.5,WARNING_SOUND,72.0,MEDIUM,FALLING,1,MECHANICAL_ABNORMALITY,Inspect mechanical components and sound sources.,13.1,NORMAL
M001,2026-08-17 13:32:12,1.126,243.082,28.5,NORMAL,100.0,LOW,RISING,0,NONE,Continue normal monitoring.,4.23,NORMAL
M001,2026-08-17 13:32:14,1.272,227.913,28.5,NORMAL,100.0,LOW,STABLE,0,NONE,Continue normal monitoring.,5.92,NORMAL
M001,2026-08-17 13:32:17,1.453,226.592,28.5,NORMAL,100.0,LOW,STABLE,0,NONE,Continue normal monitoring.,8.68,NORMAL
M001,2026-08-17 13:32:19,1.033,210.369,28.5,NORMAL,100.0,LOW,STABLE,0,NONE,Continue normal monitoring.,12.88,NORMAL
M001,2026-08-17 13:32:21,0.753,211.316,28.5,NORMAL,100.0,LOW,STABLE,0,NONE,Continue normal monitoring.,15.3,NORMAL
M001,2026-08-17 13:32:23,2.004,243.096,28.5,WARNING_VIBRATION,72.0,MEDIUM,FALLING,1,EXCESSIVE_VIBRATION,Inspect motor and rotating components.,25.84,NORMAL
M001,2026-08-17 13:32:25,1.257,238.774,28.5,NORMAL,100.0,LOW,RISING,0,NONE,Continue normal monitoring.,4.79,NORMAL
M001,2026-08-17 13:32:27,0.795,229.884,28.5,NORMAL,100.0,LOW,STABLE,0,NONE,Continue normal monitoring.,7.38,NORMAL
M001,2026-08-17 13:32:29,0.648,226.494,28.5,NORMAL,100.0,LOW,STABLE,0,NONE,Continue normal monitoring.,10.64,NORMAL
M001,2026-08-17 13:32:31,0.538,209.681,28.5,NORMAL,100.0,LOW,STABLE,0,NONE,Continue normal monitoring.,19.71,NORMAL
M001,2026-08-17 13:32:33,1.326,235.251,28.5,NORMAL,100.0,LOW,STABLE,0,NONE,Continue normal monitoring.,5.65,NORMAL
M001,2026-08-17 13:32:35,1.758,244.248,28.5,NORMAL,100.0,LOW,STABLE,0,NONE,Continue normal monitoring.,13.48,NORMAL
M001,2026-08-17 13:32:37,0.873,227.793,28.5,NORMAL,100.0,LOW,STABLE,0,NONE,Continue normal monitoring.,7.42,NORMAL
M001,2026-08-17 13:32:40,0.913,254.111,28.5,NORMAL,100.0,LOW,STABLE,0,NONE,Continue normal monitoring.,5.5,NORMAL
M001,2026-08-17 13:32:42,0.957,234.254,28.5,NORMAL,100.0,LOW,STABLE,0,NONE,Continue normal monitoring.,5.24,NORMAL
M001,2026-08-17 13:32:44,1.048,227.266,28.5,NORMAL,100.0,LOW,STABLE,0,NONE,Continue normal monitoring.,6.45,NORMAL
M001,2026-08-17 13:32:46,1.137,239.381,28.5,NORMAL,100.0,LOW,STABLE,0,NONE,Continue normal monitoring.,4.12,NORMAL
M001,2026-08-17 13:32:48,2.169,288.438,28.5,WARNING_VIBRATION,72.0,MEDIUM,FALLING,1,EXCESSIVE_VIBRATION,Inspect motor and rotating components.,38.42,NORMAL
M001,2026-08-17 13:32:50,1.685,242.962,28.5,NORMAL,100.0,LOW,RISING,0,NONE,Continue normal monitoring.,11.93,NORMAL
M001,2026-08-17 13:32:52,1.947,219.213,28.5,NORMAL,100.0,LOW,STABLE,0,NONE,Continue normal monitoring.,25.9,NORMAL
M001,2026-08-17 13:32:54,1.654,232.645,28.5,NORMAL,100.0,LOW,STABLE,0,NONE,Continue normal monitoring.,10.4,NORMAL
M001,2026-08-17 13:32:56,0.962,256.637,28.5,NORMAL,100.0,LOW,STABLE,0,NONE,Continue normal monitoring.,6.08,NORMAL
M001,2026-08-17 13:32:58,0.999,258.466,28.5,NORMAL,100.0,LOW,STABLE,0,NONE,Continue normal monitoring.,6.59,NORMAL
M001,2026-08-17 13:33:00,1.413,224.665,28.5,NORMAL,100.0,LOW,STABLE,0,NONE,Continue normal monitoring.,8.79,NORMAL
M001,2026-08-17 13:33:02,1.043,247.161,28.5,NORMAL,100.0,LOW,STABLE,0,NONE,Continue normal monitoring.,4.66,NORMAL
M001,2026-08-17 13:33:04,1.073,268.639,28.5,NORMAL,100.0,LOW,STABLE,0,NONE,Continue normal monitoring.,8.58,NORMAL
M001,2026-08-17 13:33:06,1.594,359.403,28.5,WARNING_SOUND,72.0,MEDIUM,FALLING,1,MECHANICAL_ABNORMALITY,Inspect mechanical components and sound sources.,36.37,NORMAL
M001,2026-08-17 13:33:09,2.284,268.894,28.5,WARNING_SOUND,72.0,MEDIUM,STABLE,1,MECHANICAL_ABNORMALITY,Inspect mechanical components and sound sources.,38.04,NORMAL
M001,2026-08-17 13:33:11,0.966,213.026,28.5,NORMAL,100.0,LOW,RISING,0,NONE,Continue normal monitoring.,11.84,NORMAL
M001,2026-08-17 13:33:13,1.161,241.473,28.5,NORMAL,100.0,LOW,STABLE,0,NONE,Continue normal monitoring.,3.97,NORMAL
M001,2026-08-17 13:33:15,2.123,202.272,28.5,WARNING_VIBRATION,72.0,MEDIUM,FALLING,1,EXCESSIVE_VIBRATION,Inspect motor and rotating components.,41.51,NORMAL
M001,2026-08-17 13:33:17,1.412,249.333,28.5,NORMAL,100.0,LOW,RISING,0,NONE,Continue normal monitoring.,5.33,NORMAL
M001,2026-08-17 13:33:19,1.323,237.34,28.5,NORMAL,100.0,LOW,STABLE,0,NONE,Continue normal monitoring.,5.17,NORMAL
M001,2026-08-17 13:33:21,1.21,202.442,28.5,NORMAL,100.0,LOW,STABLE,0,NONE,Continue normal monitoring.,17.9,NORMAL
M001,2026-08-17 13:33:23,1.589,263.165,28.5,NORMAL,100.0,LOW,STABLE,0,NONE,Continue normal monitoring.,10.9,NORMAL
M001,2026-08-17 13:33:25,1.175,263.95,28.5,WARNING_VIBRATION,72.0,MEDIUM,FALLING,1,EXCESSIVE_VIBRATION,Inspect motor and rotating components.,7.13,NORMAL
M001,2026-08-17 13:33:27,0.107,247.757,28.5,NORMAL,100.0,LOW,RISING,0,NONE,Continue normal monitoring.,13.29,NORMAL
M001,2026-08-17 13:33:29,1.458,226.536,28.5,NORMAL,100.0,LOW,STABLE,0,NONE,Continue normal monitoring.,8.71,NORMAL
M001,2026-08-17 13:33:31,1.238,239.949,28.5,NORMAL,100.0,LOW,STABLE,0,NONE,Continue normal monitoring.,4.64,NORMAL
M001,2026-08-17 13:33:34,1.127,228.38,28.5,NORMAL,100.0,LOW,STABLE,0,NONE,Continue normal monitoring.,5.68,NORMAL
M001,2026-08-17 13:33:36,0.824,261.335,28.5,NORMAL,100.0,LOW,STABLE,0,NONE,Continue normal monitoring.,8.07,NORMAL
M001,2026-08-17 13:33:38,1.153,245.306,28.5,NORMAL,100.0,LOW,STABLE,0,NONE,Continue normal monitoring.,3.39,NORMAL
M001,2026-08-17 13:33:40,1.186,219.156,28.5,NORMAL,100.0,LOW,STABLE,0,NONE,Continue normal monitoring.,8.79,NORMAL
M001,2026-08-17 13:33:42,1.111,237.886,28.5,NORMAL,100.0,LOW,STABLE,0,NONE,Continue normal monitoring.,4.55,NORMAL
M001,2026-08-17 13:33:44,1.069,226.693,28.5,NORMAL,100.0,LOW,STABLE,0,NONE,Continue normal monitoring.,6.77,NORMAL
M001,2026-08-17 13:33:46,1.211,238.997,28.5,NORMAL,100.0,LOW,STABLE,0,NONE,Continue normal monitoring.,4.55,NORMAL
M001,2026-08-17 13:33:48,1.326,241.955,28.5,NORMAL,100.0,LOW,STABLE,0,NONE,Continue normal monitoring.,5.16,NORMAL
M001,2026-08-17 13:33:50,1.047,269.759,28.5,NORMAL,100.0,LOW,STABLE,0,NONE,Continue normal monitoring.,9.45,NORMAL
M001,2026-08-17 13:33:52,1.281,271.897,28.5,NORMAL,100.0,LOW,STABLE,0,NONE,Continue normal monitoring.,8.84,NORMAL
M001,2026-08-17 13:33:54,1.051,238.341,28.5,NORMAL,100.0,LOW,STABLE,0,NONE,Continue normal monitoring.,4.98,NORMAL
M001,2026-08-17 13:33:56,1.347,245.713,28.5,NORMAL,100.0,LOW,STABLE,0,NONE,Continue normal monitoring.,4.88,NORMAL
M001,2026-08-17 13:33:58,0.616,240.513,28.5,NORMAL,100.0,LOW,STABLE,0,NONE,Continue normal monitoring.,8.74,NORMAL
M001,2026-08-17 13:34:01,0.975,267.542,28.5,NORMAL,100.0,LOW,STABLE,0,NONE,Continue normal monitoring.,8.78,NORMAL
M001,2026-08-17 13:34:03,1.159,276.754,28.5,WARNING_SOUND,72.0,MEDIUM,FALLING,1,MECHANICAL_ABNORMALITY,Inspect mechanical components and sound sources.,10.97,NORMAL
M001,2026-08-17 13:34:05,1.058,227.194,28.5,NORMAL,100.0,LOW,RISING,0,NONE,Continue normal monitoring.,6.37,NORMAL
M001,2026-08-17 13:34:07,1.158,257.713,28.5,NORMAL,100.0,LOW,STABLE,0,NONE,Continue normal monitoring.,5.6,NORMAL
M001,2026-08-17 13:34:09,1.874,225.332,28.5,NORMAL,100.0,LOW,STABLE,0,NONE,Continue normal monitoring.,20.86,NORMAL
M001,2026-08-17 13:34:11,1.872,227.304,28.5,WARNING_VIBRATION,72.0,MEDIUM,FALLING,1,EXCESSIVE_VIBRATION,Inspect motor and rotating components.,20.12,NORMAL
M001,2026-08-17 13:34:13,1.282,260.417,28.5,NORMAL,100.0,LOW,RISING,0,NONE,Continue normal monitoring.,6.11,NORMAL
M001,2026-08-17 13:34:15,1.016,260.404,28.5,NORMAL,100.0,LOW,STABLE,0,NONE,Continue normal monitoring.,6.91,NORMAL
M001,2026-08-17 13:34:17,0.985,232.504,28.5,NORMAL,100.0,LOW,STABLE,0,NONE,Continue normal monitoring.,4.61,NORMAL
M001,2026-08-17 13:34:19,1.033,211.914,28.5,NORMAL,100.0,LOW,STABLE,0,NONE,Continue normal monitoring.,12.1,NORMAL
M001,2026-08-17 13:34:21,1.511,254.016,28.5,NORMAL,100.0,LOW,STABLE,0,NONE,Continue normal monitoring.,6.85,NORMAL
M001,2026-08-17 13:34:23,1.582,222.822,28.5,NORMAL,100.0,LOW,STABLE,0,NONE,Continue normal monitoring.,12.32,NORMAL
M001,2026-08-17 13:34:26,1.52,220.321,28.5,NORMAL,100.0,LOW,STABLE,0,NONE,Continue normal monitoring.,11.1,NORMAL
M001,2026-08-17 13:34:28,1.823,209.642,28.5,NORMAL,100.0,LOW,STABLE,0,NONE,Continue normal monitoring.,26.0,NORMAL
M001,2026-08-17 13:34:30,0.997,234.446,28.5,NORMAL,100.0,LOW,STABLE,0,NONE,Continue normal monitoring.,5.21,NORMAL
M001,2026-08-17 13:34:32,1.59,244.688,28.5,NORMAL,100.0,LOW,STABLE,0,NONE,Continue normal monitoring.,8.41,NORMAL
M001,2026-08-17 13:34:34,1.106,231.306,28.5,NORMAL,100.0,LOW,STABLE,0,NONE,Continue normal monitoring.,4.73,NORMAL
M001,2026-08-17 13:34:36,1.411,252.536,28.5,NORMAL,100.0,LOW,STABLE,0,NONE,Continue normal monitoring.,5.75,NORMAL
M001,2026-08-17 13:34:38,1.298,254.504,28.5,NORMAL,100.0,LOW,STABLE,0,NONE,Continue normal monitoring.,5.12,NORMAL
M001,2026-08-17 13:34:40,1.224,236.549,28.5,NORMAL,100.0,LOW,STABLE,0,NONE,Continue normal monitoring.,4.55,NORMAL
M001,2026-08-17 13:34:42,1.193,243.064,28.5,NORMAL,100.0,LOW,STABLE,0,NONE,Continue normal monitoring.,3.91,NORMAL
M001,2026-08-17 13:34:44,0.777,278.376,28.5,NORMAL,100.0,LOW,STABLE,0,NONE,Continue normal monitoring.,12.64,NORMAL
M001,2026-08-17 13:34:46,1.301,235.852,28.5,NORMAL,100.0,LOW,STABLE,0,NONE,Continue normal monitoring.,5.34,NORMAL
M001,2026-08-17 13:34:48,1.067,227.393,28.5,NORMAL,100.0,LOW,STABLE,0,NONE,Continue normal monitoring.,6.53,NORMAL
M001,2026-08-17 13:34:50,1.16,228.621,28.5,NORMAL,100.0,LOW,STABLE,0,NONE,Continue normal monitoring.,5.24,NORMAL
M001,2026-08-17 13:34:53,1.189,249.893,28.5,NORMAL,100.0,LOW,STABLE,0,NONE,Continue normal monitoring.,3.52,NORMAL
M001,2026-08-17 13:34:55,0.73,296.485,28.5,WARNING_SOUND,72.0,MEDIUM,FALLING,1,MECHANICAL_ABNORMALITY,Inspect mechanical components and sound sources.,21.91,NORMAL
M001,2026-08-17 13:34:57,1.162,213.154,28.5,NORMAL,100.0,LOW,RISING,0,NONE,Continue normal monitoring.,11.05,NORMAL
M001,2026-08-17 13:34:59,1.105,233.679,28.5,NORMAL,100.0,LOW,STABLE,0,NONE,Continue normal monitoring.,4.44,NORMAL
M001,2026-08-17 13:35:01,1.555,226.368,28.5,NORMAL,100.0,LOW,STABLE,0,NONE,Continue normal monitoring.,9.02,NORMAL
M001,2026-08-17 13:35:03,1.608,259.581,28.5,NORMAL,100.0,LOW,STABLE,0,NONE,Continue normal monitoring.,10.45,NORMAL
M001,2026-08-17 13:35:05,1.157,242.009,28.5,NORMAL,100.0,LOW,STABLE,0,NONE,Continue normal monitoring.,4.21,NORMAL
M001,2026-08-17 13:35:07,1.253,255.277,28.5,NORMAL,100.0,LOW,STABLE,0,NONE,Continue normal monitoring.,5.08,NORMAL
M001,2026-08-17 13:35:09,1.018,271.284,28.5,NORMAL,100.0,LOW,STABLE,0,NONE,Continue normal monitoring.,9.3,NORMAL
M001,2026-08-17 13:35:11,1.23,250.378,28.5,WARNING_SOUND,72.0,MEDIUM,FALLING,1,MECHANICAL_ABNORMALITY,Inspect mechanical components and sound sources.,4.08,NORMAL
M001,2026-08-17 13:35:13,1.424,317.364,28.5,NORMAL,100.0,LOW,RISING,0,NONE,Continue normal monitoring.,24.11,NORMAL
M001,2026-08-17 13:35:15,1.523,268.852,28.5,NORMAL,100.0,LOW,STABLE,0,NONE,Continue normal monitoring.,10.73,NORMAL
M001,2026-08-17 13:35:18,1.777,225.427,28.5,NORMAL,100.0,LOW,STABLE,0,NONE,Continue normal monitoring.,17.45,NORMAL
M001,2026-08-17 13:35:20,1.443,252.958,28.5,NORMAL,100.0,LOW,STABLE,0,NONE,Continue normal monitoring.,6.06,NORMAL
M001,2026-08-17 13:35:22,1.371,317.232,28.5,NORMAL,100.0,LOW,STABLE,0,NONE,Continue normal monitoring.,23.85,NORMAL
M001,2026-08-17 13:35:24,1.319,269.611,28.5,WARNING_SOUND,72.0,MEDIUM,FALLING,1,MECHANICAL_ABNORMALITY,Inspect mechanical components and sound sources.,9.13,NORMAL
M001,2026-08-17 13:35:26,1.327,268.009,28.5,NORMAL,100.0,LOW,RISING,0,NONE,Continue normal monitoring.,7.97,NORMAL
M001,2026-08-17 13:35:28,1.697,488.704,28.5,WARNING_SOUND,72.0,MEDIUM,FALLING,1,MECHANICAL_ABNORMALITY,Inspect mechanical components and sound sources.,61.36,UNKNOWN_ABNORMALITY
M001,2026-08-17 13:35:30,1.561,460.178,28.5,WARNING_SOUND,72.0,MEDIUM,STABLE,1,MECHANICAL_ABNORMALITY,Inspect mechanical components and sound sources.,53.73,UNKNOWN_ABNORMALITY
M001,2026-08-17 13:35:32,1.633,359.562,28.5,NORMAL,100.0,LOW,RISING,0,NONE,Continue normal monitoring.,36.74,NORMAL
M001,2026-08-17 13:35:34,1.331,373.538,28.5,WARNING_SOUND,72.0,MEDIUM,FALLING,1,MECHANICAL_ABNORMALITY,Inspect mechanical components and sound sources.,37.07,NORMAL
M001,2026-08-17 13:35:36,1.076,332.607,28.5,NORMAL,100.0,LOW,RISING,0,NONE,Continue normal monitoring.,26.38,NORMAL
M001,2026-08-17 13:35:38,1.157,270.088,28.5,NORMAL,100.0,LOW,STABLE,0,NONE,Continue normal monitoring.,8.2,NORMAL
M001,2026-08-17 13:35:40,1.018,460.758,28.5,WARNING_SOUND,72.0,MEDIUM,FALLING,1,MECHANICAL_ABNORMALITY,Inspect mechanical components and sound sources.,53.33,UNKNOWN_ABNORMALITY
M001,2026-08-17 13:35:42,0.879,243.432,28.5,NORMAL,100.0,LOW,RISING,0,NONE,Continue normal monitoring.,5.12,NORMAL
M001,2026-08-17 13:35:45,0.873,386.921,28.5,WARNING_SOUND,72.0,MEDIUM,FALLING,1,MECHANICAL_ABNORMALITY,Inspect mechanical components and sound sources.,42.36,NORMAL
M001,2026-08-17 13:35:47,1.085,269.333,28.5,NORMAL,100.0,LOW,RISING,0,NONE,Continue normal monitoring.,8.86,NORMAL
M001,2026-08-17 13:35:49,1.095,237.976,28.5,NORMAL,100.0,LOW,STABLE,0,NONE,Continue normal monitoring.,4.66,NORMAL
M001,2026-08-17 13:35:51,1.565,250.029,28.5,NORMAL,100.0,LOW,STABLE,0,NONE,Continue normal monitoring.,7.44,NORMAL
M001,2026-08-17 13:35:53,1.379,259.12,28.5,NORMAL,100.0,LOW,STABLE,0,NONE,Continue normal monitoring.,7.0,NORMAL
M001,2026-08-17 13:35:55,1.27,231.902,28.5,NORMAL,100.0,LOW,STABLE,0,NONE,Continue normal monitoring.,4.83,NORMAL
M001,2026-08-17 13:35:57,1.308,288.017,28.5,NORMAL,100.0,LOW,STABLE,0,NONE,Continue normal monitoring.,14.18,NORMAL
M001,2026-08-17 13:35:59,0.937,319.54,28.5,NORMAL,100.0,LOW,STABLE,0,NONE,Continue normal monitoring.,25.2,NORMAL
M001,2026-08-17 13:36:01,1.198,250.945,28.5,WARNING_SOUND,72.0,MEDIUM,FALLING,1,MECHANICAL_ABNORMALITY,Inspect mechanical components and sound sources.,4.35,NORMAL
M001,2026-08-17 13:36:03,1.133,270.964,28.5,NORMAL,100.0,LOW,RISING,0,NONE,Continue normal monitoring.,8.59,NORMAL
M001,2026-08-17 13:36:05,1.392,268.009,28.5,NORMAL,100.0,LOW,STABLE,0,NONE,Continue normal monitoring.,8.7,NORMAL
M001,2026-08-17 13:36:07,1.863,266.443,28.5,NORMAL,100.0,LOW,STABLE,0,NONE,Continue normal monitoring.,20.32,NORMAL
M001,2026-08-17 13:36:10,1.542,268.155,28.5,WARNING_VIBRATION,72.0,MEDIUM,FALLING,1,EXCESSIVE_VIBRATION,Inspect motor and rotating components.,10.11,NORMAL
M001,2026-08-17 13:36:12,1.487,257.664,28.5,NORMAL,100.0,LOW,RISING,0,NONE,Continue normal monitoring.,7.6,NORMAL
M001,2026-08-17 13:36:14,1.838,303.188,28.5,NORMAL,100.0,LOW,STABLE,0,NONE,Continue normal monitoring.,31.34,NORMAL
M001,2026-08-17 13:36:16,1.832,295.102,28.5,WARNING_SOUND,72.0,MEDIUM,FALLING,1,MECHANICAL_ABNORMALITY,Inspect mechanical components and sound sources.,28.26,NORMAL
M001,2026-08-17 13:36:18,2.14,301.52,28.5,NORMAL,100.0,LOW,RISING,0,NONE,Continue normal monitoring.,42.66,NORMAL
M001,2026-08-17 13:36:20,1.378,281.213,28.5,NORMAL,100.0,LOW,STABLE,0,NONE,Continue normal monitoring.,12.73,NORMAL
M001,2026-08-17 13:36:22,1.144,264.899,28.5,NORMAL,100.0,LOW,STABLE,0,NONE,Continue normal monitoring.,7.27,NORMAL
M001,2026-08-17 13:36:24,1.493,268.08,28.5,NORMAL,100.0,LOW,STABLE,0,NONE,Continue normal monitoring.,10.16,NORMAL
M001,2026-08-17 13:36:26,1.316,261.456,28.5,NORMAL,100.0,LOW,STABLE,0,NONE,Continue normal monitoring.,6.21,NORMAL
M001,2026-08-17 13:36:28,1.035,289.165,28.5,WARNING_SOUND,72.0,MEDIUM,FALLING,1,MECHANICAL_ABNORMALITY,Inspect mechanical components and sound sources.,14.89,NORMAL
M001,2026-08-17 13:36:30,1.745,243.375,28.5,NORMAL,100.0,LOW,RISING,0,NONE,Continue normal monitoring.,13.47,NORMAL
M001,2026-08-17 13:36:32,1.291,429.958,28.5,WARNING_SOUND,72.0,MEDIUM,FALLING,1,MECHANICAL_ABNORMALITY,Inspect mechanical components and sound sources.,47.26,NORMAL
M001,2026-08-17 13:36:35,1.73,347.946,28.5,NORMAL,100.0,LOW,RISING,0,NONE,Continue normal monitoring.,36.92,NORMAL
M001,2026-08-17 13:36:37,1.477,239.966,28.5,NORMAL,100.0,LOW,STABLE,0,NONE,Continue normal monitoring.,7.19,NORMAL
M001,2026-08-17 13:36:39,1.841,451.985,28.5,WARNING_SOUND,72.0,MEDIUM,FALLING,1,MECHANICAL_ABNORMALITY,Inspect mechanical components and sound sources.,58.51,UNKNOWN_ABNORMALITY
M001,2026-08-17 13:36:41,1.816,246.569,28.5,NORMAL,100.0,LOW,RISING,0,NONE,Continue normal monitoring.,16.77,NORMAL
M001,2026-08-17 13:36:43,1.757,271.236,28.5,NORMAL,100.0,LOW,STABLE,0,NONE,Continue normal monitoring.,17.75,NORMAL
M001,2026-08-17 13:36:45,1.766,296.232,28.5,WARNING_VIBRATION,72.0,MEDIUM,FALLING,1,EXCESSIVE_VIBRATION,Inspect motor and rotating components.,26.18,NORMAL
M001,2026-08-17 13:36:47,2.15,282.387,28.5,NORMAL,100.0,LOW,RISING,0,NONE,Continue normal monitoring.,37.01,NORMAL
M001,2026-08-17 13:36:49,2.225,321.899,28.5,WARNING_VIBRATION,72.0,MEDIUM,FALLING,1,EXCESSIVE_VIBRATION,Inspect motor and rotating components.,49.63,NORMAL
M001,2026-08-17 13:36:51,1.736,341.894,28.5,NORMAL,100.0,LOW,RISING,0,NONE,Continue normal monitoring.,35.35,NORMAL
M001,2026-08-17 13:36:53,1.965,270.864,28.5,WARNING_VIBRATION,72.0,MEDIUM,FALLING,1,EXCESSIVE_VIBRATION,Inspect motor and rotating components.,27.67,NORMAL
M001,2026-08-17 13:36:55,2.605,316.208,28.5,NORMAL,100.0,LOW,RISING,0,NONE,Continue normal monitoring.,58.75,UNKNOWN_ABNORMALITY
M001,2026-08-17 13:36:57,2.012,274.018,28.5,WARNING_VIBRATION,72.0,MEDIUM,FALLING,1,EXCESSIVE_VIBRATION,Inspect motor and rotating components.,29.84,NORMAL
M001,2026-08-17 13:36:59,1.944,271.953,28.5,NORMAL,100.0,LOW,RISING,0,NONE,Continue normal monitoring.,26.04,NORMAL
M001,2026-08-17 13:37:02,1.482,283.93,28.5,NORMAL,100.0,LOW,STABLE,0,NONE,Continue normal monitoring.,14.72,NORMAL
M001,2026-08-17 13:37:04,2.03,249.019,28.5,WARNING_VIBRATION,72.0,MEDIUM,FALLING,1,EXCESSIVE_VIBRATION,Inspect motor and rotating components.,26.65,NORMAL
M001,2026-08-17 13:37:06,2.787,330.016,28.5,WARNING_VIBRATION,72.0,MEDIUM,STABLE,1,EXCESSIVE_VIBRATION,Inspect motor and rotating components.,61.73,UNKNOWN_ABNORMALITY
M001,2026-08-17 13:37:08,2.114,293.575,28.5,NORMAL,100.0,LOW,RISING,0,NONE,Continue normal monitoring.,39.42,NORMAL
M001,2026-08-17 13:37:10,2.32,251.532,28.5,WARNING_VIBRATION,72.0,MEDIUM,FALLING,1,EXCESSIVE_VIBRATION,Inspect motor and rotating components.,36.85,NORMAL
M001,2026-08-17 13:37:12,2.188,307.178,28.5,NORMAL,100.0,LOW,RISING,0,NONE,Continue normal monitoring.,44.96,NORMAL
M001,2026-08-17 13:37:14,2.326,253.486,28.5,WARNING_VIBRATION,72.0,MEDIUM,FALLING,1,EXCESSIVE_VIBRATION,Inspect motor and rotating components.,37.72,NORMAL
M001,2026-08-17 13:37:16,2.049,234.821,28.5,NORMAL,100.0,LOW,RISING,0,NONE,Continue normal monitoring.,27.62,NORMAL
M001,2026-08-17 13:37:18,1.84,265.212,28.5,WARNING_SOUND,72.0,MEDIUM,FALLING,1,MECHANICAL_ABNORMALITY,Inspect mechanical components and sound sources.,19.78,NORMAL
M001,2026-08-17 13:37:20,1.397,769.56,28.5,NORMAL,100.0,LOW,RISING,0,NONE,Continue normal monitoring.,76.6,ABNORMAL_SOUND
M001,2026-08-17 13:37:22,2.012,254.722,28.5,WARNING_SOUND,72.0,MEDIUM,FALLING,1,MECHANICAL_ABNORMALITY,Inspect mechanical components and sound sources.,25.56,NORMAL
M001,2026-08-17 13:37:24,1.767,216.578,28.5,NORMAL,100.0,LOW,RISING,0,NONE,Continue normal monitoring.,20.76,NORMAL
M001,2026-08-17 13:37:27,2.166,228.134,28.5,WARNING_VIBRATION,72.0,MEDIUM,FALLING,1,EXCESSIVE_VIBRATION,Inspect motor and rotating components.,32.24,NORMAL
M001,2026-08-17 13:37:29,1.575,302.7,28.5,NORMAL,100.0,LOW,RISING,0,NONE,Continue normal monitoring.,23.19,NORMAL
M001,2026-08-17 13:37:31,1.672,300.242,28.5,NORMAL,100.0,LOW,STABLE,0,NONE,Continue normal monitoring.,24.28,NORMAL
M001,2026-08-17 13:37:33,1.651,431.988,28.5,WARNING_SOUND,72.0,MEDIUM,FALLING,1,MECHANICAL_ABNORMALITY,Inspect mechanical components and sound sources.,50.2,UNKNOWN_ABNORMALITY
M001,2026-08-17 13:37:35,1.713,467.398,28.5,NORMAL,100.0,LOW,RISING,0,NONE,Continue normal monitoring.,57.78,UNKNOWN_ABNORMALITY
M001,2026-08-17 13:37:37,1.85,376.063,28.5,WARNING_SOUND,72.0,MEDIUM,FALLING,1,MECHANICAL_ABNORMALITY,Inspect mechanical components and sound sources.,47.96,NORMAL
M001,2026-08-17 13:37:39,1.767,363.046,28.5,NORMAL,100.0,LOW,RISING,0,NONE,Continue normal monitoring.,41.29,NORMAL
M001,2026-08-17 13:37:41,1.512,440.925,28.5,WARNING_SOUND,72.0,MEDIUM,FALLING,1,MECHANICAL_ABNORMALITY,Inspect mechanical components and sound sources.,51.11,UNKNOWN_ABNORMALITY
M001,2026-08-17 13:37:43,2.094,431.632,28.5,CRITICAL_VIB_SOUND,50.0,HIGH,FALLING,1,LOOSE_COMPONENT,Inspect and secure loose components.,64.09,UNKNOWN_ABNORMALITY
M001,2026-08-17 13:37:45,1.516,626.823,28.5,NORMAL,100.0,LOW,RISING,0,NONE,Continue normal monitoring.,71.77,ABNORMAL_SOUND
M001,2026-08-17 13:37:47,2.221,528.217,28.5,CRITICAL_VIB_SOUND,50.0,HIGH,FALLING,1,LOOSE_COMPONENT,Inspect and secure loose components.,75.16,ABNORMAL_SOUND
M001,2026-08-17 13:37:49,1.415,243.272,28.5,NORMAL,100.0,LOW,RISING,0,NONE,Continue normal monitoring.,5.64,NORMAL
M001,2026-08-17 13:37:51,1.891,466.003,28.5,WARNING_SOUND,72.0,MEDIUM,FALLING,1,MECHANICAL_ABNORMALITY,Inspect mechanical components and sound sources.,63.26,UNKNOWN_ABNORMALITY
M001,2026-08-17 13:37:54,1.641,418.247,28.5,WARNING_SOUND,72.0,MEDIUM,STABLE,1,MECHANICAL_ABNORMALITY,Inspect mechanical components and sound sources.,48.22,NORMAL
M001,2026-08-17 13:37:56,1.673,404.758,28.5,NORMAL,100.0,LOW,RISING,0,NONE,Continue normal monitoring.,47.83,NORMAL
M001,2026-08-17 13:37:58,1.821,345.725,28.5,WARNING_SOUND,72.0,MEDIUM,FALLING,1,MECHANICAL_ABNORMALITY,Inspect mechanical components and sound sources.,39.94,NORMAL
M001,2026-08-17 13:38:00,0.982,214.038,28.5,NORMAL,100.0,LOW,RISING,0,NONE,Continue normal monitoring.,11.01,NORMAL
M001,2026-08-17 13:38:02,1.741,267.673,28.5,WARNING_VIBRATION,72.0,MEDIUM,FALLING,1,EXCESSIVE_VIBRATION,Inspect motor and rotating components.,16.44,NORMAL
M001,2026-08-17 13:38:04,2.01,243.779,28.5,NORMAL,100.0,LOW,RISING,0,NONE,Continue normal monitoring.,25.76,NORMAL
M001,2026-08-17 13:38:06,1.639,334.896,28.5,NORMAL,100.0,LOW,STABLE,0,NONE,Continue normal monitoring.,30.51,NORMAL
M001,2026-08-17 13:38:08,1.701,276.575,28.75,WARNING_VIBRATION,72.0,MEDIUM,FALLING,1,EXCESSIVE_VIBRATION,Inspect motor and rotating components.,19.46,NORMAL
M001,2026-08-17 13:38:10,1.595,296.814,28.5,NORMAL,100.0,LOW,RISING,0,NONE,Continue normal monitoring.,22.78,NORMAL
M001,2026-08-17 13:38:12,1.683,268.768,28.5,NORMAL,100.0,LOW,STABLE,0,NONE,Continue normal monitoring.,14.98,NORMAL
M001,2026-08-17 13:38:14,0.981,279.623,28.5,NORMAL,100.0,LOW,STABLE,0,NONE,Continue normal monitoring.,11.75,NORMAL
M001,2026-08-17 13:38:16,1.231,252.698,28.5,NORMAL,100.0,LOW,STABLE,0,NONE,Continue normal monitoring.,4.39,NORMAL
M001,2026-08-17 13:38:19,1.706,280.145,28.5,NORMAL,100.0,LOW,STABLE,0,NONE,Continue normal monitoring.,18.69,NORMAL
M001,2026-08-17 13:38:21,2.082,237.897,28.5,WARNING_VIBRATION,72.0,MEDIUM,FALLING,1,EXCESSIVE_VIBRATION,Inspect motor and rotating components.,28.87,NORMAL
M001,2026-08-17 13:38:23,2.079,359.061,28.5,WARNING_VIBRATION,72.0,MEDIUM,STABLE,1,EXCESSIVE_VIBRATION,Inspect motor and rotating components.,52.2,UNKNOWN_ABNORMALITY
M001,2026-08-17 13:38:25,1.854,521.255,28.5,NORMAL,100.0,LOW,RISING,0,NONE,Continue normal monitoring.,67.18,ABNORMAL_SOUND
M001,2026-08-17 13:38:27,1.236,476.586,28.5,WARNING_SOUND,72.0,MEDIUM,FALLING,1,MECHANICAL_ABNORMALITY,Inspect mechanical components and sound sources.,55.17,UNKNOWN_ABNORMALITY
M001,2026-08-17 13:38:29,1.24,252.636,28.5,NORMAL,100.0,LOW,RISING,0,NONE,Continue normal monitoring.,4.51,NORMAL
M001,2026-08-17 13:38:31,1.292,272.993,28.5,NORMAL,100.0,LOW,STABLE,0,NONE,Continue normal monitoring.,8.79,NORMAL
M001,2026-08-17 13:38:33,1.556,203.661,28.5,NORMAL,100.0,LOW,STABLE,0,NONE,Continue normal monitoring.,20.29,NORMAL
M001,2026-08-17 13:38:35,1.531,439.097,28.5,WARNING_SOUND,72.0,MEDIUM,FALLING,1,MECHANICAL_ABNORMALITY,Inspect mechanical components and sound sources.,51.86,UNKNOWN_ABNORMALITY
M001,2026-08-17 13:38:37,1.376,324.073,28.5,NORMAL,100.0,LOW,RISING,0,NONE,Continue normal monitoring.,25.23,NORMAL
M001,2026-08-17 13:38:39,1.276,400.412,28.75,WARNING_SOUND,72.0,MEDIUM,FALLING,1,MECHANICAL_ABNORMALITY,Inspect mechanical components and sound sources.,43.76,NORMAL
M001,2026-08-17 13:38:41,1.13,421.238,28.5,NORMAL,100.0,LOW,RISING,0,NONE,Continue normal monitoring.,45.18,NORMAL
M001,2026-08-17 13:38:43,1.669,225.268,28.5,NORMAL,100.0,LOW,STABLE,0,NONE,Continue normal monitoring.,13.57,NORMAL
M001,2026-08-17 13:38:46,1.837,669.977,28.5,WARNING_SOUND,72.0,MEDIUM,FALLING,1,MECHANICAL_ABNORMALITY,Inspect mechanical components and sound sources.,77.45,ABNORMAL_SOUND
M001,2026-08-17 13:38:48,1.599,286.909,28.5,NORMAL,100.0,LOW,RISING,0,NONE,Continue normal monitoring.,17.45,NORMAL
M001,2026-08-17 13:38:50,2.061,275.525,28.5,WARNING_VIBRATION,72.0,MEDIUM,FALLING,1,EXCESSIVE_VIBRATION,Inspect motor and rotating components.,31.47,NORMAL
M001,2026-08-17 13:38:52,1.129,245.668,28.5,NORMAL,100.0,LOW,RISING,0,NONE,Continue normal monitoring.,3.74,NORMAL
M001,2026-08-17 13:38:54,1.671,317.337,28.75,NORMAL,100.0,LOW,STABLE,0,NONE,Continue normal monitoring.,28.69,NORMAL
M001,2026-08-17 13:38:56,1.585,397.695,28.75,WARNING_SOUND,72.0,MEDIUM,FALLING,1,MECHANICAL_ABNORMALITY,Inspect mechanical components and sound sources.,46.17,NORMAL
M001,2026-08-17 13:38:58,1.395,256.626,28.5,NORMAL,100.0,LOW,RISING,0,NONE,Continue normal monitoring.,6.39,NORMAL
M001,2026-08-17 13:39:00,1.116,577.452,28.5,WARNING_SOUND,72.0,MEDIUM,FALLING,1,MECHANICAL_ABNORMALITY,Inspect mechanical components and sound sources.,66.3,ABNORMAL_SOUND
M001,2026-08-17 13:39:02,1.815,252.442,28.5,NORMAL,100.0,LOW,RISING,0,NONE,Continue normal monitoring.,17.3,NORMAL
M001,2026-08-17 13:39:04,1.273,221.681,28.5,NORMAL,100.0,LOW,STABLE,0,NONE,Continue normal monitoring.,8.53,NORMAL
M001,2026-08-17 13:39:06,1.727,227.017,28.5,NORMAL,100.0,LOW,STABLE,0,NONE,Continue normal monitoring.,14.75,NORMAL
M001,2026-08-17 13:39:08,0.878,436.263,28.5,WARNING_SOUND,72.0,MEDIUM,FALLING,1,MECHANICAL_ABNORMALITY,Inspect mechanical components and sound sources.,51.36,UNKNOWN_ABNORMALITY
M001,2026-08-17 13:39:11,1.454,614.366,28.5,WARNING_SOUND,72.0,MEDIUM,STABLE,1,MECHANICAL_ABNORMALITY,Inspect mechanical components and sound sources.,71.59,ABNORMAL_SOUND
M001,2026-08-17 13:39:13,2.197,498.294,28.5,CRITICAL_VIB_SOUND,50.0,HIGH,FALLING,1,LOOSE_COMPONENT,Inspect and secure loose components.,72.68,UNKNOWN_ABNORMALITY
M001,2026-08-17 13:39:15,1.842,838.716,28.5,WARNING_SOUND,72.0,MEDIUM,RISING,1,MECHANICAL_ABNORMALITY,Inspect mechanical components and sound sources.,80.58,ABNORMAL_SOUND
M001,2026-08-17 13:39:17,1.729,334.003,28.5,NORMAL,100.0,LOW,RISING,0,NONE,Continue normal monitoring.,33.09,NORMAL
M001,2026-08-17 13:39:19,1.352,329.155,28.5,NORMAL,100.0,LOW,STABLE,0,NONE,Continue normal monitoring.,26.43,NORMAL
M001,2026-08-17 13:39:21,1.292,550.753,28.5,WARNING_SOUND,72.0,MEDIUM,FALLING,1,MECHANICAL_ABNORMALITY,Inspect mechanical components and sound sources.,65.02,ABNORMAL_SOUND
M001,2026-08-17 13:39:23,2.135,564.916,28.75,CRITICAL_VIB_SOUND,50.0,HIGH,FALLING,1,LOOSE_COMPONENT,Inspect and secure loose components.,75.36,ABNORMAL_SOUND
M001,2026-08-17 13:39:25,2.1,270.392,28.75,NORMAL,100.0,LOW,RISING,0,NONE,Continue normal monitoring.,33.31,NORMAL
M001,2026-08-17 13:39:27,2.303,281.479,28.5,WARNING_VIBRATION,72.0,MEDIUM,FALLING,1,EXCESSIVE_VIBRATION,Inspect motor and rotating components.,41.37,NORMAL
M001,2026-08-17 13:39:29,2.159,382.6,28.5,WARNING_VIBRATION,72.0,MEDIUM,STABLE,1,EXCESSIVE_VIBRATION,Inspect motor and rotating components.,58.73,UNKNOWN_ABNORMALITY
M001,2026-08-17 13:39:31,2.462,673.533,28.5,CRITICAL_VIB_SOUND,50.0,HIGH,FALLING,1,LOOSE_COMPONENT,Inspect and secure loose components.,85.16,ABNORMAL_SOUND
M001,2026-08-17 13:39:33,2.563,263.14,28.5,CRITICAL_VIB_SOUND,50.0,HIGH,STABLE,1,LOOSE_COMPONENT,Inspect and secure loose components.,45.42,NORMAL
M001,2026-08-17 13:39:36,2.393,333.594,28.5,WARNING_VIBRATION,72.0,MEDIUM,RISING,1,EXCESSIVE_VIBRATION,Inspect motor and rotating components.,57.19,UNKNOWN_ABNORMALITY
M001,2026-08-17 13:39:38,2.315,740.284,28.5,CRITICAL_VIB_SOUND,50.0,HIGH,FALLING,1,LOOSE_COMPONENT,Inspect and secure loose components.,85.16,ABNORMAL_SOUND
M001,2026-08-17 13:39:40,2.34,454.624,28.5,CRITICAL_VIB_SOUND,50.0,HIGH,STABLE,1,LOOSE_COMPONENT,Inspect and secure loose components.,70.98,UNKNOWN_ABNORMALITY
M001,2026-08-17 13:39:42,2.147,636.119,28.5,WARNING_SOUND,72.0,MEDIUM,RISING,1,MECHANICAL_ABNORMALITY,Inspect mechanical components and sound sources.,80.18,ABNORMAL_SOUND
M001,2026-08-17 13:39:44,2.421,583.768,28.5,WARNING_VIBRATION,72.0,MEDIUM,STABLE,1,EXCESSIVE_VIBRATION,Inspect motor and rotating components.,81.29,ABNORMAL_SOUND
M001,2026-08-17 13:39:46,2.34,265.782,28.5,WARNING_VIBRATION,72.0,MEDIUM,STABLE,1,EXCESSIVE_VIBRATION,Inspect motor and rotating components.,39.02,NORMAL
M001,2026-08-17 13:39:48,2.109,768.585,28.75,CRITICAL_VIB_SOUND,50.0,HIGH,FALLING,1,LOOSE_COMPONENT,Inspect and secure loose components.,82.02,ABNORMAL_SOUND
M001,2026-08-17 13:39:50,1.939,525.83,28.5,WARNING_SOUND,72.0,MEDIUM,RISING,1,MECHANICAL_ABNORMALITY,Inspect mechanical components and sound sources.,69.04,ABNORMAL_SOUND
M001,2026-08-17 13:39:52,2.588,728.592,28.5,WARNING_SOUND,72.0,MEDIUM,STABLE,1,MECHANICAL_ABNORMALITY,Inspect mechanical components and sound sources.,87.5,ABNORMAL_SOUND
M001,2026-08-17 13:39:54,2.044,327.41,28.5,CRITICAL_VIB_SOUND,50.0,HIGH,FALLING,1,LOOSE_COMPONENT,Inspect and secure loose components.,44.33,NORMAL
M001,2026-08-17 13:39:56,1.967,279.821,28.75,NORMAL,100.0,LOW,RISING,0,NONE,Continue normal monitoring.,27.27,NORMAL
M001,2026-08-17 13:39:58,1.548,567.543,28.75,WARNING_SOUND,72.0,MEDIUM,FALLING,1,MECHANICAL_ABNORMALITY,Inspect mechanical components and sound sources.,67.8,ABNORMAL_SOUND
M001,2026-08-17 13:40:00,2.048,304.056,28.5,WARNING_VIBRATION,72.0,MEDIUM,STABLE,1,EXCESSIVE_VIBRATION,Inspect motor and rotating components.,39.71,NORMAL
M001,2026-08-17 13:40:03,1.316,533.748,28.75,WARNING_VIBRATION,72.0,MEDIUM,STABLE,1,EXCESSIVE_VIBRATION,Inspect motor and rotating components.,65.71,ABNORMAL_SOUND
M001,2026-08-17 13:40:05,1.236,587.721,28.5,WARNING_SOUND,72.0,MEDIUM,STABLE,1,MECHANICAL_ABNORMALITY,Inspect mechanical components and sound sources.,67.12,ABNORMAL_SOUND
M001,2026-08-17 13:40:07,1.773,535.048,28.75,WARNING_SOUND,72.0,MEDIUM,STABLE,1,MECHANICAL_ABNORMALITY,Inspect mechanical components and sound sources.,66.34,ABNORMAL_SOUND
M001,2026-08-17 13:40:09,1.63,423.476,28.5,NORMAL,100.0,LOW,RISING,0,NONE,Continue normal monitoring.,49.27,NORMAL
M001,2026-08-17 13:40:11,1.813,439.057,28.5,WARNING_SOUND,72.0,MEDIUM,FALLING,1,MECHANICAL_ABNORMALITY,Inspect mechanical components and sound sources.,56.79,UNKNOWN_ABNORMALITY
M001,2026-08-17 13:40:13,1.54,349.168,28.75,NORMAL,100.0,LOW,RISING,0,NONE,Continue normal monitoring.,33.6,NORMAL
M001,2026-08-17 13:40:15,1.207,390.855,28.75,WARNING_SOUND,72.0,MEDIUM,FALLING,1,MECHANICAL_ABNORMALITY,Inspect mechanical components and sound sources.,40.59,NORMAL
M001,2026-08-17 13:40:17,1.876,369.803,28.75,WARNING_SOUND,72.0,MEDIUM,STABLE,1,MECHANICAL_ABNORMALITY,Inspect mechanical components and sound sources.,45.16,NORMAL
M001,2026-08-17 13:40:19,1.755,286.517,28.75,NORMAL,100.0,LOW,RISING,0,NONE,Continue normal monitoring.,21.71,NORMAL
M001,2026-08-17 13:40:21,1.813,303.712,28.75,WARNING_SOUND,72.0,MEDIUM,FALLING,1,MECHANICAL_ABNORMALITY,Inspect mechanical components and sound sources.,28.87,NORMAL
M001,2026-08-17 13:40:23,2.126,285.3,28.75,NORMAL,100.0,LOW,RISING,0,NONE,Continue normal monitoring.,36.31,NORMAL
M001,2026-08-17 13:40:25,1.675,620.255,28.75,WARNING_SOUND,72.0,MEDIUM,FALLING,1,MECHANICAL_ABNORMALITY,Inspect mechanical components and sound sources.,73.06,ABNORMAL_SOUND
M001,2026-08-17 13:40:28,1.48,431.249,28.75,WARNING_SOUND,72.0,MEDIUM,STABLE,1,MECHANICAL_ABNORMALITY,Inspect mechanical components and sound sources.,50.07,UNKNOWN_ABNORMALITY
M001,2026-08-17 13:40:30,1.943,514.622,28.75,NORMAL,100.0,LOW,RISING,0,NONE,Continue normal monitoring.,65.76,ABNORMAL_SOUND
M001,2026-08-17 13:40:32,1.815,503.06,28.75,WARNING_SOUND,72.0,MEDIUM,FALLING,1,MECHANICAL_ABNORMALITY,Inspect mechanical components and sound sources.,62.78,ABNORMAL_SOUND
M001,2026-08-17 13:40:34,2.195,413.379,28.75,CRITICAL_VIB_SOUND,50.0,HIGH,FALLING,1,LOOSE_COMPONENT,Inspect and secure loose components.,62.06,UNKNOWN_ABNORMALITY
M001,2026-08-17 13:40:36,1.85,330.859,28.75,NORMAL,100.0,LOW,RISING,0,NONE,Continue normal monitoring.,34.81,NORMAL
M001,2026-08-17 13:40:38,2.014,413.377,28.75,CRITICAL_VIB_SOUND,50.0,HIGH,FALLING,1,LOOSE_COMPONENT,Inspect and secure loose components.,57.0,UNKNOWN_ABNORMALITY
M001,2026-08-17 13:40:40,2.171,392.883,28.75,CRITICAL_VIB_SOUND,50.0,HIGH,STABLE,1,LOOSE_COMPONENT,Inspect and secure loose components.,59.33,UNKNOWN_ABNORMALITY
M001,2026-08-17 13:40:42,2.21,577.284,28.75,CRITICAL_VIB_SOUND,50.0,HIGH,STABLE,1,LOOSE_COMPONENT,Inspect and secure loose components.,77.5,ABNORMAL_SOUND
M001,2026-08-17 13:40:44,1.637,487.115,28.75,WARNING_SOUND,72.0,MEDIUM,RISING,1,MECHANICAL_ABNORMALITY,Inspect mechanical components and sound sources.,59.54,UNKNOWN_ABNORMALITY
M001,2026-08-17 13:40:46,1.679,474.283,28.75,WARNING_SOUND,72.0,MEDIUM,STABLE,1,MECHANICAL_ABNORMALITY,Inspect mechanical components and sound sources.,57.94,UNKNOWN_ABNORMALITY
M001,2026-08-17 13:40:48,2.395,414.138,28.75,CRITICAL_VIB_SOUND,50.0,HIGH,FALLING,1,LOOSE_COMPONENT,Inspect and secure loose components.,67.35,UNKNOWN_ABNORMALITY
M001,2026-08-17 13:40:50,2.329,473.002,28.75,CRITICAL_VIB_SOUND,50.0,HIGH,STABLE,1,LOOSE_COMPONENT,Inspect and secure loose components.,71.52,UNKNOWN_ABNORMALITY
M001,2026-08-17 13:40:52,2.307,738.584,28.75,WARNING_VIBRATION,72.0,MEDIUM,RISING,1,EXCESSIVE_VIBRATION,Inspect motor and rotating components.,84.22,ABNORMAL_SOUND
M001,2026-08-17 13:40:55,1.884,637.246,28.75,WARNING_SOUND,72.0,MEDIUM,STABLE,1,MECHANICAL_ABNORMALITY,Inspect mechanical components and sound sources.,76.89,ABNORMAL_SOUND
M001,2026-08-17 13:40:57,2.633,479.656,28.75,WARNING_SOUND,72.0,MEDIUM,STABLE,1,MECHANICAL_ABNORMALITY,Inspect mechanical components and sound sources.,76.4,UNKNOWN_ABNORMALITY
M001,2026-08-17 13:40:59,2.031,478.359,28.75,CRITICAL_VIB_SOUND,50.0,HIGH,FALLING,1,LOOSE_COMPONENT,Inspect and secure loose components.,65.42,UNKNOWN_ABNORMALITY
M001,2026-08-17 13:41:01,2.055,426.053,28.75,WARNING_SOUND,72.0,MEDIUM,RISING,1,MECHANICAL_ABNORMALITY,Inspect mechanical components and sound sources.,59.52,UNKNOWN_ABNORMALITY
M001,2026-08-17 13:41:03,2.059,405.827,28.75,WARNING_SOUND,72.0,MEDIUM,STABLE,1,MECHANICAL_ABNORMALITY,Inspect mechanical components and sound sources.,57.69,UNKNOWN_ABNORMALITY
M001,2026-08-17 13:41:05,2.023,548.375,28.75,CRITICAL_VIB_SOUND,50.0,HIGH,FALLING,1,LOOSE_COMPONENT,Inspect and secure loose components.,70.92,ABNORMAL_SOUND
M001,2026-08-17 13:41:07,2.38,425.434,28.75,CRITICAL_VIB_SOUND,50.0,HIGH,STABLE,1,LOOSE_COMPONENT,Inspect and secure loose components.,67.89,UNKNOWN_ABNORMALITY
M001,2026-08-17 13:41:09,4.224,573.534,28.75,WARNING_SOUND,72.0,MEDIUM,RISING,1,MECHANICAL_ABNORMALITY,Inspect mechanical components and sound sources.,86.8,EXCESSIVE_VIBRATION
M001,2026-08-17 13:41:11,2.963,843.397,28.75,WARNING_SOUND,72.0,MEDIUM,STABLE,1,MECHANICAL_ABNORMALITY,Inspect mechanical components and sound sources.,91.61,ABNORMAL_SOUND
M001,2026-08-17 13:41:13,2.326,719.793,28.75,CRITICAL_VIB_SOUND,50.0,HIGH,FALLING,1,LOOSE_COMPONENT,Inspect and secure loose components.,84.23,ABNORMAL_SOUND
M001,2026-08-17 13:41:15,2.482,568.149,28.75,CRITICAL_VIB_SOUND,50.0,HIGH,STABLE,1,LOOSE_COMPONENT,Inspect and secure loose components.,80.09,ABNORMAL_SOUND
M001,2026-08-17 14:24:26,1.78,227.357,28.75,NORMAL,100.0,LOW,RISING,0,NONE,Continue normal monitoring.,16.08,NORMAL
M001,2026-08-17 14:24:28,1.528,234.072,28.75,NORMAL,100.0,LOW,STABLE,0,NONE,Continue normal monitoring.,10.44,NORMAL
M001,2026-08-17 14:24:30,1.699,228.389,28.75,NORMAL,100.0,LOW,STABLE,0,NONE,Continue normal monitoring.,15.16,NORMAL
M001,2026-08-17 14:24:32,1.52,259.738,28.75,NORMAL,100.0,LOW,STABLE,0,NONE,Continue normal monitoring.,11.58,NORMAL
M001,2026-08-17 14:24:34,1.531,254.613,28.75,NORMAL,100.0,LOW,STABLE,0,NONE,Continue normal monitoring.,10.42,NORMAL
M001,2026-08-17 14:24:36,1.387,241.48,28.75,NORMAL,100.0,LOW,STABLE,0,NONE,Continue normal monitoring.,10.85,NORMAL
M001,2026-08-17 14:24:38,1.796,250.552,28.75,NORMAL,100.0,LOW,STABLE,0,NONE,Continue normal monitoring.,14.51,NORMAL
M001,2026-08-17 14:24:40,1.21,208.469,28.75,NORMAL,100.0,LOW,STABLE,0,NONE,Continue normal monitoring.,17.8,NORMAL
M001,2026-08-17 14:24:42,1.934,241.976,28.75,WARNING_VIBRATION,72.0,MEDIUM,FALLING,1,EXCESSIVE_VIBRATION,Inspect motor and rotating components.,18.51,NORMAL
M001,2026-08-17 14:24:44,0.847,247.676,28.75,NORMAL,100.0,LOW,RISING,0,NONE,Continue normal monitoring.,10.27,NORMAL
M001,2026-08-17 14:24:46,1.464,261.727,28.75,NORMAL,100.0,LOW,STABLE,0,NONE,Continue normal monitoring.,12.98,NORMAL
M001,2026-08-17 14:24:48,1.872,262.456,28.75,NORMAL,100.0,LOW,STABLE,0,NONE,Continue normal monitoring.,20.35,NORMAL
M001,2026-08-17 14:24:51,1.928,196.24,28.75,WARNING_VIBRATION,72.0,MEDIUM,FALLING,1,EXCESSIVE_VIBRATION,Inspect motor and rotating components.,30.96,NORMAL
M001,2026-08-17 14:24:53,1.905,284.72,28.75,NORMAL,100.0,LOW,RISING,0,NONE,Continue normal monitoring.,24.92,NORMAL
M001,2026-08-17 14:24:55,3.004,239.264,28.75,WARNING_VIBRATION,72.0,MEDIUM,FALLING,1,EXCESSIVE_VIBRATION,Inspect motor and rotating components.,50.96,EXCESSIVE_VIBRATION
M001,2026-08-17 14:24:57,1.983,205.548,29.5,NORMAL,100.0,LOW,RISING,0,NONE,Continue normal monitoring.,40.63,NORMAL
M001,2026-08-17 14:24:59,2.358,228.435,30.25,WARNING_VIBRATION,72.0,MEDIUM,FALLING,1,EXCESSIVE_VIBRATION,Inspect motor and rotating components.,55.15,UNKNOWN_ABNORMALITY
M001,2026-08-17 14:25:01,2.025,242.786,30.75,NORMAL,100.0,LOW,RISING,0,NONE,Continue normal monitoring.,54.2,UNKNOWN_ABNORMALITY
M001,2026-08-17 14:25:03,1.261,221.452,31.25,NORMAL,100.0,LOW,STABLE,0,NONE,Continue normal monitoring.,51.25,UNKNOWN_ABNORMALITY
M001,2026-08-17 14:25:05,1.744,244.094,31.25,NORMAL,100.0,LOW,STABLE,0,NONE,Continue normal monitoring.,54.39,UNKNOWN_ABNORMALITY
M001,2026-08-17 14:25:07,0.955,236.648,31.25,NORMAL,100.0,LOW,STABLE,0,NONE,Continue normal monitoring.,46.9,NORMAL
M001,2026-08-17 14:25:09,1.705,258.102,31.25,NORMAL,100.0,LOW,STABLE,0,NONE,Continue normal monitoring.,55.15,UNKNOWN_ABNORMALITY
M001,2026-08-17 14:25:11,1.004,250.254,31.25,NORMAL,100.0,LOW,STABLE,0,NONE,Continue normal monitoring.,47.97,NORMAL
M001,2026-08-17 14:25:13,1.512,249.274,31.0,NORMAL,100.0,LOW,STABLE,0,NONE,Continue normal monitoring.,48.08,NORMAL
M001,2026-08-17 14:25:15,1.392,225.862,31.0,NORMAL,100.0,LOW,STABLE,0,NONE,Continue normal monitoring.,47.85,NORMAL
M001,2026-08-17 14:25:18,1.741,247.056,31.0,WARNING_VIBRATION,72.0,MEDIUM,FALLING,1,EXCESSIVE_VIBRATION,Inspect motor and rotating components.,52.55,UNKNOWN_ABNORMALITY
M001,2026-08-17 14:25:20,1.782,234.003,31.0,NORMAL,100.0,LOW,RISING,0,NONE,Continue normal monitoring.,52.08,UNKNOWN_ABNORMALITY
M001,2026-08-17 14:25:22,1.496,253.514,30.75,NORMAL,100.0,LOW,STABLE,0,NONE,Continue normal monitoring.,46.94,NORMAL
M001,2026-08-17 14:25:24,1.111,254.274,30.75,NORMAL,100.0,LOW,STABLE,0,NONE,Continue normal monitoring.,45.3,NORMAL
M001,2026-08-17 14:25:26,1.554,218.484,30.75,NORMAL,100.0,LOW,STABLE,0,NONE,Continue normal monitoring.,50.7,UNKNOWN_ABNORMALITY
M001,2026-08-17 14:25:28,1.702,185.84,30.5,WARNING_VIBRATION,72.0,MEDIUM,FALLING,1,EXCESSIVE_VIBRATION,Inspect motor and rotating components.,59.22,UNKNOWN_ABNORMALITY
M001,2026-08-17 14:25:30,1.972,245.164,30.5,NORMAL,100.0,LOW,RISING,0,NONE,Continue normal monitoring.,47.91,NORMAL
M001,2026-08-17 14:25:32,1.678,243.27,30.5,WARNING_VIBRATION,72.0,MEDIUM,FALLING,1,EXCESSIVE_VIBRATION,Inspect motor and rotating components.,44.73,NORMAL
M001,2026-08-17 14:25:34,1.635,252.874,30.5,NORMAL,100.0,LOW,RISING,0,NONE,Continue normal monitoring.,45.78,NORMAL
M001,2026-08-17 14:25:36,1.707,243.03,30.5,NORMAL,100.0,LOW,STABLE,0,NONE,Continue normal monitoring.,45.35,NORMAL
M001,2026-08-17 14:25:38,1.511,241.219,30.25,NORMAL,100.0,LOW,STABLE,0,NONE,Continue normal monitoring.,34.84,NORMAL
M001,2026-08-17 14:25:40,0.144,246.844,30.25,NORMAL,100.0,LOW,STABLE,0,NONE,Continue normal monitoring.,35.66,NORMAL
M001,2026-08-17 14:25:43,1.039,253.131,30.25,NORMAL,100.0,LOW,STABLE,0,NONE,Continue normal monitoring.,33.96,NORMAL
M001,2026-08-17 14:25:45,1.21,207.418,30.25,NORMAL,100.0,LOW,STABLE,0,NONE,Continue normal monitoring.,44.1,NORMAL
M001,2026-08-17 14:25:47,0.737,237.877,30.25,WARNING_VIBRATION,72.0,MEDIUM,FALLING,1,EXCESSIVE_VIBRATION,Inspect motor and rotating components.,33.5,NORMAL
M001,2026-08-17 14:25:49,1.553,215.88,30.25,NORMAL,100.0,LOW,RISING,0,NONE,Continue normal monitoring.,41.05,NORMAL
M001,2026-08-17 14:25:51,1.462,238.243,30.0,NORMAL,100.0,LOW,STABLE,0,NONE,Continue normal monitoring.,30.3,NORMAL
M001,2026-08-17 14:25:53,1.319,227.57,30.0,WARNING_VIBRATION,72.0,MEDIUM,FALLING,1,EXCESSIVE_VIBRATION,Inspect motor and rotating components.,30.69,NORMAL
M001,2026-08-17 14:25:55,1.876,261.949,30.0,NORMAL,100.0,LOW,RISING,0,NONE,Continue normal monitoring.,36.76,NORMAL
M001,2026-08-17 14:25:57,1.325,249.185,30.0,NORMAL,100.0,LOW,STABLE,0,NONE,Continue normal monitoring.,28.49,NORMAL
M001,2026-08-17 14:25:59,1.403,247.219,30.0,NORMAL,100.0,LOW,STABLE,0,NONE,Continue normal monitoring.,29.12,NORMAL
M001,2026-08-17 14:26:01,1.632,271.418,30.0,WARNING_SOUND,72.0,MEDIUM,FALLING,1,MECHANICAL_ABNORMALITY,Inspect mechanical components and sound sources.,35.99,NORMAL
M001,2026-08-17 14:26:03,1.149,235.831,29.75,NORMAL,100.0,LOW,RISING,0,NONE,Continue normal monitoring.,23.43,NORMAL
M001,2026-08-17 14:26:05,0.981,217.246,29.75,NORMAL,100.0,LOW,STABLE,0,NONE,Continue normal monitoring.,29.45,NORMAL
M001,2026-08-17 14:26:07,1.099,226.303,29.75,NORMAL,100.0,LOW,STABLE,0,NONE,Continue normal monitoring.,25.31,NORMAL
M001,2026-08-17 14:26:10,1.353,271.758,29.75,NORMAL,100.0,LOW,STABLE,0,NONE,Continue normal monitoring.,27.38,NORMAL
M001,2026-08-17 14:26:12,0.931,209.195,29.75,NORMAL,100.0,LOW,STABLE,0,NONE,Continue normal monitoring.,32.43,NORMAL
M001,2026-08-17 14:26:14,1.663,234.935,29.75,NORMAL,100.0,LOW,STABLE,0,NONE,Continue normal monitoring.,29.61,NORMAL
M001,2026-08-17 14:26:16,1.499,229.627,29.75,NORMAL,100.0,LOW,STABLE,0,NONE,Continue normal monitoring.,27.13,NORMAL
M001,2026-08-17 14:26:18,1.909,263.467,29.75,WARNING_VIBRATION,72.0,MEDIUM,FALLING,1,EXCESSIVE_VIBRATION,Inspect motor and rotating components.,34.55,NORMAL
M001,2026-08-17 14:26:20,1.814,247.563,29.75,NORMAL,100.0,LOW,RISING,0,NONE,Continue normal monitoring.,30.09,NORMAL
M001,2026-08-17 14:26:22,1.33,250.227,29.5,NORMAL,100.0,LOW,STABLE,0,NONE,Continue normal monitoring.,16.52,NORMAL
M001,2026-08-17 14:26:24,1.66,221.425,29.5,NORMAL,100.0,LOW,STABLE,0,NONE,Continue normal monitoring.,25.4,NORMAL
M001,2026-08-17 14:26:26,1.755,257.75,29.5,WARNING_VIBRATION,72.0,MEDIUM,FALLING,1,EXCESSIVE_VIBRATION,Inspect motor and rotating components.,23.31,NORMAL
M001,2026-08-17 14:26:28,1.343,237.781,29.5,NORMAL,100.0,LOW,RISING,0,NONE,Continue normal monitoring.,16.92,NORMAL
M001,2026-08-17 14:26:30,1.804,232.888,29.5,NORMAL,100.0,LOW,STABLE,0,NONE,Continue normal monitoring.,24.03,NORMAL
M001,2026-08-17 14:26:32,1.584,263.413,29.5,NORMAL,100.0,LOW,STABLE,0,NONE,Continue normal monitoring.,21.48,NORMAL
M001,2026-08-17 14:26:35,1.644,272.693,29.5,NORMAL,100.0,LOW,STABLE,0,NONE,Continue normal monitoring.,23.46,NORMAL
M001,2026-08-17 14:26:37,1.458,245.144,29.5,NORMAL,100.0,LOW,STABLE,0,NONE,Continue normal monitoring.,17.16,NORMAL
M001,2026-08-17 14:26:39,1.334,228.265,29.5,NORMAL,100.0,LOW,STABLE,0,NONE,Continue normal monitoring.,17.96,NORMAL
M001,2026-08-17 14:26:41,1.14,217.337,29.5,WARNING_VIBRATION,72.0,MEDIUM,FALLING,1,EXCESSIVE_VIBRATION,Inspect motor and rotating components.,22.29,NORMAL
M001,2026-08-17 14:26:43,1.435,244.914,29.25,NORMAL,100.0,LOW,RISING,0,NONE,Continue normal monitoring.,6.71,NORMAL
M001,2026-08-17 14:26:45,1.559,286.689,29.25,NORMAL,100.0,LOW,STABLE,0,NONE,Continue normal monitoring.,15.98,NORMAL
M001,2026-08-17 14:26:47,1.328,249.562,29.25,WARNING_VIBRATION,72.0,MEDIUM,FALLING,1,EXCESSIVE_VIBRATION,Inspect motor and rotating components.,6.75,NORMAL
M001,2026-08-17 14:26:49,1.604,232.489,29.25,NORMAL,100.0,LOW,RISING,0,NONE,Continue normal monitoring.,9.6,NORMAL
M001,2026-08-17 14:26:51,1.757,215.746,29.25,NORMAL,100.0,LOW,STABLE,0,NONE,Continue normal monitoring.,16.86,NORMAL
M001,2026-08-17 14:26:53,0.832,235.766,29.25,NORMAL,100.0,LOW,STABLE,0,NONE,Continue normal monitoring.,7.18,NORMAL
M001,2026-08-17 14:26:55,1.532,219.698,29.25,NORMAL,100.0,LOW,STABLE,0,NONE,Continue normal monitoring.,12.55,NORMAL
M001,2026-08-17 14:26:57,1.347,212.084,29.25,NORMAL,100.0,LOW,STABLE,0,NONE,Continue normal monitoring.,14.6,NORMAL
M001,2026-08-17 14:26:59,1.562,243.629,29.25,NORMAL,100.0,LOW,STABLE,0,NONE,Continue normal monitoring.,7.73,NORMAL
M001,2026-08-17 14:27:02,1.963,266.953,29.25,WARNING_VIBRATION,72.0,MEDIUM,FALLING,1,EXCESSIVE_VIBRATION,Inspect motor and rotating components.,21.2,NORMAL
M001,2026-08-17 14:27:04,1.531,213.554,29.25,NORMAL,100.0,LOW,RISING,0,NONE,Continue normal monitoring.,15.39,NORMAL
M001,2026-08-17 14:27:06,1.96,250.675,29.25,NORMAL,100.0,LOW,STABLE,0,NONE,Continue normal monitoring.,17.35,NORMAL
M001,2026-08-17 14:27:08,1.539,226.997,29.25,WARNING_VIBRATION,72.0,MEDIUM,FALLING,1,EXCESSIVE_VIBRATION,Inspect motor and rotating components.,10.24,NORMAL
M001,2026-08-17 14:27:10,1.806,238.863,29.25,NORMAL,100.0,LOW,RISING,0,NONE,Continue normal monitoring.,11.55,NORMAL
M001,2026-08-17 14:27:12,1.363,223.496,29.25,NORMAL,100.0,LOW,STABLE,0,NONE,Continue normal monitoring.,10.8,NORMAL
M001,2026-08-17 14:27:14,1.388,210.153,29.25,NORMAL,100.0,LOW,STABLE,0,NONE,Continue normal monitoring.,15.66,NORMAL
M001,2026-08-17 14:27:16,1.495,241.392,29.25,NORMAL,100.0,LOW,STABLE,0,NONE,Continue normal monitoring.,7.44,NORMAL
M001,2026-08-17 14:27:18,2.117,224.896,29.25,WARNING_VIBRATION,72.0,MEDIUM,FALLING,1,EXCESSIVE_VIBRATION,Inspect motor and rotating components.,28.32,NORMAL
M001,2026-08-17 14:27:20,1.908,228.272,29.25,NORMAL,100.0,LOW,RISING,0,NONE,Continue normal monitoring.,16.65,NORMAL
M001,2026-08-17 14:27:22,1.666,303.699,29.0,NORMAL,100.0,LOW,STABLE,0,NONE,Continue normal monitoring.,24.73,NORMAL
M001,2026-08-17 14:27:24,1.57,231.653,29.0,NORMAL,100.0,LOW,STABLE,0,NONE,Continue normal monitoring.,9.89,NORMAL
M001,2026-08-17 14:27:27,1.98,229.656,29.25,WARNING_VIBRATION,72.0,MEDIUM,FALLING,1,EXCESSIVE_VIBRATION,Inspect motor and rotating components.,19.8,NORMAL
M001,2026-08-17 14:27:29,1.721,194.288,29.0,NORMAL,100.0,LOW,RISING,0,NONE,Continue normal monitoring.,27.74,NORMAL
M001,2026-08-17 14:27:31,1.167,207.475,29.0,NORMAL,100.0,LOW,STABLE,0,NONE,Continue normal monitoring.,17.12,NORMAL
M001,2026-08-17 14:27:33,1.516,224.227,29.0,NORMAL,100.0,LOW,STABLE,0,NONE,Continue normal monitoring.,11.11,NORMAL
M001,2026-08-17 14:27:35,1.54,288.714,29.0,NORMAL,100.0,LOW,STABLE,0,NONE,Continue normal monitoring.,17.75,NORMAL
M001,2026-08-17 14:27:37,1.702,261.834,29.0,NORMAL,100.0,LOW,STABLE,0,NONE,Continue normal monitoring.,12.36,NORMAL
M001,2026-08-17 14:27:39,1.212,255.117,29.0,NORMAL,100.0,LOW,STABLE,0,NONE,Continue normal monitoring.,9.19,NORMAL
M001,2026-08-17 14:27:41,1.383,217.849,29.0,NORMAL,100.0,LOW,STABLE,0,NONE,Continue normal monitoring.,13.74,NORMAL
M001,2026-08-17 14:27:43,2.063,248.212,29.0,WARNING_VIBRATION,72.0,MEDIUM,FALLING,1,EXCESSIVE_VIBRATION,Inspect motor and rotating components.,18.53,NORMAL
M001,2026-08-17 14:27:45,1.661,226.844,29.0,NORMAL,100.0,LOW,RISING,0,NONE,Continue normal monitoring.,12.81,NORMAL
M001,2026-08-17 14:27:47,1.549,254.684,29.0,NORMAL,100.0,LOW,STABLE,0,NONE,Continue normal monitoring.,8.64,NORMAL
M001,2026-08-17 14:27:49,1.113,254.077,29.0,NORMAL,100.0,LOW,STABLE,0,NONE,Continue normal monitoring.,9.02,NORMAL
M001,2026-08-17 14:27:51,1.397,255.219,29.0,WARNING_VIBRATION,72.0,MEDIUM,FALLING,1,EXCESSIVE_VIBRATION,Inspect motor and rotating components.,9.91,NORMAL
M001,2026-08-17 14:27:54,1.528,263.13,29.0,NORMAL,100.0,LOW,RISING,0,NONE,Continue normal monitoring.,10.87,NORMAL
M001,2026-08-17 14:27:56,1.62,297.826,29.0,WARNING_VIBRATION,72.0,MEDIUM,FALLING,1,EXCESSIVE_VIBRATION,Inspect motor and rotating components.,22.55,NORMAL
M001,2026-08-17 14:27:58,1.393,214.135,29.0,NORMAL,100.0,LOW,RISING,0,NONE,Continue normal monitoring.,14.98,NORMAL
M001,2026-08-17 14:28:00,0.909,235.498,29.0,NORMAL,100.0,LOW,STABLE,0,NONE,Continue normal monitoring.,9.58,NORMAL
M001,2026-08-17 14:28:02,2.142,224.084,29.0,WARNING_VIBRATION,72.0,MEDIUM,FALLING,1,EXCESSIVE_VIBRATION,Inspect motor and rotating components.,26.54,NORMAL
M001,2026-08-17 14:28:04,1.553,233.697,29.0,NORMAL,100.0,LOW,RISING,0,NONE,Continue normal monitoring.,8.84,NORMAL
M001,2026-08-17 14:28:06,1.493,283.116,29.0,NORMAL,100.0,LOW,STABLE,0,NONE,Continue normal monitoring.,16.18,NORMAL
M001,2026-08-17 14:28:08,1.482,271.437,29.0,NORMAL,100.0,LOW,STABLE,0,NONE,Continue normal monitoring.,12.96,NORMAL
M001,2026-08-17 14:28:10,1.842,264.538,29.0,NORMAL,100.0,LOW,STABLE,0,NONE,Continue normal monitoring.,15.16,NORMAL
M001,2026-08-17 14:28:12,0.687,228.41,29.0,NORMAL,100.0,LOW,STABLE,0,NONE,Continue normal monitoring.,13.57,NORMAL
M001,2026-08-17 14:28:14,2.352,250.287,29.0,WARNING_VIBRATION,72.0,MEDIUM,FALLING,1,EXCESSIVE_VIBRATION,Inspect motor and rotating components.,31.76,NORMAL
M001,2026-08-17 14:28:16,1.49,237.283,29.0,NORMAL,100.0,LOW,RISING,0,NONE,Continue normal monitoring.,8.9,NORMAL
M001,2026-08-17 14:28:19,1.836,231.875,29.0,NORMAL,100.0,LOW,STABLE,0,NONE,Continue normal monitoring.,12.8,NORMAL
M001,2026-08-17 14:28:21,1.854,235.962,28.75,WARNING_VIBRATION,72.0,MEDIUM,FALLING,1,EXCESSIVE_VIBRATION,Inspect motor and rotating components.,17.45,NORMAL
M001,2026-08-17 14:28:23,1.936,250.185,29.0,NORMAL,100.0,LOW,RISING,0,NONE,Continue normal monitoring.,13.04,NORMAL
M001,2026-08-17 14:28:25,1.375,228.324,29.0,NORMAL,100.0,LOW,STABLE,0,NONE,Continue normal monitoring.,10.47,NORMAL
M001,2026-08-17 14:28:27,1.625,223.986,29.0,NORMAL,100.0,LOW,STABLE,0,NONE,Continue normal monitoring.,13.58,NORMAL
M001,2026-08-17 14:28:29,1.851,230.801,29.0,NORMAL,100.0,LOW,STABLE,0,NONE,Continue normal monitoring.,13.69,NORMAL
M001,2026-08-17 14:28:31,1.664,262.758,29.0,WARNING_VIBRATION,72.0,MEDIUM,FALLING,1,EXCESSIVE_VIBRATION,Inspect motor and rotating components.,12.64,NORMAL
M001,2026-08-17 14:28:33,1.837,207.539,28.75,NORMAL,100.0,LOW,RISING,0,NONE,Continue normal monitoring.,24.39,NORMAL
M001,2026-08-17 14:28:35,1.898,284.109,29.0,NORMAL,100.0,LOW,STABLE,0,NONE,Continue normal monitoring.,20.58,NORMAL
M001,2026-08-17 14:28:37,1.824,239.568,28.75,NORMAL,100.0,LOW,STABLE,0,NONE,Continue normal monitoring.,15.84,NORMAL
M001,2026-08-17 14:28:39,1.616,250.888,29.0,NORMAL,100.0,LOW,STABLE,0,NONE,Continue normal monitoring.,10.04,NORMAL
M001,2026-08-17 14:28:41,1.443,251.472,28.75,NORMAL,100.0,LOW,STABLE,0,NONE,Continue normal monitoring.,9.74,NORMAL
M001,2026-08-17 14:28:44,1.879,260.458,28.75,WARNING_VIBRATION,72.0,MEDIUM,FALLING,1,EXCESSIVE_VIBRATION,Inspect motor and rotating components.,18.86,NORMAL
M001,2026-08-17 14:28:46,2.061,196.541,28.75,WARNING_VIBRATION,72.0,MEDIUM,STABLE,1,EXCESSIVE_VIBRATION,Inspect motor and rotating components.,36.63,NORMAL
M001,2026-08-17 14:28:48,1.677,228.791,28.75,NORMAL,100.0,LOW,RISING,0,NONE,Continue normal monitoring.,14.45,NORMAL
M001,2026-08-17 14:28:50,1.48,233.756,28.75,NORMAL,100.0,LOW,STABLE,0,NONE,Continue normal monitoring.,10.96,NORMAL
M001,2026-08-17 14:28:52,1.882,229.464,28.75,WARNING_VIBRATION,72.0,MEDIUM,FALLING,1,EXCESSIVE_VIBRATION,Inspect motor and rotating components.,17.93,NORMAL
M001,2026-08-17 14:28:54,1.649,239.921,28.75,NORMAL,100.0,LOW,RISING,0,NONE,Continue normal monitoring.,12.28,NORMAL
M001,2026-08-17 14:28:56,1.484,249.108,28.75,NORMAL,100.0,LOW,STABLE,0,NONE,Continue normal monitoring.,9.82,NORMAL
M001,2026-08-17 14:28:58,1.585,269.499,28.75,NORMAL,100.0,LOW,STABLE,0,NONE,Continue normal monitoring.,16.25,NORMAL
M001,2026-08-17 14:29:00,1.689,283.589,28.75,NORMAL,100.0,LOW,STABLE,0,NONE,Continue normal monitoring.,19.9,NORMAL
M001,2026-08-17 14:29:02,1.721,282.62,28.75,NORMAL,100.0,LOW,STABLE,0,NONE,Continue normal monitoring.,20.49,NORMAL
M001,2026-08-17 14:29:04,1.833,307.5,28.75,WARNING_VIBRATION,72.0,MEDIUM,FALLING,1,EXCESSIVE_VIBRATION,Inspect motor and rotating components.,29.94,NORMAL
M001,2026-08-17 14:29:06,2.023,231.068,28.75,NORMAL,100.0,LOW,RISING,0,NONE,Continue normal monitoring.,23.8,NORMAL
M001,2026-08-17 14:29:08,1.779,248.52,28.75,NORMAL,100.0,LOW,STABLE,0,NONE,Continue normal monitoring.,14.09,NORMAL
M001,2026-08-17 14:29:11,1.776,279.312,28.75,WARNING_VIBRATION,72.0,MEDIUM,FALLING,1,EXCESSIVE_VIBRATION,Inspect motor and rotating components.,21.2,NORMAL
M001,2026-08-17 14:29:13,1.665,287.414,28.75,NORMAL,100.0,LOW,RISING,0,NONE,Continue normal monitoring.,20.29,NORMAL
M001,2026-08-17 14:29:15,1.67,262.958,28.75,WARNING_VIBRATION,72.0,MEDIUM,FALLING,1,EXCESSIVE_VIBRATION,Inspect motor and rotating components.,15.23,NORMAL
M001,2026-08-17 14:29:17,1.779,263.607,28.75,NORMAL,100.0,LOW,RISING,0,NONE,Continue normal monitoring.,16.89,NORMAL
M001,2026-08-17 14:29:19,1.504,296.766,28.75,NORMAL,100.0,LOW,STABLE,0,NONE,Continue normal monitoring.,22.84,NORMAL
M001,2026-08-17 14:29:21,1.924,225.007,28.75,NORMAL,100.0,LOW,STABLE,0,NONE,Continue normal monitoring.,20.21,NORMAL
M001,2026-08-17 14:29:23,1.951,268.059,28.75,NORMAL,100.0,LOW,STABLE,0,NONE,Continue normal monitoring.,24.58,NORMAL
M001,2026-08-17 14:29:25,1.619,232.475,28.75,NORMAL,100.0,LOW,STABLE,0,NONE,Continue normal monitoring.,12.02,NORMAL
M001,2026-08-17 14:29:27,1.772,285.351,28.75,WARNING_VIBRATION,72.0,MEDIUM,FALLING,1,EXCESSIVE_VIBRATION,Inspect motor and rotating components.,21.77,NORMAL
M001,2026-08-17 14:29:29,2.242,237.501,28.75,NORMAL,100.0,LOW,RISING,0,NONE,Continue normal monitoring.,32.06,NORMAL
M001,2026-08-17 14:29:31,1.795,234.004,28.75,NORMAL,100.0,LOW,STABLE,0,NONE,Continue normal monitoring.,15.21,NORMAL
M001,2026-08-17 14:29:33,2.114,236.46,28.75,WARNING_VIBRATION,72.0,MEDIUM,FALLING,1,EXCESSIVE_VIBRATION,Inspect motor and rotating components.,28.84,NORMAL
M001,2026-08-17 14:29:36,1.588,350.106,28.75,NORMAL,100.0,LOW,RISING,0,NONE,Continue normal monitoring.,34.79,NORMAL
M001,2026-08-17 14:29:38,1.787,333.986,28.75,NORMAL,100.0,LOW,STABLE,0,NONE,Continue normal monitoring.,33.03,NORMAL
M001,2026-08-17 14:29:40,1.702,284.295,28.75,WARNING_VIBRATION,72.0,MEDIUM,FALLING,1,EXCESSIVE_VIBRATION,Inspect motor and rotating components.,20.49,NORMAL
M001,2026-08-17 14:29:42,1.668,275.105,28.75,NORMAL,100.0,LOW,RISING,0,NONE,Continue normal monitoring.,18.34,NORMAL
M001,2026-08-17 14:29:44,1.853,366.031,28.75,WARNING_SOUND,72.0,MEDIUM,FALLING,1,MECHANICAL_ABNORMALITY,Inspect mechanical components and sound sources.,44.05,NORMAL
M001,2026-08-17 14:29:46,1.516,356.355,28.75,NORMAL,100.0,LOW,RISING,0,NONE,Continue normal monitoring.,34.37,NORMAL
M001,2026-08-17 14:29:48,1.943,268.843,28.75,NORMAL,100.0,LOW,STABLE,0,NONE,Continue normal monitoring.,24.07,NORMAL
M001,2026-08-17 14:29:50,2.071,251.337,28.75,WARNING_VIBRATION,72.0,MEDIUM,FALLING,1,EXCESSIVE_VIBRATION,Inspect motor and rotating components.,24.31,NORMAL
M001,2026-08-17 14:29:52,1.776,238.773,28.75,NORMAL,100.0,LOW,RISING,0,NONE,Continue normal monitoring.,14.73,NORMAL
M001,2026-08-17 14:29:54,2.273,210.46,28.75,WARNING_VIBRATION,72.0,MEDIUM,FALLING,1,EXCESSIVE_VIBRATION,Inspect motor and rotating components.,39.32,NORMAL
M001,2026-08-17 14:29:56,2.292,255.472,28.75,NORMAL,100.0,LOW,RISING,0,NONE,Continue normal monitoring.,34.42,NORMAL
M001,2026-08-17 14:29:58,1.979,248.708,28.75,WARNING_VIBRATION,72.0,MEDIUM,FALLING,1,EXCESSIVE_VIBRATION,Inspect motor and rotating components.,20.96,NORMAL
M001,2026-08-17 14:30:00,1.694,264.436,28.75,NORMAL,100.0,LOW,RISING,0,NONE,Continue normal monitoring.,16.78,NORMAL
M001,2026-08-17 14:30:03,2.061,221.665,28.75,WARNING_VIBRATION,72.0,MEDIUM,FALLING,1,EXCESSIVE_VIBRATION,Inspect motor and rotating components.,28.16,NORMAL
M001,2026-08-17 14:30:05,1.879,232.466,28.75,NORMAL,100.0,LOW,RISING,0,NONE,Continue normal monitoring.,17.75,NORMAL
M001,2026-08-17 14:30:07,1.696,273.134,28.75,NORMAL,100.0,LOW,STABLE,0,NONE,Continue normal monitoring.,18.63,NORMAL
M001,2026-08-17 14:30:09,1.562,272.07,28.75,NORMAL,100.0,LOW,STABLE,0,NONE,Continue normal monitoring.,15.39,NORMAL
M001,2026-08-17 14:30:11,1.731,232.141,28.75,NORMAL,100.0,LOW,STABLE,0,NONE,Continue normal monitoring.,13.9,NORMAL
M001,2026-08-17 14:30:13,1.822,248.273,28.75,NORMAL,100.0,LOW,STABLE,0,NONE,Continue normal monitoring.,15.16,NORMAL
M001,2026-08-17 14:30:15,1.789,306.136,28.75,NORMAL,100.0,LOW,STABLE,0,NONE,Continue normal monitoring.,28.19,NORMAL
M001,2026-08-17 14:30:17,2.026,250.103,28.75,WARNING_VIBRATION,72.0,MEDIUM,FALLING,1,EXCESSIVE_VIBRATION,Inspect motor and rotating components.,23.11,NORMAL
M001,2026-08-17 14:30:19,1.894,306.546,28.75,NORMAL,100.0,LOW,RISING,0,NONE,Continue normal monitoring.,31.85,NORMAL
M001,2026-08-17 14:30:21,1.681,351.416,28.75,WARNING_VIBRATION,72.0,MEDIUM,FALLING,1,EXCESSIVE_VIBRATION,Inspect motor and rotating components.,35.87,NORMAL
M001,2026-08-17 14:30:23,1.891,292.459,28.75,NORMAL,100.0,LOW,RISING,0,NONE,Continue normal monitoring.,26.61,NORMAL
M001,2026-08-17 14:30:25,1.751,240.771,28.75,WARNING_VIBRATION,72.0,MEDIUM,FALLING,1,EXCESSIVE_VIBRATION,Inspect motor and rotating components.,13.97,NORMAL
M001,2026-08-17 14:30:28,1.679,227.817,28.75,NORMAL,100.0,LOW,RISING,0,NONE,Continue normal monitoring.,15.13,NORMAL
M001,2026-08-17 14:30:30,1.743,266.043,28.75,NORMAL,100.0,LOW,STABLE,0,NONE,Continue normal monitoring.,17.72,NORMAL
M001,2026-08-17 14:30:32,1.798,263.254,28.75,NORMAL,100.0,LOW,STABLE,0,NONE,Continue normal monitoring.,17.16,NORMAL
M001,2026-08-17 14:30:34,1.609,363.827,28.75,WARNING_VIBRATION,72.0,MEDIUM,FALLING,1,EXCESSIVE_VIBRATION,Inspect motor and rotating components.,38.69,NORMAL
M001,2026-08-17 14:30:36,1.71,264.17,28.75,NORMAL,100.0,LOW,RISING,0,NONE,Continue normal monitoring.,16.91,NORMAL
M001,2026-08-17 14:30:38,1.71,272.337,28.75,NORMAL,100.0,LOW,STABLE,0,NONE,Continue normal monitoring.,18.92,NORMAL
M001,2026-08-17 14:30:40,2.109,259.141,28.75,WARNING_VIBRATION,72.0,MEDIUM,FALLING,1,EXCESSIVE_VIBRATION,Inspect motor and rotating components.,28.68,NORMAL
M001,2026-08-17 14:30:42,1.429,250.195,28.75,NORMAL,100.0,LOW,RISING,0,NONE,Continue normal monitoring.,9.69,NORMAL
M001,2026-08-17 14:30:44,1.684,242.945,28.75,NORMAL,100.0,LOW,STABLE,0,NONE,Continue normal monitoring.,12.89,NORMAL
M001,2026-08-17 14:30:46,1.967,252.379,28.75,NORMAL,100.0,LOW,STABLE,0,NONE,Continue normal monitoring.,20.22,NORMAL
M001,2026-08-17 14:30:48,1.782,270.248,28.75,WARNING_VIBRATION,72.0,MEDIUM,FALLING,1,EXCESSIVE_VIBRATION,Inspect motor and rotating components.,20.04,NORMAL
M001,2026-08-17 14:30:50,1.567,335.694,28.75,NORMAL,100.0,LOW,RISING,0,NONE,Continue normal monitoring.,29.4,NORMAL
M001,2026-08-17 14:30:52,1.422,257.252,28.75,NORMAL,100.0,LOW,STABLE,0,NONE,Continue normal monitoring.,10.74,NORMAL
M001,2026-08-17 14:30:55,1.947,255.093,28.75,NORMAL,100.0,LOW,STABLE,0,NONE,Continue normal monitoring.,19.73,NORMAL
M001,2026-08-17 14:30:57,1.677,301.626,28.75,WARNING_VIBRATION,72.0,MEDIUM,FALLING,1,EXCESSIVE_VIBRATION,Inspect motor and rotating components.,25.3,NORMAL
M001,2026-08-17 14:30:59,1.373,251.931,28.75,NORMAL,100.0,LOW,RISING,0,NONE,Continue normal monitoring.,10.19,NORMAL
M001,2026-08-17 14:31:01,1.643,224.294,28.75,NORMAL,100.0,LOW,STABLE,0,NONE,Continue normal monitoring.,14.61,NORMAL
M001,2026-08-17 14:31:03,1.434,228.744,28.75,NORMAL,100.0,LOW,STABLE,0,NONE,Continue normal monitoring.,11.97,NORMAL
M001,2026-08-17 14:31:05,1.396,258.066,28.75,NORMAL,100.0,LOW,STABLE,0,NONE,Continue normal monitoring.,11.58,NORMAL
M001,2026-08-17 14:31:07,2.324,270.825,28.75,WARNING_VIBRATION,72.0,MEDIUM,FALLING,1,EXCESSIVE_VIBRATION,Inspect motor and rotating components.,40.41,NORMAL
M001,2026-08-17 14:31:09,1.817,241.921,28.75,NORMAL,100.0,LOW,RISING,0,NONE,Continue normal monitoring.,14.94,NORMAL
M001,2026-08-17 14:31:11,2.111,256.399,28.75,WARNING_VIBRATION,72.0,MEDIUM,FALLING,1,EXCESSIVE_VIBRATION,Inspect motor and rotating components.,27.58,NORMAL
M001,2026-08-17 14:31:13,1.797,248.557,28.75,NORMAL,100.0,LOW,RISING,0,NONE,Continue normal monitoring.,14.47,NORMAL
M001,2026-08-17 14:31:15,1.85,239.564,28.75,NORMAL,100.0,LOW,STABLE,0,NONE,Continue normal monitoring.,16.86,NORMAL
M001,2026-08-17 14:31:17,1.298,210.098,28.75,NORMAL,100.0,LOW,STABLE,0,NONE,Continue normal monitoring.,17.31,NORMAL
M001,2026-08-17 14:31:20,1.853,239.531,28.75,NORMAL,100.0,LOW,STABLE,0,NONE,Continue normal monitoring.,16.93,NORMAL
M001,2026-08-17 14:31:22,1.371,258.858,28.75,WARNING_VIBRATION,72.0,MEDIUM,FALLING,1,EXCESSIVE_VIBRATION,Inspect motor and rotating components.,11.97,NORMAL
M001,2026-08-17 14:31:24,1.404,211.315,28.75,NORMAL,100.0,LOW,RISING,0,NONE,Continue normal monitoring.,17.57,NORMAL
M001,2026-08-17 14:31:26,1.446,230.486,28.75,NORMAL,100.0,LOW,STABLE,0,NONE,Continue normal monitoring.,11.83,NORMAL
M001,2026-08-17 14:31:28,1.858,234.933,28.75,NORMAL,100.0,LOW,STABLE,0,NONE,Continue normal monitoring.,17.52,NORMAL
M001,2026-08-17 14:31:30,1.62,220.725,28.75,WARNING_VIBRATION,72.0,MEDIUM,FALLING,1,EXCESSIVE_VIBRATION,Inspect motor and rotating components.,16.47,NORMAL
M001,2026-08-17 14:31:32,2.217,230.001,28.75,NORMAL,100.0,LOW,RISING,0,NONE,Continue normal monitoring.,31.73,NORMAL
M001,2026-08-17 14:31:34,1.93,237.605,28.75,NORMAL,100.0,LOW,STABLE,0,NONE,Continue normal monitoring.,18.89,NORMAL
M001,2026-08-17 14:31:36,1.892,244.454,28.75,WARNING_VIBRATION,72.0,MEDIUM,FALLING,1,EXCESSIVE_VIBRATION,Inspect motor and rotating components.,16.95,NORMAL
M001,2026-08-17 14:31:38,2.087,235.039,28.75,NORMAL,100.0,LOW,RISING,0,NONE,Continue normal monitoring.,26.54,NORMAL
M001,2026-08-17 14:31:40,1.503,233.027,28.75,NORMAL,100.0,LOW,STABLE,0,NONE,Continue normal monitoring.,10.61,NORMAL
M001,2026-08-17 14:31:42,1.775,222.833,28.75,NORMAL,100.0,LOW,STABLE,0,NONE,Continue normal monitoring.,17.47,NORMAL
M001,2026-08-17 14:31:44,2.154,236.738,28.75,WARNING_VIBRATION,72.0,MEDIUM,FALLING,1,EXCESSIVE_VIBRATION,Inspect motor and rotating components.,29.06,NORMAL
M001,2026-08-17 14:31:47,2.046,224.448,28.75,NORMAL,100.0,LOW,RISING,0,NONE,Continue normal monitoring.,26.58,NORMAL
M001,2026-08-17 14:31:49,1.8,226.635,28.75,NORMAL,100.0,LOW,STABLE,0,NONE,Continue normal monitoring.,16.53,NORMAL
M001,2026-08-17 14:31:51,1.367,247.897,28.75,NORMAL,100.0,LOW,STABLE,0,NONE,Continue normal monitoring.,10.35,NORMAL
M001,2026-08-17 14:31:53,1.492,237.027,28.75,NORMAL,100.0,LOW,STABLE,0,NONE,Continue normal monitoring.,10.87,NORMAL
M001,2026-08-17 14:31:55,1.801,252.023,28.75,WARNING_VIBRATION,72.0,MEDIUM,FALLING,1,EXCESSIVE_VIBRATION,Inspect motor and rotating components.,14.33,NORMAL
M001,2026-08-17 14:31:57,2.175,241.281,28.75,NORMAL,100.0,LOW,RISING,0,NONE,Continue normal monitoring.,29.27,NORMAL
M001,2026-08-17 14:31:59,2.039,243.438,28.75,WARNING_VIBRATION,72.0,MEDIUM,FALLING,1,EXCESSIVE_VIBRATION,Inspect motor and rotating components.,23.57,NORMAL
M001,2026-08-17 14:32:01,1.682,224.387,28.75,NORMAL,100.0,LOW,RISING,0,NONE,Continue normal monitoring.,15.94,NORMAL
M001,2026-08-17 14:32:03,2.129,235.384,28.75,WARNING_VIBRATION,72.0,MEDIUM,FALLING,1,EXCESSIVE_VIBRATION,Inspect motor and rotating components.,29.24,NORMAL
M001,2026-08-17 14:32:05,1.639,245.979,28.75,NORMAL,100.0,LOW,RISING,0,NONE,Continue normal monitoring.,10.76,NORMAL
M001,2026-08-17 14:32:07,1.604,245.126,28.75,NORMAL,100.0,LOW,STABLE,0,NONE,Continue normal monitoring.,10.96,NORMAL
M001,2026-08-17 14:32:09,1.913,223.444,28.75,NORMAL,100.0,LOW,STABLE,0,NONE,Continue normal monitoring.,20.75,NORMAL
M001,2026-08-17 14:32:12,1.939,268.922,28.75,NORMAL,100.0,LOW,STABLE,0,NONE,Continue normal monitoring.,23.75,NORMAL
M001,2026-08-17 14:32:14,2.506,242.648,28.75,WARNING_VIBRATION,72.0,MEDIUM,FALLING,1,EXCESSIVE_VIBRATION,Inspect motor and rotating components.,43.12,NORMAL
M001,2026-08-17 14:32:16,1.602,239.221,28.75,NORMAL,100.0,LOW,RISING,0,NONE,Continue normal monitoring.,12.18,NORMAL
M001,2026-08-17 14:32:18,1.646,217.097,28.75,NORMAL,100.0,LOW,STABLE,0,NONE,Continue normal monitoring.,17.35,NORMAL
M001,2026-08-17 14:32:20,1.582,244.101,28.75,NORMAL,100.0,LOW,STABLE,0,NONE,Continue normal monitoring.,11.11,NORMAL
M001,2026-08-17 14:32:22,1.531,241.426,28.75,NORMAL,100.0,LOW,STABLE,0,NONE,Continue normal monitoring.,10.35,NORMAL
M001,2026-08-17 14:32:24,1.713,233.971,28.75,NORMAL,100.0,LOW,STABLE,0,NONE,Continue normal monitoring.,14.55,NORMAL
M001,2026-08-17 14:32:26,1.647,250.531,28.75,NORMAL,100.0,LOW,STABLE,0,NONE,Continue normal monitoring.,11.84,NORMAL
M001,2026-08-17 14:32:28,2.065,240.236,28.75,WARNING_VIBRATION,72.0,MEDIUM,FALLING,1,EXCESSIVE_VIBRATION,Inspect motor and rotating components.,25.25,NORMAL
M001,2026-08-17 14:32:30,1.9,248.805,28.75,NORMAL,100.0,LOW,RISING,0,NONE,Continue normal monitoring.,17.03,NORMAL
M001,2026-08-17 14:32:32,2.196,211.649,28.75,WARNING_VIBRATION,72.0,MEDIUM,FALLING,1,EXCESSIVE_VIBRATION,Inspect motor and rotating components.,36.42,NORMAL
M001,2026-08-17 14:32:34,2.059,220.914,28.75,WARNING_VIBRATION,72.0,MEDIUM,STABLE,1,EXCESSIVE_VIBRATION,Inspect motor and rotating components.,28.44,NORMAL
M001,2026-08-17 14:32:37,1.832,237.223,28.75,NORMAL,100.0,LOW,RISING,0,NONE,Continue normal monitoring.,16.19,NORMAL
M001,2026-08-17 14:32:39,1.436,242.499,28.75,NORMAL,100.0,LOW,STABLE,0,NONE,Continue normal monitoring.,10.32,NORMAL
M001,2026-08-17 14:32:41,1.801,219.835,28.75,NORMAL,100.0,LOW,STABLE,0,NONE,Continue normal monitoring.,19.12,NORMAL
M001,2026-08-17 14:32:43,1.296,240.89,28.75,NORMAL,100.0,LOW,STABLE,0,NONE,Continue normal monitoring.,10.58,NORMAL
M001,2026-08-17 14:32:45,1.508,197.597,28.75,NORMAL,100.0,LOW,STABLE,0,NONE,Continue normal monitoring.,23.9,NORMAL
M001,2026-08-17 14:32:47,2.019,292.889,28.75,WARNING_VIBRATION,72.0,MEDIUM,FALLING,1,EXCESSIVE_VIBRATION,Inspect motor and rotating components.,32.25,NORMAL
M001,2026-08-17 14:32:49,1.553,231.833,28.75,NORMAL,100.0,LOW,RISING,0,NONE,Continue normal monitoring.,10.78,NORMAL
M001,2026-08-17 14:32:51,1.903,263.219,28.75,NORMAL,100.0,LOW,STABLE,0,NONE,Continue normal monitoring.,20.14,NORMAL
M001,2026-08-17 14:32:53,1.675,289.332,28.75,WARNING_VIBRATION,72.0,MEDIUM,FALLING,1,EXCESSIVE_VIBRATION,Inspect motor and rotating components.,21.04,NORMAL
M001,2026-08-17 14:32:55,1.944,270.539,28.75,NORMAL,100.0,LOW,RISING,0,NONE,Continue normal monitoring.,24.76,NORMAL
M001,2026-08-17 14:32:57,1.928,254.192,28.75,NORMAL,100.0,LOW,STABLE,0,NONE,Continue normal monitoring.,18.39,NORMAL
M001,2026-08-17 14:32:59,1.839,222.428,28.75,WARNING_VIBRATION,72.0,MEDIUM,FALLING,1,EXCESSIVE_VIBRATION,Inspect motor and rotating components.,19.62,NORMAL
M001,2026-08-17 14:33:01,1.927,241.001,28.75,NORMAL,100.0,LOW,RISING,0,NONE,Continue normal monitoring.,18.64,NORMAL
M001,2026-08-17 14:33:04,1.546,221.015,28.75,WARNING_VIBRATION,72.0,MEDIUM,FALLING,1,EXCESSIVE_VIBRATION,Inspect motor and rotating components.,14.5,NORMAL
M001,2026-08-17 14:33:06,1.553,225.85,28.75,NORMAL,100.0,LOW,RISING,0,NONE,Continue normal monitoring.,12.52,NORMAL
M001,2026-08-17 14:33:08,1.521,260.645,28.75,NORMAL,100.0,LOW,STABLE,0,NONE,Continue normal monitoring.,11.93,NORMAL
M001,2026-08-17 14:33:10,1.856,235.875,28.75,WARNING_VIBRATION,72.0,MEDIUM,FALLING,1,EXCESSIVE_VIBRATION,Inspect motor and rotating components.,17.34,NORMAL
M001,2026-08-17 14:33:12,1.754,226.993,28.75,NORMAL,100.0,LOW,RISING,0,NONE,Continue normal monitoring.,15.76,NORMAL
M001,2026-08-17 14:33:14,2.444,221.92,28.75,WARNING_VIBRATION,72.0,MEDIUM,FALLING,1,EXCESSIVE_VIBRATION,Inspect motor and rotating components.,44.8,NORMAL
M001,2026-08-17 14:33:16,2.054,276.084,28.75,WARNING_VIBRATION,72.0,MEDIUM,STABLE,1,EXCESSIVE_VIBRATION,Inspect motor and rotating components.,29.32,NORMAL
M001,2026-08-17 14:33:18,2.761,246.039,28.75,NORMAL,100.0,LOW,RISING,0,NONE,Continue normal monitoring.,47.28,NORMAL
M001,2026-08-17 14:33:20,2.008,255.568,28.75,WARNING_VIBRATION,72.0,MEDIUM,FALLING,1,EXCESSIVE_VIBRATION,Inspect motor and rotating components.,23.12,NORMAL
M001,2026-08-17 14:33:22,2.013,217.373,28.75,NORMAL,100.0,LOW,RISING,0,NONE,Continue normal monitoring.,28.07,NORMAL
M001,2026-08-17 14:33:24,2.032,233.96,28.75,WARNING_VIBRATION,72.0,MEDIUM,FALLING,1,EXCESSIVE_VIBRATION,Inspect motor and rotating components.,23.94,NORMAL
M001,2026-08-17 14:33:26,2.1,256.892,28.75,WARNING_VIBRATION,72.0,MEDIUM,STABLE,1,EXCESSIVE_VIBRATION,Inspect motor and rotating components.,27.49,NORMAL
M001,2026-08-17 14:33:29,2.131,214.039,28.75,NORMAL,100.0,LOW,RISING,0,NONE,Continue normal monitoring.,34.3,NORMAL
M001,2026-08-17 14:33:31,1.894,231.429,28.75,WARNING_VIBRATION,72.0,MEDIUM,FALLING,1,EXCESSIVE_VIBRATION,Inspect motor and rotating components.,18.06,NORMAL
M001,2026-08-17 14:33:33,1.848,217.271,28.75,NORMAL,100.0,LOW,RISING,0,NONE,Continue normal monitoring.,21.43,NORMAL
M001,2026-08-17 14:33:35,1.88,243.129,28.75,WARNING_VIBRATION,72.0,MEDIUM,FALLING,1,EXCESSIVE_VIBRATION,Inspect motor and rotating components.,17.18,NORMAL
M001,2026-08-17 14:33:37,2.162,277.433,28.75,NORMAL,100.0,LOW,RISING,0,NONE,Continue normal monitoring.,35.3,NORMAL
M001,2026-08-17 14:33:39,2.068,287.098,28.75,WARNING_VIBRATION,72.0,MEDIUM,FALLING,1,EXCESSIVE_VIBRATION,Inspect motor and rotating components.,32.88,NORMAL
M001,2026-08-17 14:33:41,1.896,237.668,28.75,NORMAL,100.0,LOW,RISING,0,NONE,Continue normal monitoring.,18.13,NORMAL
M001,2026-08-17 14:33:43,1.647,232.313,28.75,NORMAL,100.0,LOW,STABLE,0,NONE,Continue normal monitoring.,12.51,NORMAL
M001,2026-08-17 14:33:45,1.819,258.184,28.75,WARNING_VIBRATION,72.0,MEDIUM,FALLING,1,EXCESSIVE_VIBRATION,Inspect motor and rotating components.,16.34,NORMAL
M001,2026-08-17 14:33:47,1.86,262.699,28.75,NORMAL,100.0,LOW,RISING,0,NONE,Continue normal monitoring.,19.44,NORMAL
M001,2026-08-17 14:33:49,1.589,231.564,28.75,NORMAL,100.0,LOW,STABLE,0,NONE,Continue normal monitoring.,12.24,NORMAL
M001,2026-08-17 14:33:51,1.687,247.715,28.75,NORMAL,100.0,LOW,STABLE,0,NONE,Continue normal monitoring.,12.68,NORMAL
M001,2026-08-17 14:33:53,2.008,227.953,28.75,WARNING_VIBRATION,72.0,MEDIUM,FALLING,1,EXCESSIVE_VIBRATION,Inspect motor and rotating components.,24.49,NORMAL
M001,2026-08-17 14:33:56,1.883,200.225,28.75,NORMAL,100.0,LOW,RISING,0,NONE,Continue normal monitoring.,28.73,NORMAL
M001,2026-08-17 14:33:58,1.881,230.666,28.75,NORMAL,100.0,LOW,STABLE,0,NONE,Continue normal monitoring.,17.95,NORMAL
M001,2026-08-17 14:34:00,1.895,259.983,28.75,WARNING_VIBRATION,72.0,MEDIUM,FALLING,1,EXCESSIVE_VIBRATION,Inspect motor and rotating components.,18.9,NORMAL
M001,2026-08-17 14:34:02,1.74,245.233,28.75,NORMAL,100.0,LOW,RISING,0,NONE,Continue normal monitoring.,12.81,NORMAL
M001,2026-08-17 14:34:04,1.737,233.147,28.75,WARNING_VIBRATION,72.0,MEDIUM,FALLING,1,EXCESSIVE_VIBRATION,Inspect motor and rotating components.,14.44,NORMAL
M001,2026-08-17 14:34:06,2.43,309.072,28.75,NORMAL,100.0,LOW,RISING,0,NONE,Continue normal monitoring.,51.6,UNKNOWN_ABNORMALITY
M001,2026-08-17 14:34:08,2.063,321.921,28.75,WARNING_VIBRATION,72.0,MEDIUM,FALLING,1,EXCESSIVE_VIBRATION,Inspect motor and rotating components.,41.43,NORMAL
M001,2026-08-17 14:34:10,1.842,323.474,28.75,NORMAL,100.0,LOW,RISING,0,NONE,Continue normal monitoring.,33.31,NORMAL
M001,2026-08-17 14:34:12,1.861,334.379,28.75,WARNING_VIBRATION,72.0,MEDIUM,FALLING,1,EXCESSIVE_VIBRATION,Inspect motor and rotating components.,35.6,NORMAL
M001,2026-08-17 14:34:14,2.074,305.815,28.75,NORMAL,100.0,LOW,RISING,0,NONE,Continue normal monitoring.,38.95,NORMAL
M001,2026-08-17 14:34:16,1.817,341.329,28.75,WARNING_VIBRATION,72.0,MEDIUM,FALLING,1,EXCESSIVE_VIBRATION,Inspect motor and rotating components.,36.65,NORMAL
M001,2026-08-17 14:34:18,1.933,309.855,28.75,NORMAL,100.0,LOW,RISING,0,NONE,Continue normal monitoring.,32.81,NORMAL
M001,2026-08-17 14:34:21,2.083,298.61,28.75,WARNING_VIBRATION,72.0,MEDIUM,FALLING,1,EXCESSIVE_VIBRATION,Inspect motor and rotating components.,37.55,NORMAL
M001,2026-08-17 14:34:23,2.347,331.711,28.75,WARNING_VIBRATION,72.0,MEDIUM,STABLE,1,EXCESSIVE_VIBRATION,Inspect motor and rotating components.,52.83,UNKNOWN_ABNORMALITY
M001,2026-08-17 14:34:25,1.731,323.814,28.75,CRITICAL_VIB_SOUND,50.0,HIGH,FALLING,1,LOOSE_COMPONENT,Inspect and secure loose components.,31.01,NORMAL
M001,2026-08-17 14:34:27,1.873,322.235,28.75,NORMAL,100.0,LOW,RISING,0,NONE,Continue normal monitoring.,34.24,NORMAL
M001,2026-08-17 14:34:29,1.992,243.622,28.75,NORMAL,100.0,LOW,STABLE,0,NONE,Continue normal monitoring.,21.79,NORMAL
M001,2026-08-17 14:34:31,1.95,275.382,28.75,WARNING_VIBRATION,72.0,MEDIUM,FALLING,1,EXCESSIVE_VIBRATION,Inspect motor and rotating components.,25.71,NORMAL
M001,2026-08-17 14:34:33,2.023,255.397,28.75,NORMAL,100.0,LOW,RISING,0,NONE,Continue normal monitoring.,23.64,NORMAL
M001,2026-08-17 14:34:36,1.931,248.177,28.75,NORMAL,100.0,LOW,STABLE,0,NONE,Continue normal monitoring.,17.97,NORMAL
M001,2026-08-17 14:34:37,1.923,242.21,28.75,WARNING_VIBRATION,72.0,MEDIUM,FALLING,1,EXCESSIVE_VIBRATION,Inspect motor and rotating components.,18.26,NORMAL
M001,2026-08-17 14:34:39,1.723,249.748,28.75,NORMAL,100.0,LOW,RISING,0,NONE,Continue normal monitoring.,13.52,NORMAL
M001,2026-08-17 14:34:41,1.858,246.998,28.75,NORMAL,100.0,LOW,STABLE,0,NONE,Continue normal monitoring.,15.69,NORMAL
M001,2026-08-17 14:34:43,1.714,216.284,28.75,WARNING_VIBRATION,72.0,MEDIUM,FALLING,1,EXCESSIVE_VIBRATION,Inspect motor and rotating components.,19.81,NORMAL
M001,2026-08-17 14:34:45,1.682,250.89,28.75,NORMAL,100.0,LOW,RISING,0,NONE,Continue normal monitoring.,13.02,NORMAL
M001,2026-08-17 14:34:48,1.544,257.571,28.75,NORMAL,100.0,LOW,STABLE,0,NONE,Continue normal monitoring.,10.77,NORMAL
M001,2026-08-17 14:34:50,1.847,231.364,28.75,NORMAL,100.0,LOW,STABLE,0,NONE,Continue normal monitoring.,17.03,NORMAL
M001,2026-08-17 14:34:52,2.119,241.575,28.75,WARNING_VIBRATION,72.0,MEDIUM,FALLING,1,EXCESSIVE_VIBRATION,Inspect motor and rotating components.,28.33,NORMAL
M001,2026-08-17 14:34:54,2.122,212.102,28.75,WARNING_VIBRATION,72.0,MEDIUM,STABLE,1,EXCESSIVE_VIBRATION,Inspect motor and rotating components.,34.61,NORMAL
M001,2026-08-17 14:34:56,1.835,255.288,28.75,NORMAL,100.0,LOW,RISING,0,NONE,Continue normal monitoring.,16.17,NORMAL
M001,2026-08-17 14:34:58,1.861,220.655,28.75,NORMAL,100.0,LOW,STABLE,0,NONE,Continue normal monitoring.,20.7,NORMAL
M001,2026-08-17 14:35:00,1.731,250.149,28.75,NORMAL,100.0,LOW,STABLE,0,NONE,Continue normal monitoring.,13.51,NORMAL
M001,2026-08-17 14:35:02,1.537,218.08,28.75,WARNING_VIBRATION,72.0,MEDIUM,FALLING,1,EXCESSIVE_VIBRATION,Inspect motor and rotating components.,14.72,NORMAL
M001,2026-08-17 14:35:04,1.644,258.809,28.75,NORMAL,100.0,LOW,RISING,0,NONE,Continue normal monitoring.,12.55,NORMAL
M001,2026-08-17 14:35:06,2.197,242.425,28.75,WARNING_VIBRATION,72.0,MEDIUM,FALLING,1,EXCESSIVE_VIBRATION,Inspect motor and rotating components.,29.33,NORMAL
M001,2026-08-17 14:35:08,1.893,249.852,28.75,NORMAL,100.0,LOW,RISING,0,NONE,Continue normal monitoring.,16.89,NORMAL
M001,2026-08-17 14:35:10,2.082,233.82,28.75,WARNING_VIBRATION,72.0,MEDIUM,FALLING,1,EXCESSIVE_VIBRATION,Inspect motor and rotating components.,26.28,NORMAL
M001,2026-08-17 14:35:13,2.032,218.615,28.75,WARNING_VIBRATION,72.0,MEDIUM,STABLE,1,EXCESSIVE_VIBRATION,Inspect motor and rotating components.,27.75,NORMAL
M001,2026-08-17 14:35:15,1.821,218.717,28.75,NORMAL,100.0,LOW,RISING,0,NONE,Continue normal monitoring.,19.92,NORMAL
M001,2026-08-17 14:35:17,1.869,242.902,28.75,WARNING_VIBRATION,72.0,MEDIUM,FALLING,1,EXCESSIVE_VIBRATION,Inspect motor and rotating components.,16.42,NORMAL
M001,2026-08-17 14:35:19,1.908,260.389,28.75,NORMAL,100.0,LOW,RISING,0,NONE,Continue normal monitoring.,19.41,NORMAL
M001,2026-08-17 14:35:21,2.162,225.019,28.75,WARNING_VIBRATION,72.0,MEDIUM,FALLING,1,EXCESSIVE_VIBRATION,Inspect motor and rotating components.,31.27,NORMAL
M001,2026-08-17 14:35:23,1.958,243.952,28.75,NORMAL,100.0,LOW,RISING,0,NONE,Continue normal monitoring.,19.79,NORMAL
M001,2026-08-17 14:35:25,1.85,236.148,28.75,WARNING_VIBRATION,72.0,MEDIUM,FALLING,1,EXCESSIVE_VIBRATION,Inspect motor and rotating components.,17.37,NORMAL
M001,2026-08-17 14:35:27,1.812,278.243,28.75,NORMAL,100.0,LOW,RISING,0,NONE,Continue normal monitoring.,21.62,NORMAL
M001,2026-08-17 14:35:29,2.386,249.878,28.75,WARNING_VIBRATION,72.0,MEDIUM,FALLING,1,EXCESSIVE_VIBRATION,Inspect motor and rotating components.,37.24,NORMAL
M001,2026-08-17 14:35:31,1.95,248.271,28.75,NORMAL,100.0,LOW,RISING,0,NONE,Continue normal monitoring.,19.02,NORMAL
M001,2026-08-17 14:35:33,2.177,470.772,28.75,WARNING_SOUND,72.0,MEDIUM,FALLING,1,MECHANICAL_ABNORMALITY,Inspect mechanical components and sound sources.,67.7,UNKNOWN_ABNORMALITY
M001,2026-08-17 14:35:35,1.87,266.108,28.75,NORMAL,100.0,LOW,RISING,0,NONE,Continue normal monitoring.,20.76,NORMAL
M001,2026-08-17 14:35:37,2.174,264.039,28.75,WARNING_VIBRATION,72.0,MEDIUM,FALLING,1,EXCESSIVE_VIBRATION,Inspect motor and rotating components.,32.65,NORMAL
M001,2026-08-17 14:35:40,1.908,254.792,28.75,NORMAL,100.0,LOW,RISING,0,NONE,Continue normal monitoring.,18.14,NORMAL
M001,2026-08-17 14:35:42,1.999,397.774,28.75,WARNING_SOUND,72.0,MEDIUM,FALLING,1,MECHANICAL_ABNORMALITY,Inspect mechanical components and sound sources.,54.63,UNKNOWN_ABNORMALITY
M001,2026-08-17 14:35:44,2.207,239.614,28.75,WARNING_SOUND,72.0,MEDIUM,STABLE,1,MECHANICAL_ABNORMALITY,Inspect mechanical components and sound sources.,30.47,NORMAL
M001,2026-08-17 14:35:46,1.844,211.276,28.75,WARNING_VIBRATION,72.0,MEDIUM,STABLE,1,EXCESSIVE_VIBRATION,Inspect motor and rotating components.,23.41,NORMAL
M001,2026-08-17 14:35:48,1.834,383.296,28.75,NORMAL,100.0,LOW,RISING,0,NONE,Continue normal monitoring.,46.49,NORMAL
M001,2026-08-17 14:35:50,2.305,453.048,28.75,WARNING_VIBRATION,72.0,MEDIUM,FALLING,1,EXCESSIVE_VIBRATION,Inspect motor and rotating components.,68.49,UNKNOWN_ABNORMALITY
M001,2026-08-17 14:35:52,2.577,261.17,28.75,WARNING_VIBRATION,72.0,MEDIUM,STABLE,1,EXCESSIVE_VIBRATION,Inspect motor and rotating components.,45.46,NORMAL
M001,2026-08-17 14:35:54,2.125,488.269,28.75,NORMAL,100.0,LOW,RISING,0,NONE,Continue normal monitoring.,69.44,UNKNOWN_ABNORMALITY
M001,2026-08-17 14:35:56,2.16,239.945,28.75,WARNING_SOUND,72.0,MEDIUM,FALLING,1,MECHANICAL_ABNORMALITY,Inspect mechanical components and sound sources.,29.09,NORMAL
M001,2026-08-17 14:35:58,1.949,207.408,28.75,NORMAL,100.0,LOW,RISING,0,NONE,Continue normal monitoring.,27.29,NORMAL
M001,2026-08-17 14:36:00,1.887,319.612,28.75,WARNING_SOUND,72.0,MEDIUM,FALLING,1,MECHANICAL_ABNORMALITY,Inspect mechanical components and sound sources.,34.26,NORMAL
M001,2026-08-17 14:36:02,1.759,281.539,28.75,NORMAL,100.0,LOW,RISING,0,NONE,Continue normal monitoring.,20.78,NORMAL
M001,2026-08-17 14:36:05,2.205,232.776,28.75,WARNING_VIBRATION,72.0,MEDIUM,FALLING,1,EXCESSIVE_VIBRATION,Inspect motor and rotating components.,30.96,NORMAL
M001,2026-08-17 14:36:07,1.438,346.359,28.75,NORMAL,100.0,LOW,RISING,0,NONE,Continue normal monitoring.,32.9,NORMAL
M001,2026-08-17 14:36:09,2.07,352.607,28.75,WARNING_SOUND,72.0,MEDIUM,FALLING,1,MECHANICAL_ABNORMALITY,Inspect mechanical components and sound sources.,48.77,NORMAL
M001,2026-08-17 14:36:11,1.969,251.629,28.75,NORMAL,100.0,LOW,RISING,0,NONE,Continue normal monitoring.,20.05,NORMAL
M001,2026-08-17 14:36:13,1.949,419.085,28.75,WARNING_SOUND,72.0,MEDIUM,FALLING,1,MECHANICAL_ABNORMALITY,Inspect mechanical components and sound sources.,56.19,UNKNOWN_ABNORMALITY
M001,2026-08-17 14:36:15,1.661,270.282,28.75,NORMAL,100.0,LOW,RISING,0,NONE,Continue normal monitoring.,17.09,NORMAL
M001,2026-08-17 14:36:17,2.043,275.974,28.75,WARNING_VIBRATION,72.0,MEDIUM,FALLING,1,EXCESSIVE_VIBRATION,Inspect motor and rotating components.,29.21,NORMAL
M001,2026-08-17 14:36:19,2.155,255.48,28.75,WARNING_VIBRATION,72.0,MEDIUM,STABLE,1,EXCESSIVE_VIBRATION,Inspect motor and rotating components.,29.23,NORMAL
M001,2026-08-17 14:36:21,2.05,226.367,28.75,WARNING_VIBRATION,72.0,MEDIUM,STABLE,1,EXCESSIVE_VIBRATION,Inspect motor and rotating components.,25.97,NORMAL
M001,2026-08-17 14:36:23,1.484,234.658,28.75,NORMAL,100.0,LOW,RISING,0,NONE,Continue normal monitoring.,10.83,NORMAL
M001,2026-08-17 14:36:25,1.981,219.675,28.75,NORMAL,100.0,LOW,STABLE,0,NONE,Continue normal monitoring.,25.85,NORMAL
M001,2026-08-17 14:36:27,1.721,222.148,28.75,WARNING_VIBRATION,72.0,MEDIUM,FALLING,1,EXCESSIVE_VIBRATION,Inspect motor and rotating components.,17.22,NORMAL
M001,2026-08-17 14:36:29,1.858,232.378,28.75,NORMAL,100.0,LOW,RISING,0,NONE,Continue normal monitoring.,16.8,NORMAL
M001,2026-08-17 14:36:32,1.732,241.795,28.75,NORMAL,100.0,LOW,STABLE,0,NONE,Continue normal monitoring.,13.65,NORMAL
M001,2026-08-17 14:36:34,2.318,276.94,28.75,WARNING_VIBRATION,72.0,MEDIUM,FALLING,1,EXCESSIVE_VIBRATION,Inspect motor and rotating components.,41.33,NORMAL
M001,2026-08-17 14:36:36,2.283,213.946,28.75,WARNING_VIBRATION,72.0,MEDIUM,STABLE,1,EXCESSIVE_VIBRATION,Inspect motor and rotating components.,38.61,NORMAL
M001,2026-08-17 14:36:38,1.988,229.335,28.75,NORMAL,100.0,LOW,RISING,0,NONE,Continue normal monitoring.,23.1,NORMAL
M001,2026-08-17 14:36:40,1.488,232.507,28.75,NORMAL,100.0,LOW,STABLE,0,NONE,Continue normal monitoring.,10.97,NORMAL
M001,2026-08-17 14:36:42,2.147,327.775,28.75,WARNING_VIBRATION,72.0,MEDIUM,FALLING,1,EXCESSIVE_VIBRATION,Inspect motor and rotating components.,46.53,NORMAL
M001,2026-08-17 14:36:44,2.023,327.593,28.75,NORMAL,100.0,LOW,RISING,0,NONE,Continue normal monitoring.,40.54,NORMAL
M001,2026-08-17 14:36:46,1.853,215.794,28.75,NORMAL,100.0,LOW,STABLE,0,NONE,Continue normal monitoring.,21.97,NORMAL
M001,2026-08-17 14:36:48,1.72,227.569,28.75,NORMAL,100.0,LOW,STABLE,0,NONE,Continue normal monitoring.,15.53,NORMAL
M001,2026-08-17 14:36:50,1.691,248.431,28.75,NORMAL,100.0,LOW,STABLE,0,NONE,Continue normal monitoring.,13.21,NORMAL
M001,2026-08-17 14:36:52,1.722,276.978,28.75,WARNING_VIBRATION,72.0,MEDIUM,FALLING,1,EXCESSIVE_VIBRATION,Inspect motor and rotating components.,20.0,NORMAL
M001,2026-08-17 14:36:54,1.913,269.051,28.75,NORMAL,100.0,LOW,RISING,0,NONE,Continue normal monitoring.,22.72,NORMAL
M001,2026-08-17 14:36:57,1.933,398.744,28.75,WARNING_SOUND,72.0,MEDIUM,FALLING,1,MECHANICAL_ABNORMALITY,Inspect mechanical components and sound sources.,52.97,UNKNOWN_ABNORMALITY
M001,2026-08-17 14:36:59,1.75,353.697,28.75,NORMAL,100.0,LOW,RISING,0,NONE,Continue normal monitoring.,37.87,NORMAL
M001,2026-08-17 14:37:01,1.402,216.406,28.75,NORMAL,100.0,LOW,STABLE,0,NONE,Continue normal monitoring.,15.7,NORMAL
M001,2026-08-17 14:37:03,1.695,312.181,28.75,WARNING_SOUND,72.0,MEDIUM,FALLING,1,MECHANICAL_ABNORMALITY,Inspect mechanical components and sound sources.,28.25,NORMAL
M001,2026-08-17 14:37:05,1.858,225.139,28.75,NORMAL,100.0,LOW,RISING,0,NONE,Continue normal monitoring.,18.35,NORMAL
M001,2026-08-17 14:37:07,2.067,207.998,28.75,WARNING_VIBRATION,72.0,MEDIUM,FALLING,1,EXCESSIVE_VIBRATION,Inspect motor and rotating components.,33.11,NORMAL
M001,2026-08-17 14:37:09,2.212,218.81,28.75,WARNING_VIBRATION,72.0,MEDIUM,STABLE,1,EXCESSIVE_VIBRATION,Inspect motor and rotating components.,35.0,NORMAL
M001,2026-08-17 14:37:11,1.571,278.922,28.75,NORMAL,100.0,LOW,RISING,0,NONE,Continue normal monitoring.,17.15,NORMAL
M001,2026-08-17 14:37:13,1.764,214.782,28.75,NORMAL,100.0,LOW,STABLE,0,NONE,Continue normal monitoring.,19.74,NORMAL
M001,2026-08-17 14:37:15,1.961,246.509,28.75,WARNING_VIBRATION,72.0,MEDIUM,FALLING,1,EXCESSIVE_VIBRATION,Inspect motor and rotating components.,19.68,NORMAL
M001,2026-08-17 14:37:17,1.97,222.8,28.75,NORMAL,100.0,LOW,RISING,0,NONE,Continue normal monitoring.,23.94,NORMAL
M001,2026-08-17 14:37:19,2.123,249.675,28.75,WARNING_VIBRATION,72.0,MEDIUM,FALLING,1,EXCESSIVE_VIBRATION,Inspect motor and rotating components.,28.07,NORMAL
M001,2026-08-17 14:37:22,1.414,289.33,28.75,NORMAL,100.0,LOW,RISING,0,NONE,Continue normal monitoring.,19.31,NORMAL
M001,2026-08-17 14:37:24,1.967,250.472,28.75,NORMAL,100.0,LOW,STABLE,0,NONE,Continue normal monitoring.,20.18,NORMAL
M001,2026-08-17 14:37:26,2.045,383.937,28.75,WARNING_VIBRATION,72.0,MEDIUM,FALLING,1,EXCESSIVE_VIBRATION,Inspect motor and rotating components.,52.48,UNKNOWN_ABNORMALITY
M001,2026-08-17 14:37:28,1.544,333.071,28.75,NORMAL,100.0,LOW,RISING,0,NONE,Continue normal monitoring.,28.47,NORMAL
M001,2026-08-17 14:37:30,1.703,371.946,28.75,WARNING_SOUND,72.0,MEDIUM,FALLING,1,MECHANICAL_ABNORMALITY,Inspect mechanical components and sound sources.,41.75,NORMAL
M001,2026-08-17 14:37:32,2.145,242.949,28.75,WARNING_SOUND,72.0,MEDIUM,STABLE,1,MECHANICAL_ABNORMALITY,Inspect mechanical components and sound sources.,28.08,NORMAL
M001,2026-08-17 14:37:34,1.806,237.754,28.75,NORMAL,100.0,LOW,RISING,0,NONE,Continue normal monitoring.,15.27,NORMAL
M001,2026-08-17 14:37:36,1.72,247.368,28.75,NORMAL,100.0,LOW,STABLE,0,NONE,Continue normal monitoring.,12.89,NORMAL
M001,2026-08-17 14:37:38,1.512,235.58,28.75,WARNING_VIBRATION,72.0,MEDIUM,FALLING,1,EXCESSIVE_VIBRATION,Inspect motor and rotating components.,10.63,NORMAL
M001,2026-08-17 14:37:40,1.61,236.02,28.75,NORMAL,100.0,LOW,RISING,0,NONE,Continue normal monitoring.,12.53,NORMAL
M001,2026-08-17 14:37:42,1.722,248.605,28.75,NORMAL,100.0,LOW,STABLE,0,NONE,Continue normal monitoring.,13.44,NORMAL
M001,2026-08-17 14:37:44,1.865,219.238,28.75,NORMAL,100.0,LOW,STABLE,0,NONE,Continue normal monitoring.,20.78,NORMAL
M001,2026-08-17 14:37:46,1.906,237.61,29.0,NORMAL,100.0,LOW,STABLE,0,NONE,Continue normal monitoring.,13.54,NORMAL
M001,2026-08-17 14:37:49,1.697,227.066,28.75,NORMAL,100.0,LOW,STABLE,0,NONE,Continue normal monitoring.,15.88,NORMAL
M001,2026-08-17 14:37:51,1.898,251.173,28.75,WARNING_VIBRATION,72.0,MEDIUM,FALLING,1,EXCESSIVE_VIBRATION,Inspect motor and rotating components.,16.79,NORMAL
M001,2026-08-17 14:37:53,1.675,209.401,28.75,NORMAL,100.0,LOW,RISING,0,NONE,Continue normal monitoring.,21.05,NORMAL
M001,2026-08-17 14:37:55,1.803,246.427,28.75,NORMAL,100.0,LOW,STABLE,0,NONE,Continue normal monitoring.,13.69,NORMAL
M001,2026-08-17 14:37:57,2.406,233.391,28.75,WARNING_VIBRATION,72.0,MEDIUM,FALLING,1,EXCESSIVE_VIBRATION,Inspect motor and rotating components.,40.33,NORMAL
M001,2026-08-17 14:37:59,2.881,209.413,28.75,NORMAL,100.0,LOW,RISING,0,NONE,Continue normal monitoring.,55.96,UNKNOWN_ABNORMALITY
M001,2026-08-17 14:38:01,1.953,203.027,28.75,WARNING_VIBRATION,72.0,MEDIUM,FALLING,1,EXCESSIVE_VIBRATION,Inspect motor and rotating components.,30.09,NORMAL
M001,2026-08-17 14:38:03,1.793,251.212,28.75,NORMAL,100.0,LOW,RISING,0,NONE,Continue normal monitoring.,14.3,NORMAL
M001,2026-08-17 14:38:05,1.144,271.351,28.75,NORMAL,100.0,LOW,STABLE,0,NONE,Continue normal monitoring.,13.48,NORMAL
M001,2026-08-17 14:38:07,1.396,317.641,28.75,WARNING_SOUND,72.0,MEDIUM,FALLING,1,MECHANICAL_ABNORMALITY,Inspect mechanical components and sound sources.,26.58,NORMAL
M001,2026-08-17 14:38:09,1.901,229.268,28.75,NORMAL,100.0,LOW,RISING,0,NONE,Continue normal monitoring.,18.02,NORMAL
M001,2026-08-17 14:38:11,1.865,228.971,28.75,NORMAL,100.0,LOW,STABLE,0,NONE,Continue normal monitoring.,17.37,NORMAL
M001,2026-08-17 14:38:14,2.077,336.69,28.75,WARNING_VIBRATION,72.0,MEDIUM,FALLING,1,EXCESSIVE_VIBRATION,Inspect motor and rotating components.,45.59,NORMAL
M001,2026-08-17 14:38:16,1.768,338.7,28.75,NORMAL,100.0,LOW,RISING,0,NONE,Continue normal monitoring.,34.52,NORMAL
M001,2026-08-17 14:38:18,1.185,256.64,28.75,WARNING_SOUND,72.0,MEDIUM,FALLING,1,MECHANICAL_ABNORMALITY,Inspect mechanical components and sound sources.,9.98,NORMAL
M001,2026-08-17 14:38:20,1.881,268.648,28.75,NORMAL,100.0,LOW,RISING,0,NONE,Continue normal monitoring.,21.85,NORMAL
M001,2026-08-17 14:38:22,1.438,226.199,28.75,NORMAL,100.0,LOW,STABLE,0,NONE,Continue normal monitoring.,13.19,NORMAL
M001,2026-08-17 14:38:24,1.571,248.366,28.75,NORMAL,100.0,LOW,STABLE,0,NONE,Continue normal monitoring.,10.64,NORMAL
M001,2026-08-17 14:38:26,1.885,244.154,28.75,WARNING_VIBRATION,72.0,MEDIUM,FALLING,1,EXCESSIVE_VIBRATION,Inspect motor and rotating components.,16.84,NORMAL
M001,2026-08-17 14:38:28,1.497,299.35,28.75,NORMAL,100.0,LOW,RISING,0,NONE,Continue normal monitoring.,23.42,NORMAL
M001,2026-08-17 14:38:30,2.257,343.087,29.0,WARNING_VIBRATION,72.0,MEDIUM,FALLING,1,EXCESSIVE_VIBRATION,Inspect motor and rotating components.,49.68,NORMAL
M001,2026-08-17 14:38:32,1.927,236.639,29.0,NORMAL,100.0,LOW,RISING,0,NONE,Continue normal monitoring.,14.06,NORMAL
M001,2026-08-17 14:38:34,2.059,222.419,28.75,WARNING_VIBRATION,72.0,MEDIUM,FALLING,1,EXCESSIVE_VIBRATION,Inspect motor and rotating components.,27.79,NORMAL
M001,2026-08-17 14:38:36,1.561,260.869,28.75,NORMAL,100.0,LOW,RISING,0,NONE,Continue normal monitoring.,12.48,NORMAL
M001,2026-08-17 14:38:38,1.272,244.426,28.75,NORMAL,100.0,LOW,STABLE,0,NONE,Continue normal monitoring.,9.28,NORMAL
M001,2026-08-17 14:38:41,1.945,226.431,28.75,NORMAL,100.0,LOW,STABLE,0,NONE,Continue normal monitoring.,20.75,NORMAL
M001,2026-08-17 14:38:43,1.811,223.012,28.75,WARNING_VIBRATION,72.0,MEDIUM,FALLING,1,EXCESSIVE_VIBRATION,Inspect motor and rotating components.,17.89,NORMAL
M001,2026-08-17 14:38:45,1.448,235.509,28.75,NORMAL,100.0,LOW,RISING,0,NONE,Continue normal monitoring.,11.33,NORMAL
M001,2026-08-17 14:38:47,2.732,353.915,28.75,WARNING_VIBRATION,72.0,MEDIUM,FALLING,1,EXCESSIVE_VIBRATION,Inspect motor and rotating components.,64.87,UNKNOWN_ABNORMALITY
M001,2026-08-17 14:38:49,2.782,261.975,28.75,WARNING_VIBRATION,72.0,MEDIUM,STABLE,1,EXCESSIVE_VIBRATION,Inspect motor and rotating components.,48.35,NORMAL
M001,2026-08-17 14:38:51,1.866,266.575,28.75,CRITICAL_VIB_SOUND,50.0,HIGH,FALLING,1,LOOSE_COMPONENT,Inspect and secure loose components.,20.42,NORMAL
M001,2026-08-17 14:38:53,1.653,280.251,28.75,NORMAL,100.0,LOW,RISING,0,NONE,Continue normal monitoring.,18.46,NORMAL
M001,2026-08-17 14:38:55,2.079,243.125,28.75,WARNING_VIBRATION,72.0,MEDIUM,FALLING,1,EXCESSIVE_VIBRATION,Inspect motor and rotating components.,25.3,NORMAL
M001,2026-08-17 14:38:57,1.942,239.726,28.75,NORMAL,100.0,LOW,RISING,0,NONE,Continue normal monitoring.,19.55,NORMAL
M001,2026-08-17 14:38:59,1.831,228.66,28.75,NORMAL,100.0,LOW,STABLE,0,NONE,Continue normal monitoring.,16.71,NORMAL
M001,2026-08-17 14:39:01,1.725,241.662,28.75,WARNING_VIBRATION,72.0,MEDIUM,FALLING,1,EXCESSIVE_VIBRATION,Inspect motor and rotating components.,13.63,NORMAL
M001,2026-08-17 14:39:03,1.535,298.139,29.0,NORMAL,100.0,LOW,RISING,0,NONE,Continue normal monitoring.,21.96,NORMAL
M001,2026-08-17 14:39:06,1.449,229.605,28.75,NORMAL,100.0,LOW,STABLE,0,NONE,Continue normal monitoring.,11.82,NORMAL
M001,2026-08-17 14:39:08,1.772,365.493,28.75,WARNING_SOUND,72.0,MEDIUM,FALLING,1,MECHANICAL_ABNORMALITY,Inspect mechanical components and sound sources.,41.33,NORMAL
M001,2026-08-17 14:39:10,2.51,240.374,28.75,NORMAL,100.0,LOW,RISING,0,NONE,Continue normal monitoring.,44.16,NORMAL
M001,2026-08-17 14:39:12,1.291,271.149,29.0,CRITICAL_VIB_SOUND,50.0,HIGH,FALLING,1,LOOSE_COMPONENT,Inspect and secure loose components.,13.12,NORMAL
M001,2026-08-17 14:39:14,1.924,224.597,29.0,NORMAL,100.0,LOW,RISING,0,NONE,Continue normal monitoring.,16.68,NORMAL
M001,2026-08-17 14:39:16,2.104,254.673,28.75,WARNING_VIBRATION,72.0,MEDIUM,FALLING,1,EXCESSIVE_VIBRATION,Inspect motor and rotating components.,27.21,NORMAL
M001,2026-08-17 14:39:18,1.987,250.298,28.75,NORMAL,100.0,LOW,RISING,0,NONE,Continue normal monitoring.,22.0,NORMAL
M001,2026-08-17 14:39:20,1.749,264.619,28.75,NORMAL,100.0,LOW,STABLE,0,NONE,Continue normal monitoring.,17.15,NORMAL
M001,2026-08-17 14:39:22,1.585,236.616,28.75,WARNING_VIBRATION,72.0,MEDIUM,FALLING,1,EXCESSIVE_VIBRATION,Inspect motor and rotating components.,11.97,NORMAL
M001,2026-08-17 14:39:24,2.263,251.733,28.75,NORMAL,100.0,LOW,RISING,0,NONE,Continue normal monitoring.,31.86,NORMAL
M001,2026-08-17 14:39:26,1.767,239.786,28.75,WARNING_VIBRATION,72.0,MEDIUM,FALLING,1,EXCESSIVE_VIBRATION,Inspect motor and rotating components.,14.35,NORMAL
M001,2026-08-17 14:39:28,1.88,291.071,28.75,NORMAL,100.0,LOW,RISING,0,NONE,Continue normal monitoring.,25.67,NORMAL
M001,2026-08-17 14:39:30,1.707,343.47,28.75,NORMAL,100.0,LOW,STABLE,0,NONE,Continue normal monitoring.,34.81,NORMAL
M001,2026-08-17 14:39:33,2.186,247.723,28.75,WARNING_VIBRATION,72.0,MEDIUM,FALLING,1,EXCESSIVE_VIBRATION,Inspect motor and rotating components.,29.16,NORMAL
M001,2026-08-17 14:39:35,1.094,283.226,28.75,NORMAL,100.0,LOW,RISING,0,NONE,Continue normal monitoring.,15.98,NORMAL
M001,2026-08-17 14:39:37,1.733,360.533,28.75,WARNING_SOUND,72.0,MEDIUM,FALLING,1,MECHANICAL_ABNORMALITY,Inspect mechanical components and sound sources.,39.87,NORMAL
M001,2026-08-17 14:39:39,1.319,227.173,28.75,NORMAL,100.0,LOW,RISING,0,NONE,Continue normal monitoring.,12.19,NORMAL
M001,2026-08-17 14:39:41,1.552,253.93,28.75,NORMAL,100.0,LOW,STABLE,0,NONE,Continue normal monitoring.,10.24,NORMAL
M001,2026-08-17 14:39:43,2.068,406.064,28.75,WARNING_VIBRATION,72.0,MEDIUM,FALLING,1,EXCESSIVE_VIBRATION,Inspect motor and rotating components.,58.63,UNKNOWN_ABNORMALITY
M001,2026-08-17 14:39:45,1.873,256.787,28.75,NORMAL,100.0,LOW,RISING,0,NONE,Continue normal monitoring.,17.87,NORMAL
M001,2026-08-17 14:39:47,2.442,452.132,29.0,WARNING_SOUND,72.0,MEDIUM,FALLING,1,MECHANICAL_ABNORMALITY,Inspect mechanical components and sound sources.,68.16,UNKNOWN_ABNORMALITY
M001,2026-08-17 14:39:49,1.983,361.838,28.75,NORMAL,100.0,LOW,RISING,0,NONE,Continue normal monitoring.,46.65,NORMAL
M001,2026-08-17 14:39:51,2.107,276.395,28.75,WARNING_VIBRATION,72.0,MEDIUM,FALLING,1,EXCESSIVE_VIBRATION,Inspect motor and rotating components.,33.6,NORMAL
M001,2026-08-17 14:39:53,1.971,259.046,28.75,NORMAL,100.0,LOW,RISING,0,NONE,Continue normal monitoring.,22.24,NORMAL
M001,2026-08-17 14:39:55,1.477,321.02,28.75,WARNING_VIBRATION,72.0,MEDIUM,FALLING,1,EXCESSIVE_VIBRATION,Inspect motor and rotating components.,27.05,NORMAL
M001,2026-08-17 14:39:58,0.531,256.508,28.75,NORMAL,100.0,LOW,RISING,0,NONE,Continue normal monitoring.,14.13,NORMAL
M001,2026-08-17 14:40:00,1.299,226.148,28.75,NORMAL,100.0,LOW,STABLE,0,NONE,Continue normal monitoring.,12.32,NORMAL
M001,2026-08-17 14:40:02,2.1,223.694,28.75,WARNING_VIBRATION,72.0,MEDIUM,FALLING,1,EXCESSIVE_VIBRATION,Inspect motor and rotating components.,30.32,NORMAL
M001,2026-08-17 14:40:04,1.62,224.34,28.75,NORMAL,100.0,LOW,RISING,0,NONE,Continue normal monitoring.,14.8,NORMAL
M001,2026-08-17 14:40:06,1.677,251.244,28.75,NORMAL,100.0,LOW,STABLE,0,NONE,Continue normal monitoring.,12.49,NORMAL
M001,2026-08-17 14:40:08,1.444,253.656,28.75,NORMAL,100.0,LOW,STABLE,0,NONE,Continue normal monitoring.,10.55,NORMAL
M001,2026-08-17 14:40:10,1.905,225.523,28.75,NORMAL,100.0,LOW,STABLE,0,NONE,Continue normal monitoring.,19.22,NORMAL
M001,2026-08-17 14:40:12,1.283,273.656,28.75,NORMAL,100.0,LOW,STABLE,0,NONE,Continue normal monitoring.,15.02,NORMAL
M001,2026-08-17 14:40:14,0.872,231.679,28.75,NORMAL,100.0,LOW,STABLE,0,NONE,Continue normal monitoring.,11.88,NORMAL
M001,2026-08-17 14:40:16,1.455,214.054,29.0,NORMAL,100.0,LOW,STABLE,0,NONE,Continue normal monitoring.,15.87,NORMAL
M001,2026-08-17 14:40:18,1.338,296.608,28.75,NORMAL,100.0,LOW,STABLE,0,NONE,Continue normal monitoring.,22.65,NORMAL
M001,2026-08-17 14:40:20,1.68,239.973,29.0,NORMAL,100.0,LOW,STABLE,0,NONE,Continue normal monitoring.,10.23,NORMAL
M001,2026-08-17 14:40:22,1.769,217.323,28.75,NORMAL,100.0,LOW,STABLE,0,NONE,Continue normal monitoring.,19.22,NORMAL
M001,2026-08-17 14:40:25,2.06,460.445,28.75,CRITICAL_VIB_SOUND,50.0,HIGH,FALLING,1,LOOSE_COMPONENT,Inspect and secure loose components.,62.94,UNKNOWN_ABNORMALITY
M001,2026-08-17 14:40:27,2.088,277.11,29.0,NORMAL,100.0,LOW,RISING,0,NONE,Continue normal monitoring.,27.39,NORMAL
M001,2026-08-17 14:40:29,1.66,511.154,29.0,WARNING_VIBRATION,72.0,MEDIUM,FALLING,1,EXCESSIVE_VIBRATION,Inspect motor and rotating components.,59.44,ABNORMAL_SOUND
M001,2026-08-17 14:40:31,6.641,546.217,28.75,WARNING_VIBRATION,72.0,MEDIUM,STABLE,1,EXCESSIVE_VIBRATION,Inspect motor and rotating components.,84.73,EXCESSIVE_VIBRATION
M001,2026-08-17 14:40:33,5.259,304.618,29.0,CRITICAL_VIB_SOUND,50.0,HIGH,FALLING,1,LOOSE_COMPONENT,Inspect and secure loose components.,61.18,EXCESSIVE_VIBRATION
M001,2026-08-17 14:40:35,2.667,199.495,28.75,WARNING_VIBRATION,72.0,MEDIUM,RISING,1,EXCESSIVE_VIBRATION,Inspect motor and rotating components.,56.3,UNKNOWN_ABNORMALITY
M001,2026-08-17 14:40:37,2.198,244.769,28.75,WARNING_VIBRATION,72.0,MEDIUM,STABLE,1,EXCESSIVE_VIBRATION,Inspect motor and rotating components.,29.3,NORMAL
M001,2026-08-17 14:40:39,0.055,511.508,28.75,CRITICAL_VIB_SOUND,50.0,HIGH,FALLING,1,LOOSE_COMPONENT,Inspect and secure loose components.,66.11,ABNORMAL_SOUND
M001,2026-08-17 14:40:42,0.194,279.738,28.75,NORMAL,100.0,LOW,RISING,0,NONE,Continue normal monitoring.,22.12,NORMAL
M001,2026-08-17 14:40:43,0.909,421.77,29.0,WARNING_SOUND,72.0,MEDIUM,FALLING,1,MECHANICAL_ABNORMALITY,Inspect mechanical components and sound sources.,45.11,NORMAL
M001,2026-08-17 14:40:45,1.131,239.194,29.0,NORMAL,100.0,LOW,RISING,0,NONE,Continue normal monitoring.,8.95,NORMAL
M001,2026-08-17 14:40:47,1.499,613.58,28.75,WARNING_SOUND,72.0,MEDIUM,FALLING,1,MECHANICAL_ABNORMALITY,Inspect mechanical components and sound sources.,72.59,ABNORMAL_SOUND
M001,2026-08-17 14:40:50,1.228,960.803,29.0,WARNING_SOUND,72.0,MEDIUM,STABLE,1,MECHANICAL_ABNORMALITY,Inspect mechanical components and sound sources.,76.96,ABNORMAL_SOUND
M001,2026-08-17 14:40:52,1.203,294.3,29.0,NORMAL,100.0,LOW,RISING,0,NONE,Continue normal monitoring.,18.49,NORMAL
M001,2026-08-17 14:40:54,1.409,245.481,29.0,NORMAL,100.0,LOW,STABLE,0,NONE,Continue normal monitoring.,7.77,NORMAL
M001,2026-08-17 14:40:56,9.486,367.967,28.75,CRITICAL_VIB_SOUND,50.0,HIGH,FALLING,1,LOOSE_COMPONENT,Inspect and secure loose components.,71.54,EXCESSIVE_VIBRATION
M001,2026-08-17 14:40:58,3.073,273.799,28.75,WARNING_VIBRATION,72.0,MEDIUM,RISING,1,EXCESSIVE_VIBRATION,Inspect motor and rotating components.,53.87,EXCESSIVE_VIBRATION
M001,2026-08-17 14:41:00,2.109,241.743,29.0,WARNING_VIBRATION,72.0,MEDIUM,STABLE,1,EXCESSIVE_VIBRATION,Inspect motor and rotating components.,21.9,NORMAL
M001,2026-08-17 14:41:02,0.585,251.725,29.0,NORMAL,100.0,LOW,RISING,0,NONE,Continue normal monitoring.,12.41,NORMAL
M001,2026-08-17 14:41:04,0.795,258.184,28.75,NORMAL,100.0,LOW,STABLE,0,NONE,Continue normal monitoring.,11.39,NORMAL
M001,2026-08-17 14:41:06,1.728,254.201,29.0,NORMAL,100.0,LOW,STABLE,0,NONE,Continue normal monitoring.,10.98,NORMAL
M001,2026-08-17 14:41:08,1.695,251.326,28.75,WARNING_VIBRATION,72.0,MEDIUM,FALLING,1,EXCESSIVE_VIBRATION,Inspect motor and rotating components.,13.27,NORMAL
M001,2026-08-17 14:41:10,1.887,264.378,29.0,NORMAL,100.0,LOW,RISING,0,NONE,Continue normal monitoring.,15.91,NORMAL
M001,2026-08-17 14:41:12,2.653,270.377,29.0,WARNING_VIBRATION,72.0,MEDIUM,FALLING,1,EXCESSIVE_VIBRATION,Inspect motor and rotating components.,46.06,NORMAL
M001,2026-08-17 14:41:14,1.022,213.758,29.0,NORMAL,100.0,LOW,RISING,0,NONE,Continue normal monitoring.,15.31,NORMAL
M001,2026-08-17 14:41:17,1.585,375.083,29.0,WARNING_VIBRATION,72.0,MEDIUM,FALLING,1,EXCESSIVE_VIBRATION,Inspect motor and rotating components.,39.16,NORMAL
M001,2026-08-17 14:41:19,2.113,266.664,29.0,NORMAL,100.0,LOW,RISING,0,NONE,Continue normal monitoring.,25.95,NORMAL
M001,2026-08-17 14:41:21,1.527,248.618,29.0,NORMAL,100.0,LOW,STABLE,0,NONE,Continue normal monitoring.,8.23,NORMAL
M001,2026-08-17 14:41:23,1.311,256.011,29.0,WARNING_VIBRATION,72.0,MEDIUM,FALLING,1,EXCESSIVE_VIBRATION,Inspect motor and rotating components.,9.32,NORMAL
M001,2026-08-17 14:41:25,1.662,324.231,29.0,NORMAL,100.0,LOW,RISING,0,NONE,Continue normal monitoring.,27.53,NORMAL
M001,2026-08-17 14:41:27,2.314,246.669,29.0,WARNING_VIBRATION,72.0,MEDIUM,FALLING,1,EXCESSIVE_VIBRATION,Inspect motor and rotating components.,30.48,NORMAL
M001,2026-08-17 14:41:29,1.746,236.689,29.0,NORMAL,100.0,LOW,RISING,0,NONE,Continue normal monitoring.,11.19,NORMAL
M001,2026-08-17 14:41:31,2.223,234.654,29.0,WARNING_VIBRATION,72.0,MEDIUM,FALLING,1,EXCESSIVE_VIBRATION,Inspect motor and rotating components.,26.07,NORMAL
M001,2026-08-17 14:41:33,2.194,246.572,29.0,WARNING_VIBRATION,72.0,MEDIUM,STABLE,1,EXCESSIVE_VIBRATION,Inspect motor and rotating components.,23.26,NORMAL
M001,2026-08-17 14:41:35,2.064,263.405,29.0,NORMAL,100.0,LOW,RISING,0,NONE,Continue normal monitoring.,21.89,NORMAL
M001,2026-08-17 14:41:37,2.254,219.017,28.75,WARNING_VIBRATION,72.0,MEDIUM,FALLING,1,EXCESSIVE_VIBRATION,Inspect motor and rotating components.,35.99,NORMAL
M001,2026-08-17 14:41:39,2.158,371.975,29.0,NORMAL,100.0,LOW,RISING,0,NONE,Continue normal monitoring.,51.74,UNKNOWN_ABNORMALITY
M001,2026-08-17 14:41:42,2.801,260.123,29.0,WARNING_VIBRATION,72.0,MEDIUM,FALLING,1,EXCESSIVE_VIBRATION,Inspect motor and rotating components.,45.02,NORMAL
M001,2026-08-17 14:41:44,2.091,207.315,29.0,WARNING_VIBRATION,72.0,MEDIUM,STABLE,1,EXCESSIVE_VIBRATION,Inspect motor and rotating components.,29.89,NORMAL
M001,2026-08-17 14:41:46,1.958,270.432,29.0,NORMAL,100.0,LOW,RISING,0,NONE,Continue normal monitoring.,20.12,NORMAL
M001,2026-08-17 14:41:48,1.831,356.122,29.0,NORMAL,100.0,LOW,STABLE,0,NONE,Continue normal monitoring.,37.76,NORMAL
M001,2026-08-17 14:41:50,2.009,252.967,29.0,WARNING_VIBRATION,72.0,MEDIUM,FALLING,1,EXCESSIVE_VIBRATION,Inspect motor and rotating components.,16.78,NORMAL
M001,2026-08-17 14:41:52,2.317,259.091,29.0,NORMAL,100.0,LOW,RISING,0,NONE,Continue normal monitoring.,32.49,NORMAL
M001,2026-08-17 14:41:54,2.1,216.423,29.0,WARNING_VIBRATION,72.0,MEDIUM,FALLING,1,EXCESSIVE_VIBRATION,Inspect motor and rotating components.,28.08,NORMAL
M001,2026-08-17 14:41:56,2.619,629.547,29.0,WARNING_VIBRATION,72.0,MEDIUM,STABLE,1,EXCESSIVE_VIBRATION,Inspect motor and rotating components.,83.37,ABNORMAL_SOUND
M001,2026-08-17 14:41:58,2.25,256.861,29.0,CRITICAL_VIB_SOUND,50.0,HIGH,FALLING,1,LOOSE_COMPONENT,Inspect and secure loose components.,26.86,NORMAL
M001,2026-08-17 14:42:00,1.663,244.553,29.0,NORMAL,100.0,LOW,RISING,0,NONE,Continue normal monitoring.,9.76,NORMAL
M001,2026-08-17 14:42:02,2.194,234.861,29.0,WARNING_VIBRATION,72.0,MEDIUM,FALLING,1,EXCESSIVE_VIBRATION,Inspect motor and rotating components.,25.07,NORMAL
M001,2026-08-17 14:42:04,1.867,228.235,29.0,NORMAL,100.0,LOW,RISING,0,NONE,Continue normal monitoring.,13.98,NORMAL
M001,2026-08-17 14:42:06,2.25,256.216,29.0,WARNING_VIBRATION,72.0,MEDIUM,FALLING,1,EXCESSIVE_VIBRATION,Inspect motor and rotating components.,26.55,NORMAL
M001,2026-08-17 14:42:09,1.988,306.913,29.0,NORMAL,100.0,LOW,RISING,0,NONE,Continue normal monitoring.,30.98,NORMAL
M001,2026-08-17 14:42:11,1.889,249.318,29.0,NORMAL,100.0,LOW,STABLE,0,NONE,Continue normal monitoring.,12.41,NORMAL
M001,2026-08-17 14:42:13,1.741,242.896,29.0,WARNING_VIBRATION,72.0,MEDIUM,FALLING,1,EXCESSIVE_VIBRATION,Inspect motor and rotating components.,10.3,NORMAL
M001,2026-08-17 14:42:15,1.74,210.389,29.0,NORMAL,100.0,LOW,RISING,0,NONE,Continue normal monitoring.,20.0,NORMAL
M001,2026-08-17 14:42:17,1.544,256.983,29.0,WARNING_VIBRATION,72.0,MEDIUM,FALLING,1,EXCESSIVE_VIBRATION,Inspect motor and rotating components.,8.63,NORMAL
M001,2026-08-17 14:42:19,2.09,256.306,29.0,NORMAL,100.0,LOW,RISING,0,NONE,Continue normal monitoring.,20.36,NORMAL
M001,2026-08-17 14:42:21,2.04,283.786,29.0,WARNING_VIBRATION,72.0,MEDIUM,FALLING,1,EXCESSIVE_VIBRATION,Inspect motor and rotating components.,25.45,NORMAL
M001,2026-08-17 14:42:23,1.954,314.534,29.0,NORMAL,100.0,LOW,RISING,0,NONE,Continue normal monitoring.,31.96,NORMAL
M001,2026-08-17 14:42:25,2.366,278.52,29.0,WARNING_VIBRATION,72.0,MEDIUM,FALLING,1,EXCESSIVE_VIBRATION,Inspect motor and rotating components.,38.34,NORMAL
M001,2026-08-17 14:42:27,1.738,273.369,29.0,NORMAL,100.0,LOW,RISING,0,NONE,Continue normal monitoring.,16.07,NORMAL
M001,2026-08-17 14:42:29,1.859,251.634,29.0,NORMAL,100.0,LOW,STABLE,0,NONE,Continue normal monitoring.,12.19,NORMAL
M001,2026-08-17 14:42:31,1.905,267.544,29.0,WARNING_VIBRATION,72.0,MEDIUM,FALLING,1,EXCESSIVE_VIBRATION,Inspect motor and rotating components.,17.04,NORMAL
M001,2026-08-17 14:42:34,2.367,320.025,29.0,WARNING_VIBRATION,72.0,MEDIUM,STABLE,1,EXCESSIVE_VIBRATION,Inspect motor and rotating components.,49.53,NORMAL
M001,2026-08-17 14:42:36,2.231,265.619,29.0,CRITICAL_VIB_SOUND,50.0,HIGH,FALLING,1,LOOSE_COMPONENT,Inspect and secure loose components.,29.47,NORMAL
M001,2026-08-17 14:42:38,1.522,337.199,29.0,NORMAL,100.0,LOW,RISING,0,NONE,Continue normal monitoring.,28.22,NORMAL
M001,2026-08-17 14:42:40,1.722,293.044,29.0,WARNING_SOUND,72.0,MEDIUM,FALLING,1,MECHANICAL_ABNORMALITY,Inspect mechanical components and sound sources.,20.13,NORMAL
M001,2026-08-17 14:42:42,2.983,244.673,29.0,NORMAL,100.0,LOW,RISING,0,NONE,Continue normal monitoring.,47.21,NORMAL
M001,2026-08-17 14:42:44,2.226,261.47,29.0,WARNING_VIBRATION,72.0,MEDIUM,FALLING,1,EXCESSIVE_VIBRATION,Inspect motor and rotating components.,27.59,NORMAL
M001,2026-08-17 14:42:46,2.967,251.743,29.0,WARNING_VIBRATION,72.0,MEDIUM,STABLE,1,EXCESSIVE_VIBRATION,Inspect motor and rotating components.,47.02,NORMAL
M001,2026-08-17 14:42:48,1.683,316.267,29.0,NORMAL,100.0,LOW,RISING,0,NONE,Continue normal monitoring.,26.52,NORMAL
M001,2026-08-17 14:42:50,2.222,218.971,29.0,WARNING_VIBRATION,72.0,MEDIUM,FALLING,1,EXCESSIVE_VIBRATION,Inspect motor and rotating components.,30.84,NORMAL
M001,2026-08-17 14:42:52,1.588,380.078,29.0,WARNING_VIBRATION,72.0,MEDIUM,STABLE,1,EXCESSIVE_VIBRATION,Inspect motor and rotating components.,39.64,NORMAL
M001,2026-08-17 14:42:54,1.457,291.415,29.0,NORMAL,100.0,LOW,RISING,0,NONE,Continue normal monitoring.,18.38,NORMAL
M001,2026-08-17 14:42:56,2.12,243.738,29.0,WARNING_VIBRATION,72.0,MEDIUM,FALLING,1,EXCESSIVE_VIBRATION,Inspect motor and rotating components.,21.81,NORMAL
M001,2026-08-17 14:42:59,1.775,299.951,29.0,NORMAL,100.0,LOW,RISING,0,NONE,Continue normal monitoring.,23.86,NORMAL
M001,2026-08-17 14:43:01,1.317,263.236,29.0,NORMAL,100.0,LOW,STABLE,0,NONE,Continue normal monitoring.,11.5,NORMAL
M001,2026-08-17 14:43:03,2.044,345.574,29.0,WARNING_SOUND,72.0,MEDIUM,FALLING,1,MECHANICAL_ABNORMALITY,Inspect mechanical components and sound sources.,41.78,NORMAL
M001,2026-08-17 14:43:05,3.211,250.919,29.0,NORMAL,100.0,LOW,RISING,0,NONE,Continue normal monitoring.,47.32,NORMAL
M001,2026-08-17 14:43:07,2.744,242.542,29.0,WARNING_VIBRATION,72.0,MEDIUM,FALLING,1,EXCESSIVE_VIBRATION,Inspect motor and rotating components.,44.7,NORMAL
M001,2026-08-17 14:43:09,2.883,227.962,29.0,WARNING_VIBRATION,72.0,MEDIUM,STABLE,1,EXCESSIVE_VIBRATION,Inspect motor and rotating components.,49.74,NORMAL
M001,2026-08-17 14:43:11,2.467,249.066,29.0,WARNING_VIBRATION,72.0,MEDIUM,STABLE,1,EXCESSIVE_VIBRATION,Inspect motor and rotating components.,37.78,NORMAL
M001,2026-08-17 14:43:13,1.851,247.486,29.0,NORMAL,100.0,LOW,RISING,0,NONE,Continue normal monitoring.,11.97,NORMAL
M001,2026-08-17 14:43:15,1.799,247.828,29.0,NORMAL,100.0,LOW,STABLE,0,NONE,Continue normal monitoring.,10.3,NORMAL
M001,2026-08-17 14:43:17,1.782,229.564,29.0,NORMAL,100.0,LOW,STABLE,0,NONE,Continue normal monitoring.,11.78,NORMAL
M001,2026-08-17 14:43:19,2.022,328.117,29.0,WARNING_SOUND,72.0,MEDIUM,FALLING,1,MECHANICAL_ABNORMALITY,Inspect mechanical components and sound sources.,36.26,NORMAL
M001,2026-08-17 14:43:21,2.217,240.6,29.0,WARNING_SOUND,72.0,MEDIUM,STABLE,1,MECHANICAL_ABNORMALITY,Inspect mechanical components and sound sources.,25.6,NORMAL
M001,2026-08-17 14:43:23,2.64,223.667,29.0,WARNING_VIBRATION,72.0,MEDIUM,STABLE,1,EXCESSIVE_VIBRATION,Inspect motor and rotating components.,48.34,NORMAL
M001,2026-08-17 14:43:26,2.534,230.668,29.0,NORMAL,100.0,LOW,RISING,0,NONE,Continue normal monitoring.,43.24,NORMAL
M001,2026-08-17 14:43:28,2.255,253.196,29.0,WARNING_VIBRATION,72.0,MEDIUM,FALLING,1,EXCESSIVE_VIBRATION,Inspect motor and rotating components.,26.17,NORMAL
M001,2026-08-17 14:43:30,1.901,231.75,29.0,NORMAL,100.0,LOW,RISING,0,NONE,Continue normal monitoring.,13.6,NORMAL
M001,2026-08-17 14:43:32,2.417,231.472,29.0,WARNING_VIBRATION,72.0,MEDIUM,FALLING,1,EXCESSIVE_VIBRATION,Inspect motor and rotating components.,36.27,NORMAL
M001,2026-08-17 14:43:34,2.23,255.276,29.0,NORMAL,100.0,LOW,RISING,0,NONE,Continue normal monitoring.,25.97,NORMAL
M001,2026-08-17 14:43:36,2.582,233.075,29.0,WARNING_VIBRATION,72.0,MEDIUM,FALLING,1,EXCESSIVE_VIBRATION,Inspect motor and rotating components.,43.4,NORMAL
M001,2026-08-17 14:43:38,1.737,251.126,29.0,NORMAL,100.0,LOW,RISING,0,NONE,Continue normal monitoring.,10.72,NORMAL
M001,2026-08-17 14:43:41,2.111,242.196,29.0,WARNING_VIBRATION,72.0,MEDIUM,FALLING,1,EXCESSIVE_VIBRATION,Inspect motor and rotating components.,21.67,NORMAL
M001,2026-08-17 14:43:42,1.441,361.087,29.0,WARNING_VIBRATION,72.0,MEDIUM,STABLE,1,EXCESSIVE_VIBRATION,Inspect motor and rotating components.,34.22,NORMAL
M001,2026-08-17 14:43:44,2.182,208.2,29.0,NORMAL,100.0,LOW,RISING,0,NONE,Continue normal monitoring.,33.18,NORMAL
M001,2026-08-17 14:43:46,2.305,243.623,29.0,WARNING_VIBRATION,72.0,MEDIUM,FALLING,1,EXCESSIVE_VIBRATION,Inspect motor and rotating components.,29.24,NORMAL
M001,2026-08-17 14:43:49,2.439,440.174,29.0,NORMAL,100.0,LOW,RISING,0,NONE,Continue normal monitoring.,67.42,UNKNOWN_ABNORMALITY
M001,2026-08-17 14:43:51,1.859,240.658,29.0,CRITICAL_VIB_SOUND,50.0,HIGH,FALLING,1,LOOSE_COMPONENT,Inspect and secure loose components.,12.83,NORMAL
M001,2026-08-17 14:43:53,2.405,403.528,29.0,NORMAL,100.0,LOW,RISING,0,NONE,Continue normal monitoring.,63.05,UNKNOWN_ABNORMALITY
M001,2026-08-17 14:43:55,2.129,249.867,29.0,WARNING_SOUND,72.0,MEDIUM,FALLING,1,MECHANICAL_ABNORMALITY,Inspect mechanical components and sound sources.,22.4,NORMAL
M001,2026-08-17 14:43:57,1.818,198.83,29.0,WARNING_VIBRATION,72.0,MEDIUM,STABLE,1,EXCESSIVE_VIBRATION,Inspect motor and rotating components.,26.32,NORMAL
M001,2026-08-17 14:43:59,2.107,269.736,29.0,WARNING_VIBRATION,72.0,MEDIUM,STABLE,1,EXCESSIVE_VIBRATION,Inspect motor and rotating components.,27.75,NORMAL
M001,2026-08-17 14:44:01,2.294,314.088,29.0,CRITICAL_VIB_SOUND,50.0,HIGH,FALLING,1,LOOSE_COMPONENT,Inspect and secure loose components.,45.93,NORMAL
M001,2026-08-17 14:44:03,1.929,232.432,29.0,NORMAL,100.0,LOW,RISING,0,NONE,Continue normal monitoring.,13.96,NORMAL
M001,2026-08-17 14:44:05,2.032,240.771,29.0,WARNING_VIBRATION,72.0,MEDIUM,FALLING,1,EXCESSIVE_VIBRATION,Inspect motor and rotating components.,18.48,NORMAL
M001,2026-08-17 14:44:07,2.063,197.889,29.0,NORMAL,100.0,LOW,RISING,0,NONE,Continue normal monitoring.,33.3,NORMAL
M001,2026-08-17 14:44:09,2.237,240.948,29.0,WARNING_VIBRATION,72.0,MEDIUM,FALLING,1,EXCESSIVE_VIBRATION,Inspect motor and rotating components.,26.16,NORMAL
M001,2026-08-17 14:44:11,1.969,247.103,29.0,NORMAL,100.0,LOW,RISING,0,NONE,Continue normal monitoring.,14.24,NORMAL
M001,2026-08-17 14:44:13,1.064,249.84,29.0,NORMAL,100.0,LOW,STABLE,0,NONE,Continue normal monitoring.,8.44,NORMAL
M001,2026-08-17 14:44:15,1.772,237.514,29.0,NORMAL,100.0,LOW,STABLE,0,NONE,Continue normal monitoring.,11.03,NORMAL
M001,2026-08-17 14:44:18,2.691,245.347,29.0,WARNING_VIBRATION,72.0,MEDIUM,FALLING,1,EXCESSIVE_VIBRATION,Inspect motor and rotating components.,43.61,NORMAL
M001,2026-08-17 14:44:20,2.078,361.073,29.0,CRITICAL_VIB_SOUND,50.0,HIGH,FALLING,1,LOOSE_COMPONENT,Inspect and secure loose components.,47.13,NORMAL
M001,2026-08-17 14:44:22,2.282,249.916,29.0,NORMAL,100.0,LOW,RISING,0,NONE,Continue normal monitoring.,27.29,NORMAL
M001,2026-08-17 14:44:24,2.017,239.079,29.0,WARNING_VIBRATION,72.0,MEDIUM,FALLING,1,EXCESSIVE_VIBRATION,Inspect motor and rotating components.,18.44,NORMAL
M001,2026-08-17 14:44:26,2.054,269.524,29.0,NORMAL,100.0,LOW,RISING,0,NONE,Continue normal monitoring.,23.3,NORMAL
M001,2026-08-17 14:44:28,2.02,250.241,29.0,WARNING_VIBRATION,72.0,MEDIUM,FALLING,1,EXCESSIVE_VIBRATION,Inspect motor and rotating components.,17.42,NORMAL
M001,2026-08-17 14:44:30,2.914,246.588,29.0,WARNING_VIBRATION,72.0,MEDIUM,STABLE,1,EXCESSIVE_VIBRATION,Inspect motor and rotating components.,46.52,NORMAL
M001,2026-08-17 14:44:32,2.634,231.48,29.0,WARNING_VIBRATION,72.0,MEDIUM,STABLE,1,EXCESSIVE_VIBRATION,Inspect motor and rotating components.,44.65,NORMAL
M001,2026-08-17 14:44:34,2.259,228.607,29.0,WARNING_VIBRATION,72.0,MEDIUM,STABLE,1,EXCESSIVE_VIBRATION,Inspect motor and rotating components.,29.09,NORMAL
M001,2026-08-17 14:44:36,1.472,250.599,29.0,NORMAL,100.0,LOW,RISING,0,NONE,Continue normal monitoring.,8.47,NORMAL
M001,2026-08-17 14:44:38,2.554,283.334,29.0,WARNING_VIBRATION,72.0,MEDIUM,FALLING,1,EXCESSIVE_VIBRATION,Inspect motor and rotating components.,46.87,NORMAL
M001,2026-08-17 14:44:40,2.495,365.587,29.0,CRITICAL_VIB_SOUND,50.0,HIGH,FALLING,1,LOOSE_COMPONENT,Inspect and secure loose components.,59.23,UNKNOWN_ABNORMALITY
M001,2026-08-17 14:44:43,2.188,230.558,29.0,CRITICAL_VIB_SOUND,50.0,HIGH,STABLE,1,LOOSE_COMPONENT,Inspect and secure loose components.,25.06,NORMAL
M001,2026-08-17 14:44:45,2.146,247.272,29.0,WARNING_VIBRATION,72.0,MEDIUM,RISING,1,EXCESSIVE_VIBRATION,Inspect motor and rotating components.,22.24,NORMAL
M001,2026-08-17 14:44:47,2.07,219.03,29.0,NORMAL,100.0,LOW,RISING,0,NONE,Continue normal monitoring.,25.16,NORMAL
M001,2026-08-17 14:44:49,1.923,262.483,29.0,NORMAL,100.0,LOW,STABLE,0,NONE,Continue normal monitoring.,15.5,NORMAL
M001,2026-08-17 14:44:51,1.717,241.713,29.0,WARNING_VIBRATION,72.0,MEDIUM,FALLING,1,EXCESSIVE_VIBRATION,Inspect motor and rotating components.,10.87,NORMAL
M001,2026-08-17 14:44:53,2.16,255.441,29.0,NORMAL,100.0,LOW,RISING,0,NONE,Continue normal monitoring.,23.74,NORMAL
M001,2026-08-17 14:44:55,2.04,263.857,29.0,WARNING_VIBRATION,72.0,MEDIUM,FALLING,1,EXCESSIVE_VIBRATION,Inspect motor and rotating components.,20.42,NORMAL
M001,2026-08-17 14:44:57,2.245,247.155,29.0,NORMAL,100.0,LOW,RISING,0,NONE,Continue normal monitoring.,25.38,NORMAL
M001,2026-08-17 14:44:59,2.263,393.612,29.0,WARNING_VIBRATION,72.0,MEDIUM,FALLING,1,EXCESSIVE_VIBRATION,Inspect motor and rotating components.,57.87,UNKNOWN_ABNORMALITY
M001,2026-08-17 14:45:01,1.677,236.317,29.0,NORMAL,100.0,LOW,RISING,0,NONE,Continue normal monitoring.,11.0,NORMAL
M001,2026-08-17 14:45:03,2.023,239.226,29.0,WARNING_VIBRATION,72.0,MEDIUM,FALLING,1,EXCESSIVE_VIBRATION,Inspect motor and rotating components.,18.52,NORMAL
M001,2026-08-17 14:45:05,2.008,269.753,29.0,NORMAL,100.0,LOW,RISING,0,NONE,Continue normal monitoring.,21.73,NORMAL
M001,2026-08-17 14:45:07,2.139,240.312,29.0,WARNING_VIBRATION,72.0,MEDIUM,FALLING,1,EXCESSIVE_VIBRATION,Inspect motor and rotating components.,23.23,NORMAL
M001,2026-08-17 14:45:10,1.793,263.067,29.0,NORMAL,100.0,LOW,RISING,0,NONE,Continue normal monitoring.,13.25,NORMAL
M001,2026-08-17 14:45:12,1.923,343.039,29.0,NORMAL,100.0,LOW,STABLE,0,NONE,Continue normal monitoring.,36.87,NORMAL
M001,2026-08-17 14:45:14,1.751,267.523,29.0,WARNING_VIBRATION,72.0,MEDIUM,FALLING,1,EXCESSIVE_VIBRATION,Inspect motor and rotating components.,14.28,NORMAL
M001,2026-08-17 14:45:16,1.881,225.109,29.0,NORMAL,100.0,LOW,RISING,0,NONE,Continue normal monitoring.,15.78,NORMAL
M001,2026-08-17 14:45:18,1.702,267.982,29.0,WARNING_VIBRATION,72.0,MEDIUM,FALLING,1,EXCESSIVE_VIBRATION,Inspect motor and rotating components.,14.47,NORMAL
M001,2026-08-17 14:45:20,3.156,217.191,29.0,WARNING_VIBRATION,72.0,MEDIUM,STABLE,1,EXCESSIVE_VIBRATION,Inspect motor and rotating components.,53.06,EXCESSIVE_VIBRATION
M001,2026-08-17 14:45:22,2.835,216.776,29.0,WARNING_VIBRATION,72.0,MEDIUM,STABLE,1,EXCESSIVE_VIBRATION,Inspect motor and rotating components.,51.45,UNKNOWN_ABNORMALITY
M001,2026-08-17 14:45:24,2.398,240.352,29.0,CRITICAL_VIB_SOUND,50.0,HIGH,FALLING,1,LOOSE_COMPONENT,Inspect and secure loose components.,35.52,NORMAL
M001,2026-08-17 14:45:26,2.149,256.12,29.0,WARNING_VIBRATION,72.0,MEDIUM,RISING,1,EXCESSIVE_VIBRATION,Inspect motor and rotating components.,23.34,NORMAL
M001,2026-08-17 14:45:28,2.322,239.855,29.0,NORMAL,100.0,LOW,RISING,0,NONE,Continue normal monitoring.,31.88,NORMAL
M001,2026-08-17 14:45:30,2.422,336.241,29.0,CRITICAL_VIB_SOUND,50.0,HIGH,FALLING,1,LOOSE_COMPONENT,Inspect and secure loose components.,53.24,UNKNOWN_ABNORMALITY
M001,2026-08-17 14:45:32,2.028,213.899,29.0,CRITICAL_VIB_SOUND,50.0,HIGH,STABLE,1,LOOSE_COMPONENT,Inspect and secure loose components.,25.1,NORMAL
M001,2026-08-17 14:45:35,1.871,253.728,29.0,NORMAL,100.0,LOW,RISING,0,NONE,Continue normal monitoring.,12.97,NORMAL
M001,2026-08-17 14:45:37,2.265,227.231,29.0,WARNING_VIBRATION,72.0,MEDIUM,FALLING,1,EXCESSIVE_VIBRATION,Inspect motor and rotating components.,30.62,NORMAL
M001,2026-08-17 14:45:39,1.66,234.055,29.0,NORMAL,100.0,LOW,RISING,0,NONE,Continue normal monitoring.,10.55,NORMAL
M001,2026-08-17 14:45:41,1.566,586.139,29.0,CRITICAL_VIB_SOUND,50.0,HIGH,FALLING,1,LOOSE_COMPONENT,Inspect and secure loose components.,67.2,ABNORMAL_SOUND
M001,2026-08-17 14:45:43,1.777,281.851,29.0,NORMAL,100.0,LOW,RISING,0,NONE,Continue normal monitoring.,17.84,NORMAL
M001,2026-08-17 14:45:45,1.707,231.311,29.0,NORMAL,100.0,LOW,STABLE,0,NONE,Continue normal monitoring.,11.73,NORMAL
M001,2026-08-17 14:45:47,1.694,388.04,29.0,WARNING_VIBRATION,72.0,MEDIUM,FALLING,1,EXCESSIVE_VIBRATION,Inspect motor and rotating components.,43.88,NORMAL
M001,2026-08-17 14:45:49,1.887,348.836,29.0,NORMAL,100.0,LOW,RISING,0,NONE,Continue normal monitoring.,38.12,NORMAL
M001,2026-08-17 14:45:51,1.741,259.176,29.0,NORMAL,100.0,LOW,STABLE,0,NONE,Continue normal monitoring.,11.87,NORMAL
M001,2026-08-17 14:45:53,1.937,239.107,29.0,WARNING_VIBRATION,72.0,MEDIUM,FALLING,1,EXCESSIVE_VIBRATION,Inspect motor and rotating components.,14.35,NORMAL
M001,2026-08-17 14:45:55,1.77,261.663,29.0,NORMAL,100.0,LOW,RISING,0,NONE,Continue normal monitoring.,12.37,NORMAL
M001,2026-08-17 14:45:57,2.384,235.299,29.0,WARNING_VIBRATION,72.0,MEDIUM,FALLING,1,EXCESSIVE_VIBRATION,Inspect motor and rotating components.,34.42,NORMAL
M001,2026-08-17 14:45:59,2.283,250.174,29.0,WARNING_VIBRATION,72.0,MEDIUM,STABLE,1,EXCESSIVE_VIBRATION,Inspect motor and rotating components.,27.87,NORMAL
M001,2026-08-17 14:46:02,2.175,238.882,29.0,NORMAL,100.0,LOW,RISING,0,NONE,Continue normal monitoring.,24.45,NORMAL
M001,2026-08-17 14:46:04,2.359,231.229,29.0,WARNING_VIBRATION,72.0,MEDIUM,FALLING,1,EXCESSIVE_VIBRATION,Inspect motor and rotating components.,33.17,NORMAL
M001,2026-08-17 14:46:06,1.951,254.831,29.0,NORMAL,100.0,LOW,RISING,0,NONE,Continue normal monitoring.,14.19,NORMAL
M001,2026-08-17 14:46:08,2.37,207.286,29.0,WARNING_VIBRATION,72.0,MEDIUM,FALLING,1,EXCESSIVE_VIBRATION,Inspect motor and rotating components.,41.35,NORMAL
M001,2026-08-17 14:46:10,2.141,253.203,29.0,NORMAL,100.0,LOW,RISING,0,NONE,Continue normal monitoring.,23.06,NORMAL
M001,2026-08-17 14:46:12,2.276,270.473,29.0,WARNING_VIBRATION,72.0,MEDIUM,FALLING,1,EXCESSIVE_VIBRATION,Inspect motor and rotating components.,33.23,NORMAL
M001,2026-08-17 14:46:14,2.689,257.252,29.0,WARNING_VIBRATION,72.0,MEDIUM,STABLE,1,EXCESSIVE_VIBRATION,Inspect motor and rotating components.,43.65,NORMAL
M001,2026-08-17 14:46:16,2.245,246.94,29.0,WARNING_VIBRATION,72.0,MEDIUM,STABLE,1,EXCESSIVE_VIBRATION,Inspect motor and rotating components.,25.14,NORMAL
M001,2026-08-17 14:46:18,2.292,415.247,29.0,CRITICAL_VIB_SOUND,50.0,HIGH,FALLING,1,LOOSE_COMPONENT,Inspect and secure loose components.,61.96,UNKNOWN_ABNORMALITY
M001,2026-08-17 14:46:20,1.806,212.424,29.0,NORMAL,100.0,LOW,RISING,0,NONE,Continue normal monitoring.,19.28,NORMAL
M001,2026-08-17 14:46:22,2.429,276.317,29.0,WARNING_VIBRATION,72.0,MEDIUM,FALLING,1,EXCESSIVE_VIBRATION,Inspect motor and rotating components.,40.39,NORMAL
M001,2026-08-17 14:46:24,2.088,248.354,29.0,NORMAL,100.0,LOW,RISING,0,NONE,Continue normal monitoring.,19.83,NORMAL
M001,2026-08-17 14:46:27,1.909,260.57,29.0,NORMAL,100.0,LOW,STABLE,0,NONE,Continue normal monitoring.,14.28,NORMAL
M001,2026-08-17 14:46:29,2.306,215.852,29.0,WARNING_VIBRATION,72.0,MEDIUM,FALLING,1,EXCESSIVE_VIBRATION,Inspect motor and rotating components.,36.15,NORMAL
M001,2026-08-17 14:46:31,2.046,249.058,29.0,NORMAL,100.0,LOW,RISING,0,NONE,Continue normal monitoring.,17.92,NORMAL
M001,2026-08-17 14:46:33,2.242,245.172,29.0,WARNING_VIBRATION,72.0,MEDIUM,FALLING,1,EXCESSIVE_VIBRATION,Inspect motor and rotating components.,25.31,NORMAL
M001,2026-08-17 14:46:35,2.042,213.653,29.0,NORMAL,100.0,LOW,RISING,0,NONE,Continue normal monitoring.,25.53,NORMAL
M001,2026-08-17 14:46:37,2.1,304.262,29.0,WARNING_VIBRATION,72.0,MEDIUM,FALLING,1,EXCESSIVE_VIBRATION,Inspect motor and rotating components.,37.09,NORMAL
M001,2026-08-17 14:46:39,2.317,231.231,29.0,WARNING_VIBRATION,72.0,MEDIUM,STABLE,1,EXCESSIVE_VIBRATION,Inspect motor and rotating components.,32.12,NORMAL
M001,2026-08-17 14:46:41,1.812,256.421,29.0,NORMAL,100.0,LOW,RISING,0,NONE,Continue normal monitoring.,11.2,NORMAL
M001,2026-08-17 14:46:43,1.799,224.731,29.0,NORMAL,100.0,LOW,STABLE,0,NONE,Continue normal monitoring.,14.22,NORMAL
M001,2026-08-17 14:46:45,1.871,261.746,29.0,NORMAL,100.0,LOW,STABLE,0,NONE,Continue normal monitoring.,14.67,NORMAL
M001,2026-08-17 14:46:47,1.758,253.934,29.0,WARNING_VIBRATION,72.0,MEDIUM,FALLING,1,EXCESSIVE_VIBRATION,Inspect motor and rotating components.,10.48,NORMAL
M001,2026-08-17 14:46:49,2.029,254.615,29.0,NORMAL,100.0,LOW,RISING,0,NONE,Continue normal monitoring.,17.67,NORMAL
M001,2026-08-17 14:46:52,2.063,217.799,29.0,WARNING_VIBRATION,72.0,MEDIUM,FALLING,1,EXCESSIVE_VIBRATION,Inspect motor and rotating components.,24.6,NORMAL
M001,2026-08-17 14:46:54,1.674,242.551,29.0,NORMAL,100.0,LOW,RISING,0,NONE,Continue normal monitoring.,10.16,NORMAL
M001,2026-08-17 14:46:56,1.711,231.081,29.0,NORMAL,100.0,LOW,STABLE,0,NONE,Continue normal monitoring.,11.69,NORMAL
M001,2026-08-17 14:46:58,1.549,276.454,29.0,NORMAL,100.0,LOW,STABLE,0,NONE,Continue normal monitoring.,14.74,NORMAL
M001,2026-08-17 14:47:00,2.085,281.953,29.0,WARNING_VIBRATION,72.0,MEDIUM,FALLING,1,EXCESSIVE_VIBRATION,Inspect motor and rotating components.,28.02,NORMAL
M001,2026-08-17 14:47:02,2.035,233.414,29.0,WARNING_VIBRATION,72.0,MEDIUM,STABLE,1,EXCESSIVE_VIBRATION,Inspect motor and rotating components.,18.54,NORMAL
M001,2026-08-17 14:47:04,1.994,251.419,29.0,NORMAL,100.0,LOW,RISING,0,NONE,Continue normal monitoring.,15.54,NORMAL
M001,2026-08-17 14:47:06,2.614,628.944,29.0,WARNING_VIBRATION,72.0,MEDIUM,FALLING,1,EXCESSIVE_VIBRATION,Inspect motor and rotating components.,83.37,ABNORMAL_SOUND
M001,2026-08-17 14:47:08,2.126,269.138,29.0,NORMAL,100.0,LOW,RISING,0,NONE,Continue normal monitoring.,28.48,NORMAL
M001,2026-08-17 14:47:10,1.954,265.749,29.0,WARNING_VIBRATION,72.0,MEDIUM,FALLING,1,EXCESSIVE_VIBRATION,Inspect motor and rotating components.,18.26,NORMAL
M001,2026-08-17 14:47:12,2.09,246.742,29.0,NORMAL,100.0,LOW,RISING,0,NONE,Continue normal monitoring.,19.44,NORMAL
M001,2026-08-17 14:47:14,2.108,276.705,29.0,WARNING_VIBRATION,72.0,MEDIUM,FALLING,1,EXCESSIVE_VIBRATION,Inspect motor and rotating components.,28.77,NORMAL
M001,2026-08-17 14:47:16,2.056,252.578,29.0,NORMAL,100.0,LOW,RISING,0,NONE,Continue normal monitoring.,18.37,NORMAL
M001,2026-08-17 14:47:19,2.42,265.164,29.0,WARNING_VIBRATION,72.0,MEDIUM,FALLING,1,EXCESSIVE_VIBRATION,Inspect motor and rotating components.,37.46,NORMAL
M001,2026-08-17 14:47:21,2.445,224.995,29.0,WARNING_VIBRATION,72.0,MEDIUM,STABLE,1,EXCESSIVE_VIBRATION,Inspect motor and rotating components.,41.52,NORMAL
M001,2026-08-17 14:47:23,2.604,236.285,29.0,NORMAL,100.0,LOW,RISING,0,NONE,Continue normal monitoring.,43.4,NORMAL
M001,2026-08-17 14:47:25,2.165,214.593,29.0,WARNING_VIBRATION,72.0,MEDIUM,FALLING,1,EXCESSIVE_VIBRATION,Inspect motor and rotating components.,30.48,NORMAL
M001,2026-08-17 14:47:27,2.533,223.998,29.0,WARNING_VIBRATION,72.0,MEDIUM,STABLE,1,EXCESSIVE_VIBRATION,Inspect motor and rotating components.,46.38,NORMAL
M001,2026-08-17 14:47:29,1.983,247.005,29.0,NORMAL,100.0,LOW,RISING,0,NONE,Continue normal monitoring.,14.64,NORMAL
M001,2026-08-17 14:47:31,2.331,241.44,29.0,WARNING_VIBRATION,72.0,MEDIUM,FALLING,1,EXCESSIVE_VIBRATION,Inspect motor and rotating components.,31.7,NORMAL
M001,2026-08-17 14:47:33,2.564,236.851,29.0,WARNING_VIBRATION,72.0,MEDIUM,STABLE,1,EXCESSIVE_VIBRATION,Inspect motor and rotating components.,42.94,NORMAL
M001,2026-08-17 14:47:35,2.175,226.762,29.0,WARNING_VIBRATION,72.0,MEDIUM,STABLE,1,EXCESSIVE_VIBRATION,Inspect motor and rotating components.,26.91,NORMAL
M001,2026-08-17 14:47:37,2.094,241.064,29.0,NORMAL,100.0,LOW,RISING,0,NONE,Continue normal monitoring.,21.63,NORMAL
M001,2026-08-17 14:47:39,2.176,266.45,29.0,WARNING_VIBRATION,72.0,MEDIUM,FALLING,1,EXCESSIVE_VIBRATION,Inspect motor and rotating components.,28.05,NORMAL
M001,2026-08-17 14:47:41,1.81,261.589,29.0,NORMAL,100.0,LOW,RISING,0,NONE,Continue normal monitoring.,12.91,NORMAL
M001,2026-08-17 14:47:44,2.236,232.548,29.0,WARNING_VIBRATION,72.0,MEDIUM,FALLING,1,EXCESSIVE_VIBRATION,Inspect motor and rotating components.,26.84,NORMAL
M001,2026-08-17 14:47:46,1.587,253.771,29.0,NORMAL,100.0,LOW,RISING,0,NONE,Continue normal monitoring.,9.96,NORMAL
M001,2026-08-17 14:47:48,2.004,223.755,29.0,WARNING_VIBRATION,72.0,MEDIUM,FALLING,1,EXCESSIVE_VIBRATION,Inspect motor and rotating components.,21.11,NORMAL
M001,2026-08-17 14:47:50,1.94,250.577,29.0,NORMAL,100.0,LOW,RISING,0,NONE,Continue normal monitoring.,13.09,NORMAL
M001,2026-08-17 14:47:52,1.581,197.171,29.0,NORMAL,100.0,LOW,STABLE,0,NONE,Continue normal monitoring.,25.02,NORMAL
M001,2026-08-17 14:47:54,1.512,239.462,29.0,NORMAL,100.0,LOW,STABLE,0,NONE,Continue normal monitoring.,8.23,NORMAL
M001,2026-08-17 14:47:56,2.174,251.369,29.0,WARNING_VIBRATION,72.0,MEDIUM,FALLING,1,EXCESSIVE_VIBRATION,Inspect motor and rotating components.,23.53,NORMAL
M001,2026-08-17 14:47:58,2.407,276.018,29.0,WARNING_VIBRATION,72.0,MEDIUM,STABLE,1,EXCESSIVE_VIBRATION,Inspect motor and rotating components.,40.19,NORMAL
M001,2026-08-17 14:48:00,1.895,257.458,29.0,NORMAL,100.0,LOW,RISING,0,NONE,Continue normal monitoring.,13.17,NORMAL
M001,2026-08-17 14:48:02,2.084,266.227,29.0,WARNING_VIBRATION,72.0,MEDIUM,FALLING,1,EXCESSIVE_VIBRATION,Inspect motor and rotating components.,23.94,NORMAL
M001,2026-08-17 14:48:04,1.987,244.198,29.0,NORMAL,100.0,LOW,RISING,0,NONE,Continue normal monitoring.,15.76,NORMAL
M001,2026-08-17 14:48:06,1.846,260.171,29.0,WARNING_VIBRATION,72.0,MEDIUM,FALLING,1,EXCESSIVE_VIBRATION,Inspect motor and rotating components.,13.44,NORMAL
M001,2026-08-17 14:48:08,2.271,274.331,29.0,WARNING_VIBRATION,72.0,MEDIUM,STABLE,1,EXCESSIVE_VIBRATION,Inspect motor and rotating components.,33.94,NORMAL
M001,2026-08-17 14:48:11,2.186,251.801,29.0,NORMAL,100.0,LOW,RISING,0,NONE,Continue normal monitoring.,23.64,NORMAL
M001,2026-08-17 14:48:13,1.424,240.161,29.0,WARNING_VIBRATION,72.0,MEDIUM,FALLING,1,EXCESSIVE_VIBRATION,Inspect motor and rotating components.,8.72,NORMAL
M001,2026-08-17 14:48:15,1.596,243.744,29.0,NORMAL,100.0,LOW,RISING,0,NONE,Continue normal monitoring.,9.08,NORMAL
M001,2026-08-17 14:48:17,1.78,215.126,29.0,NORMAL,100.0,LOW,STABLE,0,NONE,Continue normal monitoring.,17.43,NORMAL
M001,2026-08-17 14:48:19,1.86,239.772,29.0,WARNING_VIBRATION,72.0,MEDIUM,FALLING,1,EXCESSIVE_VIBRATION,Inspect motor and rotating components.,12.92,NORMAL
M001,2026-08-17 14:48:21,2.102,224.984,29.0,WARNING_VIBRATION,72.0,MEDIUM,STABLE,1,EXCESSIVE_VIBRATION,Inspect motor and rotating components.,25.02,NORMAL
M001,2026-08-17 14:48:23,2.345,251.277,29.0,WARNING_VIBRATION,72.0,MEDIUM,STABLE,1,EXCESSIVE_VIBRATION,Inspect motor and rotating components.,31.07,NORMAL
M001,2026-08-17 14:48:26,2.499,253.719,29.0,WARNING_VIBRATION,72.0,MEDIUM,STABLE,1,EXCESSIVE_VIBRATION,Inspect motor and rotating components.,39.58,NORMAL
M001,2026-08-17 14:48:27,2.386,218.295,29.0,WARNING_VIBRATION,72.0,MEDIUM,STABLE,1,EXCESSIVE_VIBRATION,Inspect motor and rotating components.,38.66,NORMAL
M001,2026-08-17 14:48:29,2.148,227.75,29.0,WARNING_VIBRATION,72.0,MEDIUM,STABLE,1,EXCESSIVE_VIBRATION,Inspect motor and rotating components.,25.37,NORMAL
M001,2026-08-17 14:48:31,1.938,248.643,29.0,CRITICAL_VIB_SOUND,50.0,HIGH,FALLING,1,LOOSE_COMPONENT,Inspect and secure loose components.,13.0,NORMAL
M001,2026-08-17 14:48:33,1.8,205.43,29.0,NORMAL,100.0,LOW,RISING,0,NONE,Continue normal monitoring.,22.97,NORMAL
M001,2026-08-17 14:48:36,1.771,203.308,29.0,NORMAL,100.0,LOW,STABLE,0,NONE,Continue normal monitoring.,23.03,NORMAL
M001,2026-08-17 14:48:38,2.215,307.225,29.0,WARNING_VIBRATION,72.0,MEDIUM,FALLING,1,EXCESSIVE_VIBRATION,Inspect motor and rotating components.,40.26,NORMAL
M001,2026-08-17 14:48:40,2.34,237.742,29.0,WARNING_VIBRATION,72.0,MEDIUM,STABLE,1,EXCESSIVE_VIBRATION,Inspect motor and rotating components.,32.37,NORMAL
M001,2026-08-17 14:48:42,2.267,227.888,29.0,WARNING_VIBRATION,72.0,MEDIUM,STABLE,1,EXCESSIVE_VIBRATION,Inspect motor and rotating components.,30.32,NORMAL
M001,2026-08-17 14:48:44,2.214,270.254,29.0,CRITICAL_VIB_SOUND,50.0,HIGH,FALLING,1,LOOSE_COMPONENT,Inspect and secure loose components.,30.71,NORMAL
M001,2026-08-17 14:48:46,1.957,248.077,29.0,NORMAL,100.0,LOW,RISING,0,NONE,Continue normal monitoring.,14.0,NORMAL
M001,2026-08-17 14:48:48,2.245,235.581,29.0,WARNING_VIBRATION,72.0,MEDIUM,FALLING,1,EXCESSIVE_VIBRATION,Inspect motor and rotating components.,26.7,NORMAL
M001,2026-08-17 14:48:50,1.793,211.591,29.0,NORMAL,100.0,LOW,RISING,0,NONE,Continue normal monitoring.,19.25,NORMAL
M001,2026-08-17 14:48:52,1.428,199.637,29.0,NORMAL,100.0,LOW,STABLE,0,NONE,Continue normal monitoring.,22.37,NORMAL
M001,2026-08-17 14:48:54,1.614,353.946,29.0,NORMAL,100.0,LOW,STABLE,0,NONE,Continue normal monitoring.,33.38,NORMAL
M001,2026-08-17 14:48:56,1.915,243.394,29.0,WARNING_SOUND,72.0,MEDIUM,FALLING,1,MECHANICAL_ABNORMALITY,Inspect mechanical components and sound sources.,12.88,NORMAL
M001,2026-08-17 14:48:58,2.089,227.661,29.0,NORMAL,100.0,LOW,RISING,0,NONE,Continue normal monitoring.,22.78,NORMAL
M001,2026-08-17 14:49:00,1.845,235.69,29.0,NORMAL,100.0,LOW,STABLE,0,NONE,Continue normal monitoring.,13.53,NORMAL
M001,2026-08-17 14:49:03,2.18,225.271,29.0,WARNING_VIBRATION,72.0,MEDIUM,FALLING,1,EXCESSIVE_VIBRATION,Inspect motor and rotating components.,27.43,NORMAL
M001,2026-08-17 14:49:05,1.785,450.534,29.0,WARNING_VIBRATION,72.0,MEDIUM,STABLE,1,EXCESSIVE_VIBRATION,Inspect motor and rotating components.,53.49,UNKNOWN_ABNORMALITY
M001,2026-08-17 14:49:07,2.508,252.288,29.0,WARNING_SOUND,72.0,MEDIUM,STABLE,1,MECHANICAL_ABNORMALITY,Inspect mechanical components and sound sources.,39.47,NORMAL
M001,2026-08-17 14:49:09,1.87,237.634,29.0,NORMAL,100.0,LOW,RISING,0,NONE,Continue normal monitoring.,13.14,NORMAL
M001,2026-08-17 14:49:11,1.916,276.889,29.0,WARNING_VIBRATION,72.0,MEDIUM,FALLING,1,EXCESSIVE_VIBRATION,Inspect motor and rotating components.,19.09,NORMAL
M001,2026-08-17 14:49:13,2.227,241.843,29.0,WARNING_VIBRATION,72.0,MEDIUM,STABLE,1,EXCESSIVE_VIBRATION,Inspect motor and rotating components.,25.55,NORMAL
M001,2026-08-17 14:49:15,2.651,348.663,29.0,NORMAL,100.0,LOW,RISING,0,NONE,Continue normal monitoring.,60.9,UNKNOWN_ABNORMALITY
M001,2026-08-17 14:49:17,2.149,219.596,29.0,WARNING_VIBRATION,72.0,MEDIUM,FALLING,1,EXCESSIVE_VIBRATION,Inspect motor and rotating components.,28.48,NORMAL
M001,2026-08-17 14:49:19,2.599,229.226,29.0,NORMAL,100.0,LOW,RISING,0,NONE,Continue normal monitoring.,44.44,NORMAL
M001,2026-08-17 14:49:21,2.256,496.444,29.0,WARNING_VIBRATION,72.0,MEDIUM,FALLING,1,EXCESSIVE_VIBRATION,Inspect motor and rotating components.,67.59,UNKNOWN_ABNORMALITY
M001,2026-08-17 14:49:23,2.181,301.6,29.0,NORMAL,100.0,LOW,RISING,0,NONE,Continue normal monitoring.,38.36,NORMAL
M001,2026-08-17 14:49:25,2.047,249.107,29.0,WARNING_VIBRATION,72.0,MEDIUM,FALLING,1,EXCESSIVE_VIBRATION,Inspect motor and rotating components.,17.92,NORMAL
M001,2026-08-17 14:49:28,2.184,478.405,29.0,WARNING_VIBRATION,72.0,MEDIUM,STABLE,1,EXCESSIVE_VIBRATION,Inspect motor and rotating components.,65.9,UNKNOWN_ABNORMALITY
M001,2026-08-17 14:49:30,2.67,265.623,29.0,WARNING_VIBRATION,72.0,MEDIUM,STABLE,1,EXCESSIVE_VIBRATION,Inspect motor and rotating components.,44.95,NORMAL
M001,2026-08-17 14:49:32,2.658,255.194,29.0,WARNING_VIBRATION,72.0,MEDIUM,STABLE,1,EXCESSIVE_VIBRATION,Inspect motor and rotating components.,43.34,NORMAL
M001,2026-08-17 14:49:34,2.168,252.645,29.0,CRITICAL_VIB_SOUND,50.0,HIGH,FALLING,1,LOOSE_COMPONENT,Inspect and secure loose components.,23.4,NORMAL
M001,2026-08-17 14:49:36,2.496,243.518,29.0,NORMAL,100.0,LOW,RISING,0,NONE,Continue normal monitoring.,39.84,NORMAL
M001,2026-08-17 14:49:38,1.745,253.649,29.0,WARNING_VIBRATION,72.0,MEDIUM,FALLING,1,EXCESSIVE_VIBRATION,Inspect motor and rotating components.,10.84,NORMAL
M001,2026-08-17 14:49:40,2.215,245.077,29.0,NORMAL,100.0,LOW,RISING,0,NONE,Continue normal monitoring.,24.47,NORMAL
M001,2026-08-17 14:49:42,2.332,233.267,29.0,WARNING_VIBRATION,72.0,MEDIUM,FALLING,1,EXCESSIVE_VIBRATION,Inspect motor and rotating components.,32.49,NORMAL
M001,2026-08-17 14:49:44,2.288,233.785,29.0,WARNING_VIBRATION,72.0,MEDIUM,STABLE,1,EXCESSIVE_VIBRATION,Inspect motor and rotating components.,30.25,NORMAL
M001,2026-08-17 14:49:46,2.046,233.81,29.0,WARNING_VIBRATION,72.0,MEDIUM,STABLE,1,EXCESSIVE_VIBRATION,Inspect motor and rotating components.,18.83,NORMAL
M001,2026-08-17 14:49:48,1.927,322.243,29.0,NORMAL,100.0,LOW,RISING,0,NONE,Continue normal monitoring.,31.59,NORMAL
M001,2026-08-17 14:49:50,1.784,537.899,29.0,WARNING_VIBRATION,72.0,MEDIUM,FALLING,1,EXCESSIVE_VIBRATION,Inspect motor and rotating components.,64.72,ABNORMAL_SOUND
M001,2026-08-17 14:49:52,2.142,303.665,29.0,WARNING_SOUND,72.0,MEDIUM,STABLE,1,MECHANICAL_ABNORMALITY,Inspect mechanical components and sound sources.,38.06,NORMAL
M001,2026-08-17 14:49:55,2.256,248.567,29.0,WARNING_SOUND,72.0,MEDIUM,STABLE,1,MECHANICAL_ABNORMALITY,Inspect mechanical components and sound sources.,26.24,NORMAL
M001,2026-08-17 14:49:57,1.596,217.068,29.0,WARNING_VIBRATION,72.0,MEDIUM,STABLE,1,EXCESSIVE_VIBRATION,Inspect motor and rotating components.,16.23,NORMAL
M001,2026-08-17 14:49:59,1.792,273.394,29.0,NORMAL,100.0,LOW,RISING,0,NONE,Continue normal monitoring.,16.23,NORMAL
M001,2026-08-17 14:50:01,2.005,296.246,29.0,WARNING_VIBRATION,72.0,MEDIUM,FALLING,1,EXCESSIVE_VIBRATION,Inspect motor and rotating components.,29.09,NORMAL
M001,2026-08-17 14:50:03,2.729,265.798,29.0,WARNING_VIBRATION,72.0,MEDIUM,STABLE,1,EXCESSIVE_VIBRATION,Inspect motor and rotating components.,45.8,NORMAL
M001,2026-08-17 14:50:05,2.276,271.365,29.0,WARNING_VIBRATION,72.0,MEDIUM,STABLE,1,EXCESSIVE_VIBRATION,Inspect motor and rotating components.,33.26,NORMAL
M001,2026-08-17 14:50:07,2.038,502.19,29.0,NORMAL,100.0,LOW,RISING,0,NONE,Continue normal monitoring.,63.31,ABNORMAL_SOUND
M001,2026-08-17 14:50:09,1.898,357.388,29.0,WARNING_SOUND,72.0,MEDIUM,FALLING,1,MECHANICAL_ABNORMALITY,Inspect mechanical components and sound sources.,39.38,NORMAL
M001,2026-08-17 14:50:11,2.25,232.848,29.0,WARNING_SOUND,72.0,MEDIUM,STABLE,1,MECHANICAL_ABNORMALITY,Inspect mechanical components and sound sources.,27.42,NORMAL
M001,2026-08-17 14:50:13,1.972,243.929,29.0,WARNING_VIBRATION,72.0,MEDIUM,STABLE,1,EXCESSIVE_VIBRATION,Inspect motor and rotating components.,15.03,NORMAL
M001,2026-08-17 14:50:15,2.189,251.36,29.0,NORMAL,100.0,LOW,RISING,0,NONE,Continue normal monitoring.,23.53,NORMAL
M001,2026-08-17 14:50:17,1.942,295.993,29.0,WARNING_VIBRATION,72.0,MEDIUM,FALLING,1,EXCESSIVE_VIBRATION,Inspect motor and rotating components.,26.02,NORMAL
M001,2026-08-17 14:50:20,2.382,242.836,29.0,NORMAL,100.0,LOW,RISING,0,NONE,Continue normal monitoring.,32.9,NORMAL
M001,2026-08-17 14:50:22,2.259,250.1,29.0,WARNING_VIBRATION,72.0,MEDIUM,FALLING,1,EXCESSIVE_VIBRATION,Inspect motor and rotating components.,26.29,NORMAL
M001,2026-08-17 14:50:24,2.271,250.973,29.0,NORMAL,100.0,LOW,RISING,0,NONE,Continue normal monitoring.,27.35,NORMAL
M001,2026-08-17 14:50:26,2.068,341.741,29.0,WARNING_VIBRATION,72.0,MEDIUM,FALLING,1,EXCESSIVE_VIBRATION,Inspect motor and rotating components.,43.1,NORMAL
M001,2026-08-17 14:50:28,1.707,247.312,29.0,NORMAL,100.0,LOW,RISING,0,NONE,Continue normal monitoring.,10.07,NORMAL
M001,2026-08-17 14:50:30,2.505,258.107,29.0,WARNING_VIBRATION,72.0,MEDIUM,FALLING,1,EXCESSIVE_VIBRATION,Inspect motor and rotating components.,39.84,NORMAL
M001,2026-08-17 14:50:32,1.869,222.894,29.0,NORMAL,100.0,LOW,RISING,0,NONE,Continue normal monitoring.,16.7,NORMAL
M001,2026-08-17 14:50:34,2.098,301.159,29.0,WARNING_VIBRATION,72.0,MEDIUM,FALLING,1,EXCESSIVE_VIBRATION,Inspect motor and rotating components.,36.23,NORMAL
M001,2026-08-17 14:50:36,2.344,224.796,29.0,NORMAL,100.0,LOW,RISING,0,NONE,Continue normal monitoring.,35.12,NORMAL
M001,2026-08-17 14:50:38,2.164,251.46,29.0,WARNING_VIBRATION,72.0,MEDIUM,FALLING,1,EXCESSIVE_VIBRATION,Inspect motor and rotating components.,23.05,NORMAL
M001,2026-08-17 14:50:40,1.868,251.352,29.0,NORMAL,100.0,LOW,RISING,0,NONE,Continue normal monitoring.,12.16,NORMAL
M001,2026-08-17 14:50:42,1.514,227.892,29.0,NORMAL,100.0,LOW,STABLE,0,NONE,Continue normal monitoring.,10.37,NORMAL
M001,2026-08-17 14:50:45,1.966,241.091,29.0,WARNING_VIBRATION,72.0,MEDIUM,FALLING,1,EXCESSIVE_VIBRATION,Inspect motor and rotating components.,15.43,NORMAL
M001,2026-08-17 14:50:47,2.169,213.886,29.0,NORMAL,100.0,LOW,RISING,0,NONE,Continue normal monitoring.,31.19,NORMAL
M001,2026-08-17 14:50:49,2.133,264.162,29.0,WARNING_VIBRATION,72.0,MEDIUM,FALLING,1,EXCESSIVE_VIBRATION,Inspect motor and rotating components.,26.67,NORMAL
M001,2026-08-17 14:50:51,2.127,235.974,29.0,WARNING_VIBRATION,72.0,MEDIUM,STABLE,1,EXCESSIVE_VIBRATION,Inspect motor and rotating components.,23.1,NORMAL
M001,2026-08-17 14:50:53,1.675,199.384,29.0,NORMAL,100.0,LOW,RISING,0,NONE,Continue normal monitoring.,24.87,NORMAL
M001,2026-08-17 14:50:55,2.385,256.431,29.0,WARNING_VIBRATION,72.0,MEDIUM,FALLING,1,EXCESSIVE_VIBRATION,Inspect motor and rotating components.,33.35,NORMAL
M001,2026-08-17 14:50:57,2.157,252.831,29.0,WARNING_VIBRATION,72.0,MEDIUM,STABLE,1,EXCESSIVE_VIBRATION,Inspect motor and rotating components.,23.38,NORMAL
M001,2026-08-17 14:50:59,2.623,238.899,29.0,WARNING_VIBRATION,72.0,MEDIUM,STABLE,1,EXCESSIVE_VIBRATION,Inspect motor and rotating components.,43.78,NORMAL
M001,2026-08-17 14:51:01,1.953,252.848,29.0,NORMAL,100.0,LOW,RISING,0,NONE,Continue normal monitoring.,14.7,NORMAL
M001,2026-08-17 14:51:03,2.388,259.394,29.0,WARNING_VIBRATION,72.0,MEDIUM,FALLING,1,EXCESSIVE_VIBRATION,Inspect motor and rotating components.,34.59,NORMAL
M001,2026-08-17 14:51:05,2.413,283.354,29.0,WARNING_VIBRATION,72.0,MEDIUM,STABLE,1,EXCESSIVE_VIBRATION,Inspect motor and rotating components.,41.38,NORMAL
M001,2026-08-17 14:51:07,2.014,250.953,29.0,NORMAL,100.0,LOW,RISING,0,NONE,Continue normal monitoring.,17.14,NORMAL
M001,2026-08-17 14:51:09,2.027,243.103,29.0,WARNING_VIBRATION,72.0,MEDIUM,FALLING,1,EXCESSIVE_VIBRATION,Inspect motor and rotating components.,17.73,NORMAL
M001,2026-08-17 14:51:12,2.339,234.956,29.0,WARNING_VIBRATION,72.0,MEDIUM,STABLE,1,EXCESSIVE_VIBRATION,Inspect motor and rotating components.,32.32,NORMAL
M001,2026-08-17 14:51:14,1.946,225.443,29.0,NORMAL,100.0,LOW,RISING,0,NONE,Continue normal monitoring.,16.91,NORMAL
M001,2026-08-17 14:51:16,2.327,230.754,29.0,WARNING_VIBRATION,72.0,MEDIUM,FALLING,1,EXCESSIVE_VIBRATION,Inspect motor and rotating components.,32.49,NORMAL
M001,2026-08-17 14:51:18,1.791,253.345,29.0,NORMAL,100.0,LOW,RISING,0,NONE,Continue normal monitoring.,10.99,NORMAL
M001,2026-08-17 14:51:20,1.984,244.144,29.0,NORMAL,100.0,LOW,STABLE,0,NONE,Continue normal monitoring.,15.12,NORMAL
M001,2026-08-17 14:51:22,2.458,248.124,29.0,WARNING_VIBRATION,72.0,MEDIUM,FALLING,1,EXCESSIVE_VIBRATION,Inspect motor and rotating components.,37.48,NORMAL
M001,2026-08-17 14:51:24,2.214,252.552,29.0,NORMAL,100.0,LOW,RISING,0,NONE,Continue normal monitoring.,24.7,NORMAL
M001,2026-08-17 14:51:26,2.442,253.726,29.0,WARNING_VIBRATION,72.0,MEDIUM,FALLING,1,EXCESSIVE_VIBRATION,Inspect motor and rotating components.,36.62,NORMAL
M001,2026-08-17 14:51:28,2.302,214.316,29.0,WARNING_VIBRATION,72.0,MEDIUM,STABLE,1,EXCESSIVE_VIBRATION,Inspect motor and rotating components.,36.13,NORMAL
M001,2026-08-17 14:51:30,2.175,227.565,29.0,NORMAL,100.0,LOW,RISING,0,NONE,Continue normal monitoring.,26.32,NORMAL
M001,2026-08-17 14:51:32,2.62,259.43,29.0,WARNING_VIBRATION,72.0,MEDIUM,FALLING,1,EXCESSIVE_VIBRATION,Inspect motor and rotating components.,42.84,NORMAL
M001,2026-08-17 14:51:34,2.101,258.921,29.0,WARNING_VIBRATION,72.0,MEDIUM,STABLE,1,EXCESSIVE_VIBRATION,Inspect motor and rotating components.,22.65,NORMAL
M001,2026-08-17 14:51:37,2.116,241.517,29.0,WARNING_VIBRATION,72.0,MEDIUM,STABLE,1,EXCESSIVE_VIBRATION,Inspect motor and rotating components.,22.53,NORMAL
M001,2026-08-17 14:51:39,1.86,268.515,29.0,NORMAL,100.0,LOW,RISING,0,NONE,Continue normal monitoring.,16.55,NORMAL
M001,2026-08-17 14:51:41,1.654,259.487,29.0,NORMAL,100.0,LOW,STABLE,0,NONE,Continue normal monitoring.,10.95,NORMAL
M001,2026-08-17 14:51:43,1.922,246.59,29.0,WARNING_VIBRATION,72.0,MEDIUM,FALLING,1,EXCESSIVE_VIBRATION,Inspect motor and rotating components.,12.36,NORMAL
M001,2026-08-17 14:51:45,2.139,222.206,29.0,NORMAL,100.0,LOW,RISING,0,NONE,Continue normal monitoring.,27.17,NORMAL
M001,2026-08-17 14:51:47,1.754,241.724,29.0,WARNING_VIBRATION,72.0,MEDIUM,FALLING,1,EXCESSIVE_VIBRATION,Inspect motor and rotating components.,10.62,NORMAL
M001,2026-08-17 14:51:49,1.86,253.758,29.0,NORMAL,100.0,LOW,RISING,0,NONE,Continue normal monitoring.,12.59,NORMAL
M001,2026-08-17 14:51:51,2.319,240.439,29.0,WARNING_VIBRATION,72.0,MEDIUM,FALLING,1,EXCESSIVE_VIBRATION,Inspect motor and rotating components.,31.76,NORMAL
M001,2026-08-17 14:51:53,2.185,293.132,29.0,NORMAL,100.0,LOW,RISING,0,NONE,Continue normal monitoring.,34.99,NORMAL
M001,2026-08-17 14:51:55,1.634,234.3,29.0,WARNING_VIBRATION,72.0,MEDIUM,FALLING,1,EXCESSIVE_VIBRATION,Inspect motor and rotating components.,10.15,NORMAL
M001,2026-08-17 14:51:57,1.815,264.22,29.0,NORMAL,100.0,LOW,RISING,0,NONE,Continue normal monitoring.,14.28,NORMAL
M001,2026-08-17 14:51:59,1.978,262.521,29.0,NORMAL,100.0,LOW,STABLE,0,NONE,Continue normal monitoring.,17.74,NORMAL
M001,2026-08-17 14:52:02,1.989,282.144,29.0,WARNING_VIBRATION,72.0,MEDIUM,FALLING,1,EXCESSIVE_VIBRATION,Inspect motor and rotating components.,23.04,NORMAL
M001,2026-08-17 14:52:04,2.422,231.553,29.0,WARNING_VIBRATION,72.0,MEDIUM,STABLE,1,EXCESSIVE_VIBRATION,Inspect motor and rotating components.,36.66,NORMAL
M001,2026-08-17 14:52:06,2.233,246.545,29.0,NORMAL,100.0,LOW,RISING,0,NONE,Continue normal monitoring.,25.2,NORMAL
M001,2026-08-17 14:52:08,2.468,266.155,29.0,WARNING_VIBRATION,72.0,MEDIUM,FALLING,1,EXCESSIVE_VIBRATION,Inspect motor and rotating components.,39.86,NORMAL
M001,2026-08-17 14:52:10,1.843,246.416,29.0,NORMAL,100.0,LOW,RISING,0,NONE,Continue normal monitoring.,11.46,NORMAL
M001,2026-08-17 14:52:12,2.468,253.627,29.0,WARNING_VIBRATION,72.0,MEDIUM,FALLING,1,EXCESSIVE_VIBRATION,Inspect motor and rotating components.,37.88,NORMAL
M001,2026-08-17 14:52:14,2.276,256.787,29.0,WARNING_VIBRATION,72.0,MEDIUM,STABLE,1,EXCESSIVE_VIBRATION,Inspect motor and rotating components.,28.45,NORMAL
M001,2026-08-17 14:52:16,2.225,249.741,29.0,WARNING_VIBRATION,72.0,MEDIUM,STABLE,1,EXCESSIVE_VIBRATION,Inspect motor and rotating components.,24.34,NORMAL
M001,2026-08-17 14:52:18,2.284,243.386,29.0,NORMAL,100.0,LOW,RISING,0,NONE,Continue normal monitoring.,27.94,NORMAL
M001,2026-08-17 14:52:20,2.011,264.88,29.0,WARNING_VIBRATION,72.0,MEDIUM,FALLING,1,EXCESSIVE_VIBRATION,Inspect motor and rotating components.,19.71,NORMAL
M001,2026-08-17 14:52:22,2.019,225.191,29.0,NORMAL,100.0,LOW,RISING,0,NONE,Continue normal monitoring.,20.66,NORMAL
M001,2026-08-17 14:52:24,2.628,244.325,29.0,WARNING_VIBRATION,72.0,MEDIUM,FALLING,1,EXCESSIVE_VIBRATION,Inspect motor and rotating components.,43.02,NORMAL
M001,2026-08-17 14:52:27,2.267,326.048,29.0,WARNING_VIBRATION,72.0,MEDIUM,STABLE,1,EXCESSIVE_VIBRATION,Inspect motor and rotating components.,46.69,NORMAL
M001,2026-08-17 14:52:29,1.999,242.296,29.0,NORMAL,100.0,LOW,RISING,0,NONE,Continue normal monitoring.,16.44,NORMAL
M001,2026-08-17 14:52:31,1.965,262.333,29.0,WARNING_VIBRATION,72.0,MEDIUM,FALLING,1,EXCESSIVE_VIBRATION,Inspect motor and rotating components.,16.82,NORMAL
M001,2026-08-17 14:52:33,2.673,237.157,29.0,WARNING_VIBRATION,72.0,MEDIUM,STABLE,1,EXCESSIVE_VIBRATION,Inspect motor and rotating components.,44.99,NORMAL
M001,2026-08-17 14:52:35,2.45,248.108,29.0,WARNING_VIBRATION,72.0,MEDIUM,STABLE,1,EXCESSIVE_VIBRATION,Inspect motor and rotating components.,37.06,NORMAL
M001,2026-08-17 14:52:37,1.793,229.418,29.0,NORMAL,100.0,LOW,RISING,0,NONE,Continue normal monitoring.,11.83,NORMAL
M001,2026-08-17 14:52:39,2.061,723.966,29.0,CRITICAL_VIB_SOUND,50.0,HIGH,FALLING,1,LOOSE_COMPONENT,Inspect and secure loose components.,78.58,ABNORMAL_SOUND
M001,2026-08-17 14:52:41,2.171,256.161,29.0,CRITICAL_VIB_SOUND,50.0,HIGH,STABLE,1,LOOSE_COMPONENT,Inspect and secure loose components.,24.38,NORMAL
M001,2026-08-17 14:52:43,1.974,233.778,29.0,WARNING_VIBRATION,72.0,MEDIUM,RISING,1,EXCESSIVE_VIBRATION,Inspect motor and rotating components.,16.09,NORMAL
M001,2026-08-17 14:52:45,1.998,216.324,29.0,NORMAL,100.0,LOW,RISING,0,NONE,Continue normal monitoring.,23.35,NORMAL
M001,2026-08-17 14:52:47,2.076,235.209,29.0,WARNING_VIBRATION,72.0,MEDIUM,FALLING,1,EXCESSIVE_VIBRATION,Inspect motor and rotating components.,20.6,NORMAL
M001,2026-08-17 14:52:49,2.019,235.106,29.0,WARNING_VIBRATION,72.0,MEDIUM,STABLE,1,EXCESSIVE_VIBRATION,Inspect motor and rotating components.,18.36,NORMAL
M001,2026-08-17 14:52:52,2.119,245.482,29.0,NORMAL,100.0,LOW,RISING,0,NONE,Continue normal monitoring.,21.63,NORMAL
M001,2026-08-17 14:52:53,2.224,264.184,29.0,WARNING_VIBRATION,72.0,MEDIUM,FALLING,1,EXCESSIVE_VIBRATION,Inspect motor and rotating components.,28.59,NORMAL
M001,2026-08-17 14:52:56,2.087,220.271,29.0,WARNING_VIBRATION,72.0,MEDIUM,STABLE,1,EXCESSIVE_VIBRATION,Inspect motor and rotating components.,25.55,NORMAL
M001,2026-08-17 14:52:58,2.206,245.23,29.0,WARNING_VIBRATION,72.0,MEDIUM,STABLE,1,EXCESSIVE_VIBRATION,Inspect motor and rotating components.,24.17,NORMAL
M001,2026-08-17 14:53:00,2.346,245.703,29.0,WARNING_VIBRATION,72.0,MEDIUM,STABLE,1,EXCESSIVE_VIBRATION,Inspect motor and rotating components.,31.33,NORMAL
M001,2026-08-17 14:53:02,1.847,249.408,29.0,NORMAL,100.0,LOW,RISING,0,NONE,Continue normal monitoring.,12.53,NORMAL
M001,2026-08-17 14:53:04,1.744,303.961,29.0,NORMAL,100.0,LOW,STABLE,0,NONE,Continue normal monitoring.,24.86,NORMAL
M001,2026-08-17 14:53:06,1.688,243.075,29.0,NORMAL,100.0,LOW,STABLE,0,NONE,Continue normal monitoring.,9.99,NORMAL
M001,2026-08-17 14:53:08,1.73,269.882,29.0,WARNING_VIBRATION,72.0,MEDIUM,FALLING,1,EXCESSIVE_VIBRATION,Inspect motor and rotating components.,15.53,NORMAL
M001,2026-08-17 14:53:10,1.751,245.422,29.0,NORMAL,100.0,LOW,RISING,0,NONE,Continue normal monitoring.,9.82,NORMAL
M001,2026-08-17 14:53:12,1.977,225.278,29.0,WARNING_VIBRATION,72.0,MEDIUM,FALLING,1,EXCESSIVE_VIBRATION,Inspect motor and rotating components.,18.74,NORMAL
M001,2026-08-17 14:53:14,1.649,254.849,29.0,NORMAL,100.0,LOW,RISING,0,NONE,Continue normal monitoring.,10.07,NORMAL
M001,2026-08-17 14:53:16,2.304,244.724,29.0,WARNING_VIBRATION,72.0,MEDIUM,FALLING,1,EXCESSIVE_VIBRATION,Inspect motor and rotating components.,29.08,NORMAL
M001,2026-08-17 14:53:18,1.906,266.545,29.0,NORMAL,100.0,LOW,RISING,0,NONE,Continue normal monitoring.,16.31,NORMAL
M001,2026-08-17 14:53:21,1.744,430.892,29.0,WARNING_SOUND,72.0,MEDIUM,FALLING,1,MECHANICAL_ABNORMALITY,Inspect mechanical components and sound sources.,49.61,NORMAL
M001,2026-08-17 14:53:23,2.018,304.333,29.0,WARNING_SOUND,72.0,MEDIUM,STABLE,1,MECHANICAL_ABNORMALITY,Inspect mechanical components and sound sources.,31.63,NORMAL
M001,2026-08-17 14:53:25,2.459,263.887,29.0,WARNING_VIBRATION,72.0,MEDIUM,STABLE,1,EXCESSIVE_VIBRATION,Inspect motor and rotating components.,39.18,NORMAL
M001,2026-08-17 14:53:27,2.047,275.307,29.0,NORMAL,100.0,LOW,RISING,0,NONE,Continue normal monitoring.,23.8,NORMAL
M001,2026-08-17 14:53:29,1.726,277.03,29.0,WARNING_VIBRATION,72.0,MEDIUM,FALLING,1,EXCESSIVE_VIBRATION,Inspect motor and rotating components.,16.7,NORMAL
M001,2026-08-17 14:53:31,1.981,324.762,29.0,NORMAL,100.0,LOW,RISING,0,NONE,Continue normal monitoring.,34.22,NORMAL
M001,2026-08-17 14:53:33,1.752,255.122,29.0,WARNING_VIBRATION,72.0,MEDIUM,FALLING,1,EXCESSIVE_VIBRATION,Inspect motor and rotating components.,10.83,NORMAL
M001,2026-08-17 14:53:35,1.843,257.39,29.0,NORMAL,100.0,LOW,RISING,0,NONE,Continue normal monitoring.,12.54,NORMAL
M001,2026-08-17 14:53:37,2.032,232.92,29.0,WARNING_VIBRATION,72.0,MEDIUM,FALLING,1,EXCESSIVE_VIBRATION,Inspect motor and rotating components.,18.6,NORMAL
M001,2026-08-17 14:53:39,2.555,338.183,29.0,WARNING_VIBRATION,72.0,MEDIUM,STABLE,1,EXCESSIVE_VIBRATION,Inspect motor and rotating components.,58.86,UNKNOWN_ABNORMALITY
M001,2026-08-17 14:53:41,2.234,254.682,29.0,CRITICAL_VIB_SOUND,50.0,HIGH,FALLING,1,LOOSE_COMPONENT,Inspect and secure loose components.,26.13,NORMAL
M001,2026-08-17 14:53:43,2.344,231.444,29.0,NORMAL,100.0,LOW,RISING,0,NONE,Continue normal monitoring.,32.83,NORMAL
M001,2026-08-17 14:53:46,2.444,281.908,29.0,WARNING_VIBRATION,72.0,MEDIUM,FALLING,1,EXCESSIVE_VIBRATION,Inspect motor and rotating components.,42.6,NORMAL
M001,2026-08-17 14:53:48,2.197,269.447,29.0,WARNING_VIBRATION,72.0,MEDIUM,STABLE,1,EXCESSIVE_VIBRATION,Inspect motor and rotating components.,30.03,NORMAL
M001,2026-08-17 14:53:50,2.385,225.908,29.0,NORMAL,100.0,LOW,RISING,0,NONE,Continue normal monitoring.,37.32,NORMAL
M001,2026-08-17 14:53:52,2.234,239.214,29.0,WARNING_VIBRATION,72.0,MEDIUM,FALLING,1,EXCESSIVE_VIBRATION,Inspect motor and rotating components.,26.79,NORMAL
M001,2026-08-17 14:53:54,1.855,203.92,29.0,NORMAL,100.0,LOW,RISING,0,NONE,Continue normal monitoring.,24.41,NORMAL
M001,2026-08-17 14:53:56,2.063,225.151,29.0,WARNING_VIBRATION,72.0,MEDIUM,FALLING,1,EXCESSIVE_VIBRATION,Inspect motor and rotating components.,22.2,NORMAL
M001,2026-08-17 14:53:58,2.246,234.937,29.0,WARNING_VIBRATION,72.0,MEDIUM,STABLE,1,EXCESSIVE_VIBRATION,Inspect motor and rotating components.,27.28,NORMAL
M001,2026-08-17 14:54:00,1.957,243.026,29.0,NORMAL,100.0,LOW,RISING,0,NONE,Continue normal monitoring.,14.57,NORMAL
M001,2026-08-17 14:54:02,2.193,239.46,29.0,WARNING_VIBRATION,72.0,MEDIUM,FALLING,1,EXCESSIVE_VIBRATION,Inspect motor and rotating components.,24.61,NORMAL
M001,2026-08-17 14:54:04,2.228,443.604,29.0,WARNING_VIBRATION,72.0,MEDIUM,STABLE,1,EXCESSIVE_VIBRATION,Inspect motor and rotating components.,62.74,UNKNOWN_ABNORMALITY
M001,2026-08-17 14:54:06,2.038,244.415,29.0,CRITICAL_VIB_SOUND,50.0,HIGH,FALLING,1,LOOSE_COMPONENT,Inspect and secure loose components.,17.5,NORMAL
M001,2026-08-17 14:54:08,2.208,254.386,29.0,NORMAL,100.0,LOW,RISING,0,NONE,Continue normal monitoring.,24.91,NORMAL
M001,2026-08-17 14:54:10,1.994,228.939,29.0,WARNING_VIBRATION,72.0,MEDIUM,FALLING,1,EXCESSIVE_VIBRATION,Inspect motor and rotating components.,17.76,NORMAL
M001,2026-08-17 14:54:13,2.245,248.388,29.0,NORMAL,100.0,LOW,RISING,0,NONE,Continue normal monitoring.,25.46,NORMAL
M001,2026-08-17 14:54:15,1.99,271.174,29.0,WARNING_VIBRATION,72.0,MEDIUM,FALLING,1,EXCESSIVE_VIBRATION,Inspect motor and rotating components.,20.78,NORMAL
M001,2026-08-17 14:54:17,1.151,279.733,29.0,NORMAL,100.0,LOW,RISING,0,NONE,Continue normal monitoring.,14.62,NORMAL
M001,2026-08-17 14:54:19,2.494,270.446,29.0,WARNING_SOUND,72.0,MEDIUM,FALLING,1,MECHANICAL_ABNORMALITY,Inspect mechanical components and sound sources.,42.3,NORMAL
M001,2026-08-17 14:54:21,2.468,242.07,29.0,WARNING_VIBRATION,72.0,MEDIUM,STABLE,1,EXCESSIVE_VIBRATION,Inspect motor and rotating components.,38.36,NORMAL
M001,2026-08-17 14:54:23,2.474,238.445,29.0,NORMAL,100.0,LOW,RISING,0,NONE,Continue normal monitoring.,39.37,NORMAL
M001,2026-08-17 14:54:25,1.422,283.086,29.0,NORMAL,100.0,LOW,STABLE,0,NONE,Continue normal monitoring.,15.6,NORMAL
M001,2026-08-17 14:54:27,1.681,240.42,29.0,NORMAL,100.0,LOW,STABLE,0,NONE,Continue normal monitoring.,10.19,NORMAL
M001,2026-08-17 14:54:29,1.8,356.018,29.0,WARNING_SOUND,72.0,MEDIUM,FALLING,1,MECHANICAL_ABNORMALITY,Inspect mechanical components and sound sources.,36.4,NORMAL
M001,2026-08-17 14:54:31,1.803,198.025,29.0,NORMAL,100.0,LOW,RISING,0,NONE,Continue normal monitoring.,26.11,NORMAL
M001,2026-08-17 14:54:33,1.682,206.435,29.0,WARNING_VIBRATION,72.0,MEDIUM,FALLING,1,EXCESSIVE_VIBRATION,Inspect motor and rotating components.,21.79,NORMAL
M001,2026-08-17 14:54:35,1.989,239.004,29.0,NORMAL,100.0,LOW,RISING,0,NONE,Continue normal monitoring.,17.15,NORMAL
M001,2026-08-17 14:54:38,1.869,237.531,29.0,WARNING_VIBRATION,72.0,MEDIUM,FALLING,1,EXCESSIVE_VIBRATION,Inspect motor and rotating components.,13.18,NORMAL
M001,2026-08-17 14:54:40,1.868,255.296,29.0,NORMAL,100.0,LOW,RISING,0,NONE,Continue normal monitoring.,12.57,NORMAL
M001,2026-08-17 14:54:42,2.468,289.658,29.0,WARNING_VIBRATION,72.0,MEDIUM,FALLING,1,EXCESSIVE_VIBRATION,Inspect motor and rotating components.,44.75,NORMAL
M001,2026-08-17 14:54:44,2.305,294.141,29.0,WARNING_VIBRATION,72.0,MEDIUM,STABLE,1,EXCESSIVE_VIBRATION,Inspect motor and rotating components.,40.03,NORMAL
M001,2026-08-17 14:54:46,2.021,226.442,29.0,NORMAL,100.0,LOW,RISING,0,NONE,Continue normal monitoring.,20.49,NORMAL
M001,2026-08-17 14:54:48,2.444,243.83,29.0,WARNING_VIBRATION,72.0,MEDIUM,FALLING,1,EXCESSIVE_VIBRATION,Inspect motor and rotating components.,37.31,NORMAL
M001,2026-08-17 14:54:50,2.496,223.9,29.0,WARNING_VIBRATION,72.0,MEDIUM,STABLE,1,EXCESSIVE_VIBRATION,Inspect motor and rotating components.,44.85,NORMAL
M001,2026-08-17 14:54:52,2.132,228.666,29.0,NORMAL,100.0,LOW,RISING,0,NONE,Continue normal monitoring.,24.43,NORMAL
M001,2026-08-17 14:54:54,1.959,222.277,29.0,WARNING_VIBRATION,72.0,MEDIUM,FALLING,1,EXCESSIVE_VIBRATION,Inspect motor and rotating components.,19.01,NORMAL
M001,2026-08-17 14:54:56,2.003,294.204,29.0,NORMAL,100.0,LOW,RISING,0,NONE,Continue normal monitoring.,26.84,NORMAL
M001,2026-08-17 14:54:58,0.314,223.059,29.0,NORMAL,100.0,LOW,STABLE,0,NONE,Continue normal monitoring.,16.32,NORMAL
M001,2026-08-17 14:55:00,1.093,260.056,29.0,WARNING_VIBRATION,72.0,MEDIUM,FALLING,1,EXCESSIVE_VIBRATION,Inspect motor and rotating components.,9.6,NORMAL
M001,2026-08-17 14:55:02,0.07,272.944,29.0,NORMAL,100.0,LOW,RISING,0,NONE,Continue normal monitoring.,22.51,NORMAL
M001,2026-08-17 14:55:05,1.486,226.911,29.0,NORMAL,100.0,LOW,STABLE,0,NONE,Continue normal monitoring.,11.19,NORMAL
M001,2026-08-17 14:55:07,2.001,381.183,29.0,WARNING_SOUND,72.0,MEDIUM,FALLING,1,MECHANICAL_ABNORMALITY,Inspect mechanical components and sound sources.,46.89,NORMAL
M001,2026-08-17 14:55:09,2.336,254.727,29.0,NORMAL,100.0,LOW,RISING,0,NONE,Continue normal monitoring.,31.47,NORMAL
M001,2026-08-17 14:55:11,1.427,236.973,29.0,NORMAL,100.0,LOW,STABLE,0,NONE,Continue normal monitoring.,8.9,NORMAL
M001,2026-08-17 14:55:13,1.996,264.578,29.0,WARNING_VIBRATION,72.0,MEDIUM,FALLING,1,EXCESSIVE_VIBRATION,Inspect motor and rotating components.,18.78,NORMAL
M001,2026-08-17 14:55:15,1.696,325.376,29.0,NORMAL,100.0,LOW,RISING,0,NONE,Continue normal monitoring.,28.07,NORMAL
M001,2026-08-17 14:55:17,2.092,236.176,29.0,WARNING_VIBRATION,72.0,MEDIUM,FALLING,1,EXCESSIVE_VIBRATION,Inspect motor and rotating components.,20.89,NORMAL
M001,2026-08-17 14:55:19,1.855,268.382,29.0,NORMAL,100.0,LOW,RISING,0,NONE,Continue normal monitoring.,16.48,NORMAL
M001,2026-08-17 14:55:21,1.455,248.233,29.0,NORMAL,100.0,LOW,STABLE,0,NONE,Continue normal monitoring.,8.65,NORMAL
M001,2026-08-17 14:55:23,1.872,260.152,29.0,WARNING_SOUND,72.0,MEDIUM,FALLING,1,MECHANICAL_ABNORMALITY,Inspect mechanical components and sound sources.,13.83,NORMAL
M001,2026-08-17 14:55:25,1.842,237.177,29.0,NORMAL,100.0,LOW,RISING,0,NONE,Continue normal monitoring.,13.13,NORMAL
M001,2026-08-17 14:55:27,1.933,252.095,29.0,WARNING_VIBRATION,72.0,MEDIUM,FALLING,1,EXCESSIVE_VIBRATION,Inspect motor and rotating components.,13.12,NORMAL
M001,2026-08-17 14:55:30,1.55,239.506,29.0,NORMAL,100.0,LOW,RISING,0,NONE,Continue normal monitoring.,8.56,NORMAL
M001,2026-08-17 14:55:32,1.629,255.349,29.0,NORMAL,100.0,LOW,STABLE,0,NONE,Continue normal monitoring.,9.98,NORMAL
M001,2026-08-17 14:55:34,1.75,243.782,29.0,WARNING_VIBRATION,72.0,MEDIUM,FALLING,1,EXCESSIVE_VIBRATION,Inspect motor and rotating components.,9.97,NORMAL
M001,2026-08-17 14:55:36,2.003,241.909,29.0,NORMAL,100.0,LOW,RISING,0,NONE,Continue normal monitoring.,16.78,NORMAL
M001,2026-08-17 14:55:38,1.279,205.59,29.0,NORMAL,100.0,LOW,STABLE,0,NONE,Continue normal monitoring.,19.54,NORMAL
M001,2026-08-17 14:55:40,2.426,251.904,29.0,WARNING_VIBRATION,72.0,MEDIUM,FALLING,1,EXCESSIVE_VIBRATION,Inspect motor and rotating components.,35.05,NORMAL
M001,2026-08-17 14:55:42,2.066,241.88,29.0,NORMAL,100.0,LOW,RISING,0,NONE,Continue normal monitoring.,19.63,NORMAL
M001,2026-08-17 14:55:44,1.68,243.118,29.0,WARNING_VIBRATION,72.0,MEDIUM,FALLING,1,EXCESSIVE_VIBRATION,Inspect motor and rotating components.,9.79,NORMAL
M001,2026-08-17 14:55:46,2.065,241.963,29.0,NORMAL,100.0,LOW,RISING,0,NONE,Continue normal monitoring.,19.43,NORMAL
M001,2026-08-17 14:55:48,1.838,250.084,29.0,NORMAL,100.0,LOW,STABLE,0,NONE,Continue normal monitoring.,11.81,NORMAL
M001,2026-08-17 14:55:50,1.947,734.92,29.0,WARNING_SOUND,72.0,MEDIUM,FALLING,1,MECHANICAL_ABNORMALITY,Inspect mechanical components and sound sources.,77.21,ABNORMAL_SOUND
M001,2026-08-17 14:55:52,2.219,233.212,29.0,NORMAL,100.0,LOW,RISING,0,NONE,Continue normal monitoring.,26.33,NORMAL
M001,2026-08-17 14:55:54,2.171,235.411,29.0,WARNING_VIBRATION,72.0,MEDIUM,FALLING,1,EXCESSIVE_VIBRATION,Inspect motor and rotating components.,24.55,NORMAL
M001,2026-08-17 14:55:57,1.539,271.601,29.0,NORMAL,100.0,LOW,RISING,0,NONE,Continue normal monitoring.,13.0,NORMAL
M001,2026-08-17 14:55:59,2.134,249.355,29.0,WARNING_VIBRATION,72.0,MEDIUM,FALLING,1,EXCESSIVE_VIBRATION,Inspect motor and rotating components.,22.46,NORMAL
M001,2026-08-17 14:56:01,1.998,231.806,29.0,NORMAL,100.0,LOW,RISING,0,NONE,Continue normal monitoring.,17.06,NORMAL
M001,2026-08-17 14:56:03,1.858,218.072,29.0,WARNING_VIBRATION,72.0,MEDIUM,FALLING,1,EXCESSIVE_VIBRATION,Inspect motor and rotating components.,18.09,NORMAL
M001,2026-08-17 14:56:05,2.032,244.79,29.0,WARNING_VIBRATION,72.0,MEDIUM,STABLE,1,EXCESSIVE_VIBRATION,Inspect motor and rotating components.,17.43,NORMAL
M001,2026-08-17 14:56:07,2.2,221.749,29.0,NORMAL,100.0,LOW,RISING,0,NONE,Continue normal monitoring.,29.35,NORMAL
M001,2026-08-17 14:56:09,1.835,257.301,29.0,WARNING_VIBRATION,72.0,MEDIUM,FALLING,1,EXCESSIVE_VIBRATION,Inspect motor and rotating components.,12.13,NORMAL
M001,2026-08-17 14:56:11,1.583,192.457,29.0,NORMAL,100.0,LOW,RISING,0,NONE,Continue normal monitoring.,26.5,NORMAL
M001,2026-08-17 14:56:13,1.352,246.781,29.0,NORMAL,100.0,LOW,STABLE,0,NONE,Continue normal monitoring.,8.36,NORMAL
M001,2026-08-17 14:56:15,2.133,219.73,29.0,WARNING_VIBRATION,72.0,MEDIUM,FALLING,1,EXCESSIVE_VIBRATION,Inspect motor and rotating components.,27.96,NORMAL
M001,2026-08-17 14:56:17,1.912,244.88,29.0,NORMAL,100.0,LOW,RISING,0,NONE,Continue normal monitoring.,12.66,NORMAL
M001,2026-08-17 14:56:19,2.115,501.232,29.0,WARNING_VIBRATION,72.0,MEDIUM,FALLING,1,EXCESSIVE_VIBRATION,Inspect motor and rotating components.,65.79,ABNORMAL_SOUND
M001,2026-08-17 14:56:22,1.965,268.084,29.0,NORMAL,100.0,LOW,RISING,0,NONE,Continue normal monitoring.,19.41,NORMAL
M001,2026-08-17 14:56:24,2.169,400.285,29.0,CRITICAL_VIB_SOUND,50.0,HIGH,FALLING,1,LOOSE_COMPONENT,Inspect and secure loose components.,56.94,UNKNOWN_ABNORMALITY
M001,2026-08-17 14:56:26,2.029,368.813,29.0,CRITICAL_VIB_SOUND,50.0,HIGH,STABLE,1,LOOSE_COMPONENT,Inspect and secure loose components.,45.66,NORMAL
M001,2026-08-17 14:56:28,1.854,529.627,29.0,NORMAL,100.0,LOW,RISING,0,NONE,Continue normal monitoring.,64.54,ABNORMAL_SOUND
M001,2026-08-17 14:56:30,1.902,621.767,29.0,WARNING_SOUND,72.0,MEDIUM,FALLING,1,MECHANICAL_ABNORMALITY,Inspect mechanical components and sound sources.,72.38,ABNORMAL_SOUND
M001,2026-08-17 14:56:32,1.872,818.973,29.0,WARNING_SOUND,72.0,MEDIUM,STABLE,1,MECHANICAL_ABNORMALITY,Inspect mechanical components and sound sources.,78.36,ABNORMAL_SOUND
M001,2026-08-17 14:56:34,1.81,294.075,29.0,CRITICAL_VIB_SOUND,50.0,HIGH,FALLING,1,LOOSE_COMPONENT,Inspect and secure loose components.,20.88,NORMAL
M001,2026-08-17 14:56:36,2.001,274.587,29.0,NORMAL,100.0,LOW,RISING,0,NONE,Continue normal monitoring.,22.02,NORMAL
M001,2026-08-17 14:56:38,1.614,251.349,29.0,WARNING_VIBRATION,72.0,MEDIUM,FALLING,1,EXCESSIVE_VIBRATION,Inspect motor and rotating components.,9.9,NORMAL
M001,2026-08-17 14:56:40,1.602,279.003,29.0,NORMAL,100.0,LOW,RISING,0,NONE,Continue normal monitoring.,15.88,NORMAL
M001,2026-08-17 14:56:42,1.295,226.155,29.0,NORMAL,100.0,LOW,STABLE,0,NONE,Continue normal monitoring.,11.41,NORMAL
M001,2026-08-17 14:56:44,1.606,273.994,29.0,NORMAL,100.0,LOW,STABLE,0,NONE,Continue normal monitoring.,15.64,NORMAL
M001,2026-08-17 14:56:46,1.642,256.236,29.0,NORMAL,100.0,LOW,STABLE,0,NONE,Continue normal monitoring.,9.52,NORMAL
M001,2026-08-17 14:56:49,1.982,223.331,29.0,NORMAL,100.0,LOW,STABLE,0,NONE,Continue normal monitoring.,19.88,NORMAL
M001,2026-08-17 14:56:51,1.883,279.949,29.0,WARNING_VIBRATION,72.0,MEDIUM,FALLING,1,EXCESSIVE_VIBRATION,Inspect motor and rotating components.,19.61,NORMAL
M001,2026-08-17 14:56:53,1.383,441.492,29.0,NORMAL,100.0,LOW,RISING,0,NONE,Continue normal monitoring.,50.21,UNKNOWN_ABNORMALITY
M001,2026-08-17 14:56:55,1.696,246.508,29.0,WARNING_SOUND,72.0,MEDIUM,FALLING,1,MECHANICAL_ABNORMALITY,Inspect mechanical components and sound sources.,9.74,NORMAL
M001,2026-08-17 14:56:57,1.888,242.924,29.0,NORMAL,100.0,LOW,RISING,0,NONE,Continue normal monitoring.,12.5,NORMAL
M001,2026-08-17 14:56:59,2.045,246.184,29.0,WARNING_VIBRATION,72.0,MEDIUM,FALLING,1,EXCESSIVE_VIBRATION,Inspect motor and rotating components.,17.19,NORMAL
M001,2026-08-17 14:57:01,2.147,243.59,29.0,NORMAL,100.0,LOW,RISING,0,NONE,Continue normal monitoring.,22.46,NORMAL
M001,2026-08-17 14:57:03,1.905,232.991,29.0,WARNING_VIBRATION,72.0,MEDIUM,FALLING,1,EXCESSIVE_VIBRATION,Inspect motor and rotating components.,13.68,NORMAL
M001,2026-08-17 14:57:05,1.608,262.762,29.0,NORMAL,100.0,LOW,RISING,0,NONE,Continue normal monitoring.,12.43,NORMAL
M001,2026-08-17 14:57:07,1.957,256.212,29.0,NORMAL,100.0,LOW,STABLE,0,NONE,Continue normal monitoring.,14.63,NORMAL
M001,2026-08-17 14:57:09,1.637,253.786,29.0,NORMAL,100.0,LOW,STABLE,0,NONE,Continue normal monitoring.,9.98,NORMAL
M001,2026-08-17 14:57:11,1.584,250.544,29.0,NORMAL,100.0,LOW,STABLE,0,NONE,Continue normal monitoring.,9.91,NORMAL
M001,2026-08-17 14:57:14,1.661,218.898,29.0,NORMAL,100.0,LOW,STABLE,0,NONE,Continue normal monitoring.,15.53,NORMAL
M001,2026-08-17 14:57:16,2.026,234.424,29.0,WARNING_VIBRATION,72.0,MEDIUM,FALLING,1,EXCESSIVE_VIBRATION,Inspect motor and rotating components.,18.58,NORMAL
M001,2026-08-17 14:57:18,1.981,271.154,29.0,NORMAL,100.0,LOW,RISING,0,NONE,Continue normal monitoring.,20.61,NORMAL
M001,2026-08-17 14:57:20,1.934,242.163,29.0,NORMAL,100.0,LOW,STABLE,0,NONE,Continue normal monitoring.,13.4,NORMAL
M001,2026-08-17 14:57:22,2.153,240.316,29.0,WARNING_VIBRATION,72.0,MEDIUM,FALLING,1,EXCESSIVE_VIBRATION,Inspect motor and rotating components.,23.63,NORMAL
M001,2026-08-17 14:57:24,2.237,232.284,29.0,NORMAL,100.0,LOW,RISING,0,NONE,Continue normal monitoring.,26.8,NORMAL
M001,2026-08-17 14:57:26,1.902,216.026,29.0,NORMAL,100.0,LOW,STABLE,0,NONE,Continue normal monitoring.,19.39,NORMAL
M001,2026-08-17 14:57:28,2.038,242.88,29.0,WARNING_VIBRATION,72.0,MEDIUM,FALLING,1,EXCESSIVE_VIBRATION,Inspect motor and rotating components.,17.73,NORMAL
M001,2026-08-17 14:57:30,1.982,269.099,29.0,NORMAL,100.0,LOW,RISING,0,NONE,Continue normal monitoring.,20.52,NORMAL
M001,2026-08-17 14:57:32,2.073,226.84,29.0,WARNING_VIBRATION,72.0,MEDIUM,FALLING,1,EXCESSIVE_VIBRATION,Inspect motor and rotating components.,22.71,NORMAL
M001,2026-08-17 14:57:34,1.824,269.708,29.0,NORMAL,100.0,LOW,RISING,0,NONE,Continue normal monitoring.,16.56,NORMAL
M001,2026-08-17 14:57:36,2.171,246.773,29.0,WARNING_VIBRATION,72.0,MEDIUM,FALLING,1,EXCESSIVE_VIBRATION,Inspect motor and rotating components.,23.08,NORMAL
M001,2026-08-17 14:57:38,1.581,243.19,29.0,NORMAL,100.0,LOW,RISING,0,NONE,Continue normal monitoring.,9.49,NORMAL
M001,2026-08-17 14:57:41,1.671,245.409,29.0,NORMAL,100.0,LOW,STABLE,0,NONE,Continue normal monitoring.,9.84,NORMAL
M001,2026-08-17 14:57:43,2.153,221.333,29.0,WARNING_VIBRATION,72.0,MEDIUM,FALLING,1,EXCESSIVE_VIBRATION,Inspect motor and rotating components.,27.94,NORMAL
M001,2026-08-17 14:57:45,2.17,235.481,29.0,WARNING_VIBRATION,72.0,MEDIUM,STABLE,1,EXCESSIVE_VIBRATION,Inspect motor and rotating components.,24.55,NORMAL
M001,2026-08-17 14:57:47,2.183,214.444,29.0,NORMAL,100.0,LOW,RISING,0,NONE,Continue normal monitoring.,31.4,NORMAL
M001,2026-08-17 14:57:49,1.734,232.519,29.0,NORMAL,100.0,LOW,STABLE,0,NONE,Continue normal monitoring.,11.4,NORMAL
M001,2026-08-17 14:57:51,1.662,220.977,29.0,NORMAL,100.0,LOW,STABLE,0,NONE,Continue normal monitoring.,15.18,NORMAL
M001,2026-08-17 14:57:53,1.612,237.403,29.0,NORMAL,100.0,LOW,STABLE,0,NONE,Continue normal monitoring.,10.37,NORMAL
M001,2026-08-17 14:57:55,2.261,244.41,29.0,WARNING_VIBRATION,72.0,MEDIUM,FALLING,1,EXCESSIVE_VIBRATION,Inspect motor and rotating components.,26.56,NORMAL
M001,2026-08-17 14:57:57,2.2,269.628,29.0,WARNING_VIBRATION,72.0,MEDIUM,STABLE,1,EXCESSIVE_VIBRATION,Inspect motor and rotating components.,30.48,NORMAL
M001,2026-08-17 14:57:59,1.91,250.544,29.0,NORMAL,100.0,LOW,RISING,0,NONE,Continue normal monitoring.,12.66,NORMAL
M001,2026-08-17 14:58:01,1.759,227.399,29.0,NORMAL,100.0,LOW,STABLE,0,NONE,Continue normal monitoring.,13.01,NORMAL
M001,2026-08-17 14:58:03,1.698,249.064,29.0,NORMAL,100.0,LOW,STABLE,0,NONE,Continue normal monitoring.,10.84,NORMAL
M001,2026-08-17 14:58:06,1.824,266.598,29.0,NORMAL,100.0,LOW,STABLE,0,NONE,Continue normal monitoring.,14.79,NORMAL
M001,2026-08-17 14:58:08,1.847,426.382,29.0,WARNING_VIBRATION,72.0,MEDIUM,FALLING,1,EXCESSIVE_VIBRATION,Inspect motor and rotating components.,51.44,UNKNOWN_ABNORMALITY
M001,2026-08-17 14:58:10,2.323,240.866,29.0,WARNING_VIBRATION,72.0,MEDIUM,STABLE,1,EXCESSIVE_VIBRATION,Inspect motor and rotating components.,31.5,NORMAL
M001,2026-08-17 14:58:12,2.142,299.207,29.0,NORMAL,100.0,LOW,RISING,0,NONE,Continue normal monitoring.,37.21,NORMAL
M001,2026-08-17 14:58:14,2.074,256.59,29.0,WARNING_VIBRATION,72.0,MEDIUM,FALLING,1,EXCESSIVE_VIBRATION,Inspect motor and rotating components.,19.61,NORMAL
M001,2026-08-17 14:58:16,1.653,254.129,29.0,NORMAL,100.0,LOW,RISING,0,NONE,Continue normal monitoring.,10.02,NORMAL
M001,2026-08-17 14:58:18,2.025,242.483,29.0,WARNING_VIBRATION,72.0,MEDIUM,FALLING,1,EXCESSIVE_VIBRATION,Inspect motor and rotating components.,17.65,NORMAL
M001,2026-08-17 14:58:20,1.973,244.698,29.0,NORMAL,100.0,LOW,RISING,0,NONE,Continue normal monitoring.,14.96,NORMAL
M001,2026-08-17 14:58:22,1.81,245.838,29.0,WARNING_VIBRATION,72.0,MEDIUM,FALLING,1,EXCESSIVE_VIBRATION,Inspect motor and rotating components.,10.3,NORMAL
M001,2026-08-17 14:58:24,1.637,209.161,29.0,NORMAL,100.0,LOW,RISING,0,NONE,Continue normal monitoring.,18.69,NORMAL
M001,2026-08-17 14:58:26,2.05,407.34,29.0,WARNING_SOUND,72.0,MEDIUM,FALLING,1,MECHANICAL_ABNORMALITY,Inspect mechanical components and sound sources.,53.42,UNKNOWN_ABNORMALITY
M001,2026-08-17 14:58:28,1.318,250.584,29.0,NORMAL,100.0,LOW,RISING,0,NONE,Continue normal monitoring.,9.02,NORMAL
M001,2026-08-17 14:58:31,1.633,259.963,29.0,NORMAL,100.0,LOW,STABLE,0,NONE,Continue normal monitoring.,10.7,NORMAL
M001,2026-08-17 14:58:33,1.412,216.54,29.0,NORMAL,100.0,LOW,STABLE,0,NONE,Continue normal monitoring.,14.41,NORMAL
M001,2026-08-17 14:58:35,2.0,237.745,29.0,WARNING_VIBRATION,72.0,MEDIUM,FALLING,1,EXCESSIVE_VIBRATION,Inspect motor and rotating components.,17.4,NORMAL
M001,2026-08-17 14:58:37,1.251,239.895,29.0,NORMAL,100.0,LOW,RISING,0,NONE,Continue normal monitoring.,9.64,NORMAL
M001,2026-08-17 14:58:39,1.486,226.666,29.0,NORMAL,100.0,LOW,STABLE,0,NONE,Continue normal monitoring.,11.33,NORMAL
M001,2026-08-17 14:58:41,1.628,224.963,29.0,WARNING_VIBRATION,72.0,MEDIUM,FALLING,1,EXCESSIVE_VIBRATION,Inspect motor and rotating components.,12.92,NORMAL
M001,2026-08-17 14:58:43,1.752,232.982,29.0,NORMAL,100.0,LOW,RISING,0,NONE,Continue normal monitoring.,11.43,NORMAL
M001,2026-08-17 14:58:45,2.175,240.523,29.0,WARNING_VIBRATION,72.0,MEDIUM,FALLING,1,EXCESSIVE_VIBRATION,Inspect motor and rotating components.,24.22,NORMAL
M001,2026-08-17 14:58:47,2.217,321.605,29.0,NORMAL,100.0,LOW,RISING,0,NONE,Continue normal monitoring.,44.37,NORMAL
M001,2026-08-17 14:58:49,2.362,249.733,29.0,WARNING_VIBRATION,72.0,MEDIUM,FALLING,1,EXCESSIVE_VIBRATION,Inspect motor and rotating components.,31.76,NORMAL
M001,2026-08-17 14:58:51,2.096,237.75,29.0,WARNING_VIBRATION,72.0,MEDIUM,STABLE,1,EXCESSIVE_VIBRATION,Inspect motor and rotating components.,22.42,NORMAL
M001,2026-08-17 14:58:53,1.673,232.551,29.0,NORMAL,100.0,LOW,RISING,0,NONE,Continue normal monitoring.,10.96,NORMAL
M001,2026-08-17 14:58:55,1.534,235.002,29.0,NORMAL,100.0,LOW,STABLE,0,NONE,Continue normal monitoring.,9.38,NORMAL
M001,2026-08-17 14:58:58,2.255,224.002,29.0,WARNING_VIBRATION,72.0,MEDIUM,FALLING,1,EXCESSIVE_VIBRATION,Inspect motor and rotating components.,30.56,NORMAL
M001,2026-08-17 14:59:00,1.616,234.625,29.0,NORMAL,100.0,LOW,RISING,0,NONE,Continue normal monitoring.,10.27,NORMAL
M001,2026-08-17 14:59:02,1.491,249.311,29.0,WARNING_VIBRATION,72.0,MEDIUM,FALLING,1,EXCESSIVE_VIBRATION,Inspect motor and rotating components.,8.49,NORMAL
M001,2026-08-17 14:59:04,1.61,410.206,29.0,NORMAL,100.0,LOW,RISING,0,NONE,Continue normal monitoring.,46.79,NORMAL
M001,2026-08-17 14:59:06,1.466,249.714,29.0,NORMAL,100.0,LOW,STABLE,0,NONE,Continue normal monitoring.,8.56,NORMAL
M001,2026-08-17 14:59:08,1.122,221.097,29.0,NORMAL,100.0,LOW,STABLE,0,NONE,Continue normal monitoring.,13.58,NORMAL
M001,2026-08-17 14:59:10,1.374,233.222,29.0,NORMAL,100.0,LOW,STABLE,0,NONE,Continue normal monitoring.,9.73,NORMAL
M001,2026-08-17 14:59:12,1.847,244.555,29.0,NORMAL,100.0,LOW,STABLE,0,NONE,Continue normal monitoring.,12.15,NORMAL
M001,2026-08-17 14:59:14,1.799,245.545,29.0,NORMAL,100.0,LOW,STABLE,0,NONE,Continue normal monitoring.,9.92,NORMAL
M001,2026-08-17 14:59:16,2.006,311.055,29.0,WARNING_VIBRATION,72.0,MEDIUM,FALLING,1,EXCESSIVE_VIBRATION,Inspect motor and rotating components.,33.02,NORMAL
M001,2026-08-17 14:59:18,1.585,268.317,29.0,NORMAL,100.0,LOW,RISING,0,NONE,Continue normal monitoring.,13.43,NORMAL
M001,2026-08-17 14:59:20,1.806,232.6,29.0,NORMAL,100.0,LOW,STABLE,0,NONE,Continue normal monitoring.,11.61,NORMAL
M001,2026-08-17 14:59:23,1.574,227.293,29.0,NORMAL,100.0,LOW,STABLE,0,NONE,Continue normal monitoring.,12.03,NORMAL
M001,2026-08-17 14:59:25,1.37,244.482,29.0,NORMAL,100.0,LOW,STABLE,0,NONE,Continue normal monitoring.,8.74,NORMAL
M001,2026-08-17 14:59:27,1.717,260.867,29.0,NORMAL,100.0,LOW,STABLE,0,NONE,Continue normal monitoring.,12.27,NORMAL
M001,2026-08-17 14:59:29,1.721,242.251,29.0,NORMAL,100.0,LOW,STABLE,0,NONE,Continue normal monitoring.,10.33,NORMAL
M001,2026-08-17 14:59:31,1.745,265.294,29.0,NORMAL,100.0,LOW,STABLE,0,NONE,Continue normal monitoring.,13.57,NORMAL
M001,2026-08-17 14:59:33,2.095,234.429,29.0,WARNING_VIBRATION,72.0,MEDIUM,FALLING,1,EXCESSIVE_VIBRATION,Inspect motor and rotating components.,22.04,NORMAL
M001,2026-08-17 14:59:35,1.976,224.129,29.0,NORMAL,100.0,LOW,RISING,0,NONE,Continue normal monitoring.,19.28,NORMAL
M001,2026-08-17 14:59:37,1.559,243.424,29.0,NORMAL,100.0,LOW,STABLE,0,NONE,Continue normal monitoring.,8.33,NORMAL
M001,2026-08-17 14:59:39,1.658,238.762,29.0,NORMAL,100.0,LOW,STABLE,0,NONE,Continue normal monitoring.,10.29,NORMAL
M001,2026-08-17 14:59:41,1.71,240.457,29.0,NORMAL,100.0,LOW,STABLE,0,NONE,Continue normal monitoring.,10.85,NORMAL
M001,2026-08-17 14:59:43,1.706,232.879,29.0,NORMAL,100.0,LOW,STABLE,0,NONE,Continue normal monitoring.,11.49,NORMAL
M001,2026-08-17 14:59:46,2.136,302.369,29.0,WARNING_VIBRATION,72.0,MEDIUM,FALLING,1,EXCESSIVE_VIBRATION,Inspect motor and rotating components.,37.51,NORMAL
M001,2026-08-17 14:59:47,1.742,278.116,29.0,NORMAL,100.0,LOW,RISING,0,NONE,Continue normal monitoring.,16.73,NORMAL
M001,2026-08-17 14:59:50,2.227,245.987,29.0,WARNING_VIBRATION,72.0,MEDIUM,FALLING,1,EXCESSIVE_VIBRATION,Inspect motor and rotating components.,24.85,NORMAL
M001,2026-08-17 14:59:52,1.576,241.155,29.0,NORMAL,100.0,LOW,RISING,0,NONE,Continue normal monitoring.,9.52,NORMAL
M001,2026-08-17 14:59:54,1.897,246.71,29.0,NORMAL,100.0,LOW,STABLE,0,NONE,Continue normal monitoring.,11.99,NORMAL
M001,2026-08-17 14:59:56,1.883,257.802,29.0,WARNING_VIBRATION,72.0,MEDIUM,FALLING,1,EXCESSIVE_VIBRATION,Inspect motor and rotating components.,13.36,NORMAL
M001,2026-08-17 14:59:58,1.626,229.627,29.0,NORMAL,100.0,LOW,RISING,0,NONE,Continue normal monitoring.,10.72,NORMAL
M001,2026-08-17 15:00:00,1.484,236.25,29.0,NORMAL,100.0,LOW,STABLE,0,NONE,Continue normal monitoring.,8.85,NORMAL
M001,2026-08-17 15:00:02,1.756,246.318,29.0,NORMAL,100.0,LOW,STABLE,0,NONE,Continue normal monitoring.,9.66,NORMAL
M001,2026-08-17 15:00:04,1.895,244.888,29.0,NORMAL,100.0,LOW,STABLE,0,NONE,Continue normal monitoring.,12.49,NORMAL
M001,2026-08-17 15:00:06,2.139,259.416,29.0,WARNING_VIBRATION,72.0,MEDIUM,FALLING,1,EXCESSIVE_VIBRATION,Inspect motor and rotating components.,24.51,NORMAL
M001,2026-08-17 15:00:08,1.959,280.201,29.0,NORMAL,100.0,LOW,RISING,0,NONE,Continue normal monitoring.,21.48,NORMAL
M001,2026-08-17 15:00:10,1.82,399.652,29.0,WARNING_SOUND,72.0,MEDIUM,FALLING,1,MECHANICAL_ABNORMALITY,Inspect mechanical components and sound sources.,47.39,NORMAL
M001,2026-08-17 15:00:12,6.968,258.341,29.0,NORMAL,100.0,LOW,RISING,0,NONE,Continue normal monitoring.,52.2,EXCESSIVE_VIBRATION
M001,2026-08-17 15:00:15,3.657,231.382,29.0,WARNING_VIBRATION,72.0,MEDIUM,FALLING,1,EXCESSIVE_VIBRATION,Inspect motor and rotating components.,50.32,EXCESSIVE_VIBRATION
M001,2026-08-17 15:00:17,2.071,388.814,29.0,WARNING_VIBRATION,72.0,MEDIUM,STABLE,1,EXCESSIVE_VIBRATION,Inspect motor and rotating components.,51.33,UNKNOWN_ABNORMALITY
M001,2026-08-17 15:00:19,2.012,430.435,29.0,NORMAL,100.0,LOW,RISING,0,NONE,Continue normal monitoring.,54.81,UNKNOWN_ABNORMALITY
M001,2026-08-17 15:00:21,2.002,415.569,29.0,WARNING_SOUND,72.0,MEDIUM,FALLING,1,MECHANICAL_ABNORMALITY,Inspect mechanical components and sound sources.,53.26,UNKNOWN_ABNORMALITY
M001,2026-08-17 15:00:23,1.56,240.942,29.0,NORMAL,100.0,LOW,RISING,0,NONE,Continue normal monitoring.,8.92,NORMAL
M001,2026-08-17 15:00:25,1.581,266.919,29.0,NORMAL,100.0,LOW,STABLE,0,NONE,Continue normal monitoring.,12.49,NORMAL
M001,2026-08-17 15:00:27,1.752,262.038,29.0,NORMAL,100.0,LOW,STABLE,0,NONE,Continue normal monitoring.,12.43,NORMAL
M001,2026-08-17 15:00:29,1.786,255.694,29.0,NORMAL,100.0,LOW,STABLE,0,NONE,Continue normal monitoring.,11.18,NORMAL
M001,2026-08-17 15:00:31,2.008,517.473,29.0,WARNING_VIBRATION,72.0,MEDIUM,FALLING,1,EXCESSIVE_VIBRATION,Inspect motor and rotating components.,63.29,ABNORMAL_SOUND
M001,2026-08-17 15:00:33,1.534,307.71,29.0,NORMAL,100.0,LOW,RISING,0,NONE,Continue normal monitoring.,23.17,NORMAL
M001,2026-08-17 15:00:35,2.085,335.613,29.0,WARNING_VIBRATION,72.0,MEDIUM,FALLING,1,EXCESSIVE_VIBRATION,Inspect motor and rotating components.,41.81,NORMAL
M001,2026-08-17 15:00:37,1.81,207.46,29.0,NORMAL,100.0,LOW,RISING,0,NONE,Continue normal monitoring.,21.0,NORMAL
M001,2026-08-17 15:00:39,1.61,241.336,29.0,NORMAL,100.0,LOW,STABLE,0,NONE,Continue normal monitoring.,9.96,NORMAL
M001,2026-08-17 15:00:42,1.819,227.346,29.0,NORMAL,100.0,LOW,STABLE,0,NONE,Continue normal monitoring.,14.09,NORMAL
M001,2026-08-17 15:00:44,1.815,193.104,29.0,WARNING_VIBRATION,72.0,MEDIUM,FALLING,1,EXCESSIVE_VIBRATION,Inspect motor and rotating components.,28.19,NORMAL
M001,2026-08-17 15:00:46,1.923,300.464,29.0,NORMAL,100.0,LOW,RISING,0,NONE,Continue normal monitoring.,26.53,NORMAL
M001,2026-08-17 15:00:48,1.946,229.263,29.0,WARNING_VIBRATION,72.0,MEDIUM,FALLING,1,EXCESSIVE_VIBRATION,Inspect motor and rotating components.,15.03,NORMAL
M001,2026-08-17 15:00:50,1.998,255.249,29.0,NORMAL,100.0,LOW,RISING,0,NONE,Continue normal monitoring.,16.06,NORMAL
M001,2026-08-17 15:00:52,1.86,266.472,29.0,WARNING_VIBRATION,72.0,MEDIUM,FALLING,1,EXCESSIVE_VIBRATION,Inspect motor and rotating components.,15.48,NORMAL
M001,2026-08-17 15:00:54,1.806,492.201,29.0,WARNING_VIBRATION,72.0,MEDIUM,STABLE,1,EXCESSIVE_VIBRATION,Inspect motor and rotating components.,60.02,UNKNOWN_ABNORMALITY
M001,2026-08-17 15:00:56,1.325,254.059,29.0,WARNING_SOUND,72.0,MEDIUM,STABLE,1,MECHANICAL_ABNORMALITY,Inspect mechanical components and sound sources.,9.38,NORMAL
M001,2026-08-17 15:00:58,1.722,236.894,29.0,NORMAL,100.0,LOW,RISING,0,NONE,Continue normal monitoring.,11.67,NORMAL
M001,2026-08-17 15:01:00,1.734,289.322,29.0,NORMAL,100.0,LOW,STABLE,0,NONE,Continue normal monitoring.,19.02,NORMAL
M001,2026-08-17 15:01:02,1.55,387.071,29.0,WARNING_SOUND,72.0,MEDIUM,FALLING,1,MECHANICAL_ABNORMALITY,Inspect mechanical components and sound sources.,39.93,NORMAL
M001,2026-08-17 15:01:04,1.526,377.262,29.0,NORMAL,100.0,LOW,RISING,0,NONE,Continue normal monitoring.,38.45,NORMAL
M001,2026-08-17 15:01:07,1.527,345.076,29.0,NORMAL,100.0,LOW,STABLE,0,NONE,Continue normal monitoring.,29.87,NORMAL
M001,2026-08-17 15:01:09,1.031,302.276,29.0,WARNING_SOUND,72.0,MEDIUM,FALLING,1,MECHANICAL_ABNORMALITY,Inspect mechanical components and sound sources.,22.07,NORMAL
M001,2026-08-17 15:01:11,1.362,230.553,29.0,NORMAL,100.0,LOW,RISING,0,NONE,Continue normal monitoring.,9.89,NORMAL
M001,2026-08-17 15:01:13,2.311,300.953,29.0,WARNING_VIBRATION,72.0,MEDIUM,FALLING,1,EXCESSIVE_VIBRATION,Inspect motor and rotating components.,43.45,NORMAL
M001,2026-08-17 15:01:15,1.205,244.343,29.0,NORMAL,100.0,LOW,RISING,0,NONE,Continue normal monitoring.,8.64,NORMAL
M001,2026-08-17 15:01:17,2.613,285.78,29.0,WARNING_VIBRATION,72.0,MEDIUM,FALLING,1,EXCESSIVE_VIBRATION,Inspect motor and rotating components.,47.8,NORMAL
M001,2026-08-17 15:01:19,2.483,239.526,29.0,WARNING_VIBRATION,72.0,MEDIUM,STABLE,1,EXCESSIVE_VIBRATION,Inspect motor and rotating components.,39.81,NORMAL
M001,2026-08-17 15:01:21,2.468,330.399,29.25,NORMAL,100.0,LOW,RISING,0,NONE,Continue normal monitoring.,54.55,UNKNOWN_ABNORMALITY
M001,2026-08-17 15:01:23,1.439,429.801,29.0,WARNING_VIBRATION,72.0,MEDIUM,FALLING,1,EXCESSIVE_VIBRATION,Inspect motor and rotating components.,47.72,NORMAL
M001,2026-08-17 15:01:25,1.086,246.85,29.0,NORMAL,100.0,LOW,RISING,0,NONE,Continue normal monitoring.,7.96,NORMAL
M001,2026-08-17 15:01:27,1.223,449.778,29.0,WARNING_SOUND,72.0,MEDIUM,FALLING,1,MECHANICAL_ABNORMALITY,Inspect mechanical components and sound sources.,49.03,NORMAL
M001,2026-08-17 15:01:30,0.893,407.849,29.0,WARNING_SOUND,72.0,MEDIUM,STABLE,1,MECHANICAL_ABNORMALITY,Inspect mechanical components and sound sources.,42.88,NORMAL
M001,2026-08-17 15:01:31,1.302,252.796,29.25,NORMAL,100.0,LOW,RISING,0,NONE,Continue normal monitoring.,7.49,NORMAL
M001,2026-08-17 15:01:34,1.709,266.428,29.25,WARNING_SOUND,72.0,MEDIUM,FALLING,1,MECHANICAL_ABNORMALITY,Inspect mechanical components and sound sources.,14.21,NORMAL
M001,2026-08-17 15:01:36,1.373,281.802,29.0,NORMAL,100.0,LOW,RISING,0,NONE,Continue normal monitoring.,15.61,NORMAL
M001,2026-08-17 15:01:38,2.182,322.056,29.25,WARNING_VIBRATION,72.0,MEDIUM,FALLING,1,EXCESSIVE_VIBRATION,Inspect motor and rotating components.,43.41,NORMAL
M001,2026-08-17 15:01:40,1.362,321.318,29.0,NORMAL,100.0,LOW,RISING,0,NONE,Continue normal monitoring.,25.52,NORMAL
M001,2026-08-17 15:01:42,1.365,234.986,29.0,NORMAL,100.0,LOW,STABLE,0,NONE,Continue normal monitoring.,9.73,NORMAL
M001,2026-08-17 15:01:44,1.933,299.489,29.0,NORMAL,100.0,LOW,STABLE,0,NONE,Continue normal monitoring.,27.0,NORMAL
M001,2026-08-17 15:01:46,1.394,403.93,29.0,WARNING_SOUND,72.0,MEDIUM,FALLING,1,MECHANICAL_ABNORMALITY,Inspect mechanical components and sound sources.,43.95,NORMAL
M001,2026-08-17 15:01:48,1.132,360.557,29.0,NORMAL,100.0,LOW,RISING,0,NONE,Continue normal monitoring.,32.46,NORMAL
M001,2026-08-17 15:01:50,0.856,363.167,29.0,WARNING_VIBRATION,72.0,MEDIUM,FALLING,1,EXCESSIVE_VIBRATION,Inspect motor and rotating components.,34.58,NORMAL
M001,2026-08-17 15:01:53,1.43,428.594,29.5,CRITICAL_VIB_SOUND,50.0,HIGH,FALLING,1,LOOSE_COMPONENT,Inspect and secure loose components.,51.41,UNKNOWN_ABNORMALITY
M001,2026-08-17 15:01:54,0.936,290.052,29.75,NORMAL,100.0,LOW,RISING,0,NONE,Continue normal monitoring.,28.19,NORMAL
M001,2026-08-17 15:01:56,0.114,451.841,30.0,WARNING_SOUND,72.0,MEDIUM,FALLING,1,MECHANICAL_ABNORMALITY,Inspect mechanical components and sound sources.,63.19,UNKNOWN_ABNORMALITY
M001,2026-08-17 15:01:59,0.738,375.788,30.25,WARNING_SOUND,72.0,MEDIUM,STABLE,1,MECHANICAL_ABNORMALITY,Inspect mechanical components and sound sources.,51.5,UNKNOWN_ABNORMALITY
M001,2026-08-17 15:02:01,0.819,407.283,30.5,NORMAL,100.0,LOW,RISING,0,NONE,Continue normal monitoring.,61.98,UNKNOWN_ABNORMALITY
M001,2026-08-17 15:02:03,1.034,252.786,30.75,WARNING_SOUND,72.0,MEDIUM,FALLING,1,MECHANICAL_ABNORMALITY,Inspect mechanical components and sound sources.,44.43,NORMAL
M001,2026-08-17 15:02:05,1.509,364.157,31.0,NORMAL,100.0,LOW,RISING,0,NONE,Continue normal monitoring.,65.5,UNKNOWN_ABNORMALITY
M001,2026-08-17 15:02:07,2.385,400.996,31.0,WARNING_SOUND,72.0,MEDIUM,FALLING,1,MECHANICAL_ABNORMALITY,Inspect mechanical components and sound sources.,79.85,UNKNOWN_ABNORMALITY
M001,2026-08-17 15:02:09,0.892,263.059,31.25,NORMAL,100.0,LOW,RISING,0,NONE,Continue normal monitoring.,49.93,NORMAL
M001,2026-08-17 15:02:11,1.853,321.873,31.5,WARNING_SOUND,72.0,MEDIUM,FALLING,1,MECHANICAL_ABNORMALITY,Inspect mechanical components and sound sources.,67.36,UNKNOWN_ABNORMALITY
M001,2026-08-17 15:02:13,1.184,371.933,31.75,WARNING_SOUND,72.0,MEDIUM,STABLE,1,MECHANICAL_ABNORMALITY,Inspect mechanical components and sound sources.,68.76,UNKNOWN_ABNORMALITY
M001,2026-08-17 15:02:15,1.355,281.744,31.75,NORMAL,100.0,LOW,RISING,0,NONE,Continue normal monitoring.,59.53,UNKNOWN_ABNORMALITY
M001,2026-08-17 15:02:17,0.179,225.757,31.75,NORMAL,100.0,LOW,STABLE,0,NONE,Continue normal monitoring.,52.43,UNKNOWN_ABNORMALITY
M001,2026-08-17 15:02:19,0.971,304.514,31.75,NORMAL,100.0,LOW,STABLE,0,NONE,Continue normal monitoring.,63.13,UNKNOWN_ABNORMALITY
M001,2026-08-17 15:02:21,1.286,530.869,31.75,WARNING_SOUND,72.0,MEDIUM,FALLING,1,MECHANICAL_ABNORMALITY,Inspect mechanical components and sound sources.,83.08,ABNORMAL_SOUND
M001,2026-08-17 15:02:23,1.029,351.746,31.5,NORMAL,100.0,LOW,RISING,0,NONE,Continue normal monitoring.,64.13,UNKNOWN_ABNORMALITY
M001,2026-08-17 15:02:26,1.38,441.059,31.5,WARNING_SOUND,72.0,MEDIUM,FALLING,1,MECHANICAL_ABNORMALITY,Inspect mechanical components and sound sources.,75.73,UNKNOWN_ABNORMALITY
M001,2026-08-17 15:02:28,1.174,242.155,31.5,NORMAL,100.0,LOW,RISING,0,NONE,Continue normal monitoring.,53.99,UNKNOWN_ABNORMALITY
M001,2026-08-17 15:02:30,0.844,248.863,31.5,NORMAL,100.0,LOW,STABLE,0,NONE,Continue normal monitoring.,51.75,UNKNOWN_ABNORMALITY
M001,2026-08-17 15:02:32,1.417,324.499,31.5,WARNING_SOUND,72.0,MEDIUM,FALLING,1,MECHANICAL_ABNORMALITY,Inspect mechanical components and sound sources.,63.53,UNKNOWN_ABNORMALITY
M001,2026-08-17 15:02:34,1.209,225.938,31.25,NORMAL,100.0,LOW,RISING,0,NONE,Continue normal monitoring.,49.71,NORMAL
M001,2026-08-17 15:02:36,1.194,403.532,31.25,WARNING_SOUND,72.0,MEDIUM,FALLING,1,MECHANICAL_ABNORMALITY,Inspect mechanical components and sound sources.,66.77,UNKNOWN_ABNORMALITY
M001,2026-08-17 15:02:38,0.999,278.283,31.25,NORMAL,100.0,LOW,RISING,0,NONE,Continue normal monitoring.,52.01,UNKNOWN_ABNORMALITY
M001,2026-08-17 15:02:40,0.922,368.263,31.25,WARNING_SOUND,72.0,MEDIUM,FALLING,1,MECHANICAL_ABNORMALITY,Inspect mechanical components and sound sources.,64.03,UNKNOWN_ABNORMALITY
M001,2026-08-17 15:02:42,1.387,471.673,31.0,NORMAL,100.0,LOW,RISING,0,NONE,Continue normal monitoring.,74.26,UNKNOWN_ABNORMALITY
M001,2026-08-17 15:02:44,0.58,441.882,31.0,WARNING_SOUND,72.0,MEDIUM,FALLING,1,MECHANICAL_ABNORMALITY,Inspect mechanical components and sound sources.,68.81,UNKNOWN_ABNORMALITY
M001,2026-08-17 15:02:46,0.461,315.6,31.0,NORMAL,100.0,LOW,RISING,0,NONE,Continue normal monitoring.,55.01,UNKNOWN_ABNORMALITY
M001,2026-08-17 15:02:48,1.008,277.185,31.0,NORMAL,100.0,LOW,STABLE,0,NONE,Continue normal monitoring.,50.6,UNKNOWN_ABNORMALITY
M001,2026-08-17 15:02:51,1.294,317.025,31.0,WARNING_SOUND,72.0,MEDIUM,FALLING,1,MECHANICAL_ABNORMALITY,Inspect mechanical components and sound sources.,58.03,UNKNOWN_ABNORMALITY
M001,2026-08-17 15:02:53,1.463,393.283,30.75,NORMAL,100.0,LOW,RISING,0,NONE,Continue normal monitoring.,66.03,UNKNOWN_ABNORMALITY
M001,2026-08-17 15:02:55,1.12,392.312,30.75,WARNING_SOUND,72.0,MEDIUM,FALLING,1,MECHANICAL_ABNORMALITY,Inspect mechanical components and sound sources.,61.04,UNKNOWN_ABNORMALITY
M001,2026-08-17 15:02:57,1.32,417.206,30.75,WARNING_SOUND,72.0,MEDIUM,STABLE,1,MECHANICAL_ABNORMALITY,Inspect mechanical components and sound sources.,67.01,UNKNOWN_ABNORMALITY
M001,2026-08-17 15:02:59,1.522,345.947,30.75,NORMAL,100.0,LOW,RISING,0,NONE,Continue normal monitoring.,60.13,UNKNOWN_ABNORMALITY
M001,2026-08-17 15:03:01,1.584,328.604,30.75,NORMAL,100.0,LOW,STABLE,0,NONE,Continue normal monitoring.,58.55,UNKNOWN_ABNORMALITY
M001,2026-08-17 15:03:03,1.539,283.1,30.5,WARNING_SOUND,72.0,MEDIUM,FALLING,1,MECHANICAL_ABNORMALITY,Inspect mechanical components and sound sources.,48.28,NORMAL
M001,2026-08-17 15:03:05,1.585,278.356,30.5,NORMAL,100.0,LOW,RISING,0,NONE,Continue normal monitoring.,49.5,NORMAL
M001,2026-08-17 15:03:07,1.606,333.44,30.5,NORMAL,100.0,LOW,STABLE,0,NONE,Continue normal monitoring.,55.18,UNKNOWN_ABNORMALITY
M001,2026-08-17 15:03:09,1.407,297.873,30.5,NORMAL,100.0,LOW,STABLE,0,NONE,Continue normal monitoring.,49.47,NORMAL
M001,2026-08-17 15:03:11,1.474,342.947,30.5,WARNING_SOUND,72.0,MEDIUM,FALLING,1,MECHANICAL_ABNORMALITY,Inspect mechanical components and sound sources.,54.65,UNKNOWN_ABNORMALITY
M001,2026-08-17 15:03:13,1.388,317.157,30.5,NORMAL,100.0,LOW,RISING,0,NONE,Continue normal monitoring.,50.73,UNKNOWN_ABNORMALITY
M001,2026-08-17 15:03:16,1.584,390.118,30.5,WARNING_SOUND,72.0,MEDIUM,FALLING,1,MECHANICAL_ABNORMALITY,Inspect mechanical components and sound sources.,62.91,UNKNOWN_ABNORMALITY
M001,2026-08-17 15:03:18,1.416,357.968,30.25,NORMAL,100.0,LOW,RISING,0,NONE,Continue normal monitoring.,52.36,UNKNOWN_ABNORMALITY
M001,2026-08-17 15:03:20,1.366,387.251,30.25,WARNING_SOUND,72.0,MEDIUM,FALLING,1,MECHANICAL_ABNORMALITY,Inspect mechanical components and sound sources.,56.2,UNKNOWN_ABNORMALITY
M001,2026-08-17 15:03:22,1.565,339.601,30.25,NORMAL,100.0,LOW,RISING,0,NONE,Continue normal monitoring.,49.37,NORMAL
M001,2026-08-17 15:03:24,1.804,405.846,30.25,WARNING_SOUND,72.0,MEDIUM,FALLING,1,MECHANICAL_ABNORMALITY,Inspect mechanical components and sound sources.,65.24,UNKNOWN_ABNORMALITY
M001,2026-08-17 15:03:26,1.246,309.248,30.25,NORMAL,100.0,LOW,RISING,0,NONE,Continue normal monitoring.,43.05,NORMAL
M001,2026-08-17 15:03:28,1.856,287.758,30.25,NORMAL,100.0,LOW,STABLE,0,NONE,Continue normal monitoring.,46.51,NORMAL
M001,2026-08-17 15:03:30,1.427,488.897,30.25,WARNING_VIBRATION,72.0,MEDIUM,FALLING,1,EXCESSIVE_VIBRATION,Inspect motor and rotating components.,70.54,UNKNOWN_ABNORMALITY
M001,2026-08-17 15:03:32,1.266,472.422,30.25,WARNING_SOUND,72.0,MEDIUM,STABLE,1,MECHANICAL_ABNORMALITY,Inspect mechanical components and sound sources.,66.93,UNKNOWN_ABNORMALITY
M001,2026-08-17 15:03:34,1.19,326.641,30.0,NORMAL,100.0,LOW,RISING,0,NONE,Continue normal monitoring.,38.69,NORMAL
M001,2026-08-17 15:03:36,1.104,474.796,30.0,WARNING_SOUND,72.0,MEDIUM,FALLING,1,MECHANICAL_ABNORMALITY,Inspect mechanical components and sound sources.,62.44,UNKNOWN_ABNORMALITY
M001,2026-08-17 15:03:38,1.17,560.865,30.0,WARNING_SOUND,72.0,MEDIUM,STABLE,1,MECHANICAL_ABNORMALITY,Inspect mechanical components and sound sources.,73.82,ABNORMAL_SOUND
M001,2026-08-17 15:03:40,1.846,510.436,30.0,WARNING_SOUND,72.0,MEDIUM,STABLE,1,MECHANICAL_ABNORMALITY,Inspect mechanical components and sound sources.,71.34,ABNORMAL_SOUND
M001,2026-08-17 15:03:43,1.538,611.041,30.0,NORMAL,100.0,LOW,RISING,0,NONE,Continue normal monitoring.,79.97,ABNORMAL_SOUND
M001,2026-08-17 15:03:45,1.478,283.804,30.0,WARNING_SOUND,72.0,MEDIUM,FALLING,1,MECHANICAL_ABNORMALITY,Inspect mechanical components and sound sources.,36.35,NORMAL
M001,2026-08-17 15:03:47,1.152,324.977,30.0,NORMAL,100.0,LOW,RISING,0,NONE,Continue normal monitoring.,38.56,NORMAL
M001,2026-08-17 15:03:49,1.115,498.068,30.0,WARNING_SOUND,72.0,MEDIUM,FALLING,1,MECHANICAL_ABNORMALITY,Inspect mechanical components and sound sources.,65.91,UNKNOWN_ABNORMALITY
M001,2026-08-17 15:03:51,1.229,508.503,30.0,WARNING_SOUND,72.0,MEDIUM,STABLE,1,MECHANICAL_ABNORMALITY,Inspect mechanical components and sound sources.,66.91,ABNORMAL_SOUND
M001,2026-08-17 15:03:53,1.287,300.189,30.0,NORMAL,100.0,LOW,RISING,0,NONE,Continue normal monitoring.,37.06,NORMAL
M001,2026-08-17 15:03:55,1.53,316.89,30.0,WARNING_SOUND,72.0,MEDIUM,FALLING,1,MECHANICAL_ABNORMALITY,Inspect mechanical components and sound sources.,42.26,NORMAL
M001,2026-08-17 15:03:57,1.558,592.721,29.75,WARNING_SOUND,72.0,MEDIUM,STABLE,1,MECHANICAL_ABNORMALITY,Inspect mechanical components and sound sources.,74.53,ABNORMAL_SOUND
M001,2026-08-17 15:03:59,1.415,290.406,29.75,NORMAL,100.0,LOW,RISING,0,NONE,Continue normal monitoring.,30.93,NORMAL
M001,2026-08-17 15:04:01,1.399,548.165,29.75,WARNING_SOUND,72.0,MEDIUM,FALLING,1,MECHANICAL_ABNORMALITY,Inspect mechanical components and sound sources.,71.1,ABNORMAL_SOUND
M001,2026-08-17 15:04:03,1.13,387.945,29.75,WARNING_SOUND,72.0,MEDIUM,STABLE,1,MECHANICAL_ABNORMALITY,Inspect mechanical components and sound sources.,44.66,NORMAL
M001,2026-08-17 15:04:05,1.233,392.347,29.75,NORMAL,100.0,LOW,RISING,0,NONE,Continue normal monitoring.,45.12,NORMAL
M001,2026-08-17 15:04:08,1.285,239.811,29.75,WARNING_SOUND,72.0,MEDIUM,FALLING,1,MECHANICAL_ABNORMALITY,Inspect mechanical components and sound sources.,24.16,NORMAL
M001,2026-08-17 15:04:10,1.339,348.961,29.75,NORMAL,100.0,LOW,RISING,0,NONE,Continue normal monitoring.,39.54,NORMAL
M001,2026-08-17 15:04:12,1.47,230.259,29.75,NORMAL,100.0,LOW,STABLE,0,NONE,Continue normal monitoring.,26.86,NORMAL
M001,2026-08-17 15:04:14,1.268,381.959,29.75,WARNING_SOUND,72.0,MEDIUM,FALLING,1,MECHANICAL_ABNORMALITY,Inspect mechanical components and sound sources.,44.34,NORMAL
M001,2026-08-17 15:04:16,1.337,349.725,29.75,NORMAL,100.0,LOW,RISING,0,NONE,Continue normal monitoring.,39.69,NORMAL
M001,2026-08-17 15:04:18,1.467,495.954,29.75,WARNING_SOUND,72.0,MEDIUM,FALLING,1,MECHANICAL_ABNORMALITY,Inspect mechanical components and sound sources.,65.63,UNKNOWN_ABNORMALITY
M001,2026-08-17 15:04:20,1.148,790.794,29.75,WARNING_SOUND,72.0,MEDIUM,STABLE,1,MECHANICAL_ABNORMALITY,Inspect mechanical components and sound sources.,79.17,ABNORMAL_SOUND
M001,2026-08-17 15:04:22,1.256,477.957,29.75,WARNING_SOUND,72.0,MEDIUM,STABLE,1,MECHANICAL_ABNORMALITY,Inspect mechanical components and sound sources.,61.56,UNKNOWN_ABNORMALITY
M001,2026-08-17 15:04:24,1.268,734.872,29.5,NORMAL,100.0,LOW,RISING,0,NONE,Continue normal monitoring.,76.9,ABNORMAL_SOUND
M001,2026-08-17 15:04:26,1.426,518.586,29.75,WARNING_SOUND,72.0,MEDIUM,FALLING,1,MECHANICAL_ABNORMALITY,Inspect mechanical components and sound sources.,67.17,ABNORMAL_SOUND
M001,2026-08-17 15:04:28,0.938,455.643,29.5,NORMAL,100.0,LOW,RISING,0,NONE,Continue normal monitoring.,54.82,UNKNOWN_ABNORMALITY
M001,2026-08-17 15:04:30,1.676,324.524,29.5,NORMAL,100.0,LOW,STABLE,0,NONE,Continue normal monitoring.,34.2,NORMAL
M001,2026-08-17 15:04:33,1.488,532.761,29.5,WARNING_SOUND,72.0,MEDIUM,FALLING,1,MECHANICAL_ABNORMALITY,Inspect mechanical components and sound sources.,67.33,ABNORMAL_SOUND
M001,2026-08-17 15:04:35,1.557,274.577,29.5,NORMAL,100.0,LOW,RISING,0,NONE,Continue normal monitoring.,23.11,NORMAL
M001,2026-08-17 15:04:37,0.945,393.151,29.5,WARNING_SOUND,72.0,MEDIUM,FALLING,1,MECHANICAL_ABNORMALITY,Inspect mechanical components and sound sources.,42.59,NORMAL
M001,2026-08-17 15:04:39,0.97,473.958,29.5,NORMAL,100.0,LOW,RISING,0,NONE,Continue normal monitoring.,57.15,UNKNOWN_ABNORMALITY
M001,2026-08-17 15:04:41,1.396,263.665,29.5,WARNING_SOUND,72.0,MEDIUM,FALLING,1,MECHANICAL_ABNORMALITY,Inspect mechanical components and sound sources.,18.74,NORMAL
M001,2026-08-17 15:04:43,1.861,269.256,29.5,NORMAL,100.0,LOW,RISING,0,NONE,Continue normal monitoring.,28.75,NORMAL
M001,2026-08-17 15:04:45,1.496,372.66,29.5,WARNING_SOUND,72.0,MEDIUM,FALLING,1,MECHANICAL_ABNORMALITY,Inspect mechanical components and sound sources.,42.78,NORMAL
M001,2026-08-17 15:04:47,2.018,392.253,29.5,WARNING_SOUND,72.0,MEDIUM,STABLE,1,MECHANICAL_ABNORMALITY,Inspect mechanical components and sound sources.,56.4,UNKNOWN_ABNORMALITY
M001,2026-08-17 15:04:49,1.205,284.252,29.5,NORMAL,100.0,LOW,RISING,0,NONE,Continue normal monitoring.,21.43,NORMAL
M001,2026-08-17 15:04:51,1.708,256.879,29.5,WARNING_SOUND,72.0,MEDIUM,FALLING,1,MECHANICAL_ABNORMALITY,Inspect mechanical components and sound sources.,22.88,NORMAL
M001,2026-08-17 15:04:53,1.189,330.903,29.5,NORMAL,100.0,LOW,RISING,0,NONE,Continue normal monitoring.,27.43,NORMAL
M001,2026-08-17 15:04:55,1.724,298.349,29.5,WARNING_SOUND,72.0,MEDIUM,FALLING,1,MECHANICAL_ABNORMALITY,Inspect mechanical components and sound sources.,32.08,NORMAL
M001,2026-08-17 15:04:57,1.504,368.237,29.5,WARNING_SOUND,72.0,MEDIUM,STABLE,1,MECHANICAL_ABNORMALITY,Inspect mechanical components and sound sources.,41.74,NORMAL
M001,2026-08-17 15:05:00,1.475,288.779,29.25,NORMAL,100.0,LOW,RISING,0,NONE,Continue normal monitoring.,16.36,NORMAL
M001,2026-08-17 15:05:02,1.833,311.168,29.5,NORMAL,100.0,LOW,STABLE,0,NONE,Continue normal monitoring.,35.9,NORMAL
M001,2026-08-17 15:05:04,1.045,329.877,29.5,NORMAL,100.0,LOW,STABLE,0,NONE,Continue normal monitoring.,26.85,NORMAL
M001,2026-08-17 15:05:06,1.402,329.644,29.25,WARNING_SOUND,72.0,MEDIUM,FALLING,1,MECHANICAL_ABNORMALITY,Inspect mechanical components and sound sources.,21.29,NORMAL
M001,2026-08-17 15:05:08,1.164,372.753,29.25,NORMAL,100.0,LOW,RISING,0,NONE,Continue normal monitoring.,29.06,NORMAL
M001,2026-08-17 15:05:10,1.573,355.907,29.25,WARNING_SOUND,72.0,MEDIUM,FALLING,1,MECHANICAL_ABNORMALITY,Inspect mechanical components and sound sources.,31.53,NORMAL
M001,2026-08-17 15:05:12,1.275,453.998,29.25,WARNING_SOUND,72.0,MEDIUM,STABLE,1,MECHANICAL_ABNORMALITY,Inspect mechanical components and sound sources.,47.64,NORMAL
M001,2026-08-17 15:05:14,0.959,354.681,29.25,NORMAL,100.0,LOW,RISING,0,NONE,Continue normal monitoring.,24.59,NORMAL
M001,2026-08-17 15:05:16,1.716,310.727,29.25,WARNING_SOUND,72.0,MEDIUM,FALLING,1,MECHANICAL_ABNORMALITY,Inspect mechanical components and sound sources.,23.99,NORMAL
M001,2026-08-17 15:05:18,1.456,495.622,29.25,NORMAL,100.0,LOW,RISING,0,NONE,Continue normal monitoring.,56.18,UNKNOWN_ABNORMALITY
M001,2026-08-17 15:05:20,1.395,273.629,29.25,NORMAL,100.0,LOW,STABLE,0,NONE,Continue normal monitoring.,11.97,NORMAL
M001,2026-08-17 15:05:22,1.606,524.199,29.25,WARNING_SOUND,72.0,MEDIUM,FALLING,1,MECHANICAL_ABNORMALITY,Inspect mechanical components and sound sources.,58.72,ABNORMAL_SOUND
M001,2026-08-17 15:05:24,1.672,334.2,29.25,NORMAL,100.0,LOW,RISING,0,NONE,Continue normal monitoring.,26.64,NORMAL
M001,2026-08-17 15:05:27,0.925,402.735,29.25,WARNING_SOUND,72.0,MEDIUM,FALLING,1,MECHANICAL_ABNORMALITY,Inspect mechanical components and sound sources.,36.31,NORMAL
M001,2026-08-17 15:05:29,0.975,252.853,29.25,NORMAL,100.0,LOW,RISING,0,NONE,Continue normal monitoring.,6.35,NORMAL
M001,2026-08-17 15:05:31,1.16,262.441,29.25,NORMAL,100.0,LOW,STABLE,0,NONE,Continue normal monitoring.,8.29,NORMAL
M001,2026-08-17 15:05:33,1.975,328.425,29.25,WARNING_SOUND,72.0,MEDIUM,FALLING,1,MECHANICAL_ABNORMALITY,Inspect mechanical components and sound sources.,35.25,NORMAL
M001,2026-08-17 15:05:35,1.136,443.962,29.25,NORMAL,100.0,LOW,RISING,0,NONE,Continue normal monitoring.,43.51,NORMAL
M001,2026-08-17 15:05:37,1.498,404.556,29.25,WARNING_SOUND,72.0,MEDIUM,FALLING,1,MECHANICAL_ABNORMALITY,Inspect mechanical components and sound sources.,41.55,NORMAL
M001,2026-08-17 15:05:39,0.037,488.268,29.25,NORMAL,100.0,LOW,RISING,0,NONE,Continue normal monitoring.,61.36,UNKNOWN_ABNORMALITY
M001,2026-08-17 15:05:41,0.939,418.555,29.25,WARNING_SOUND,72.0,MEDIUM,FALLING,1,MECHANICAL_ABNORMALITY,Inspect mechanical components and sound sources.,39.04,NORMAL
M001,2026-08-17 15:05:43,2.138,369.708,29.25,NORMAL,100.0,LOW,RISING,0,NONE,Continue normal monitoring.,51.84,UNKNOWN_ABNORMALITY
M001,2026-08-17 15:05:45,1.352,234.536,29.25,NORMAL,100.0,LOW,STABLE,0,NONE,Continue normal monitoring.,7.92,NORMAL
M001,2026-08-17 15:05:47,1.209,411.946,29.25,WARNING_SOUND,72.0,MEDIUM,FALLING,1,MECHANICAL_ABNORMALITY,Inspect mechanical components and sound sources.,38.49,NORMAL
M001,2026-08-17 15:05:49,1.083,243.749,29.25,NORMAL,100.0,LOW,RISING,0,NONE,Continue normal monitoring.,5.57,NORMAL
M001,2026-08-17 15:05:52,1.244,293.223,29.25,WARNING_SOUND,72.0,MEDIUM,FALLING,1,MECHANICAL_ABNORMALITY,Inspect mechanical components and sound sources.,13.87,NORMAL
M001,2026-08-17 15:05:54,1.103,345.605,29.25,NORMAL,100.0,LOW,RISING,0,NONE,Continue normal monitoring.,23.19,NORMAL
M001,2026-08-17 15:05:56,1.347,581.396,29.25,WARNING_SOUND,72.0,MEDIUM,FALLING,1,MECHANICAL_ABNORMALITY,Inspect mechanical components and sound sources.,66.27,ABNORMAL_SOUND
M001,2026-08-17 15:05:58,1.11,272.055,29.25,NORMAL,100.0,LOW,RISING,0,NONE,Continue normal monitoring.,9.69,NORMAL
M001,2026-08-17 15:06:00,1.113,410.433,29.25,WARNING_SOUND,72.0,MEDIUM,FALLING,1,MECHANICAL_ABNORMALITY,Inspect mechanical components and sound sources.,37.2,NORMAL
M001,2026-08-17 15:06:02,0.675,409.778,29.25,NORMAL,100.0,LOW,RISING,0,NONE,Continue normal monitoring.,41.04,NORMAL
M001,2026-08-17 15:06:04,1.203,661.687,29.25,WARNING_SOUND,72.0,MEDIUM,FALLING,1,MECHANICAL_ABNORMALITY,Inspect mechanical components and sound sources.,69.65,ABNORMAL_SOUND
M001,2026-08-17 15:06:06,1.319,603.614,29.25,WARNING_SOUND,72.0,MEDIUM,STABLE,1,MECHANICAL_ABNORMALITY,Inspect mechanical components and sound sources.,66.39,ABNORMAL_SOUND
M001,2026-08-17 15:06:08,1.416,395.469,29.25,WARNING_SOUND,72.0,MEDIUM,STABLE,1,MECHANICAL_ABNORMALITY,Inspect mechanical components and sound sources.,38.28,NORMAL
M001,2026-08-17 15:06:10,1.447,694.797,29.25,WARNING_SOUND,72.0,MEDIUM,STABLE,1,MECHANICAL_ABNORMALITY,Inspect mechanical components and sound sources.,73.08,ABNORMAL_SOUND
M001,2026-08-17 15:06:12,0.986,341.495,29.25,NORMAL,100.0,LOW,RISING,0,NONE,Continue normal monitoring.,21.85,NORMAL
M001,2026-08-17 15:06:14,2.232,613.489,29.25,CRITICAL_VIB_SOUND,50.0,HIGH,FALLING,1,LOOSE_COMPONENT,Inspect and secure loose components.,76.71,ABNORMAL_SOUND
M001,2026-08-17 15:06:16,2.007,794.648,29.25,CRITICAL_VIB_SOUND,50.0,HIGH,STABLE,1,LOOSE_COMPONENT,Inspect and secure loose components.,79.42,ABNORMAL_SOUND
M001,2026-08-17 15:06:19,1.768,433.933,29.25,WARNING_SOUND,72.0,MEDIUM,RISING,1,MECHANICAL_ABNORMALITY,Inspect mechanical components and sound sources.,49.32,NORMAL
M001,2026-08-17 15:06:21,1.215,385.605,29.25,WARNING_SOUND,72.0,MEDIUM,STABLE,1,MECHANICAL_ABNORMALITY,Inspect mechanical components and sound sources.,31.6,NORMAL
M001,2026-08-17 15:06:23,0.818,239.092,29.25,NORMAL,100.0,LOW,RISING,0,NONE,Continue normal monitoring.,7.08,NORMAL
M001,2026-08-17 15:06:25,1.292,349.7,29.25,WARNING_SOUND,72.0,MEDIUM,FALLING,1,MECHANICAL_ABNORMALITY,Inspect mechanical components and sound sources.,25.47,NORMAL
M001,2026-08-17 15:06:27,0.964,280.968,29.25,NORMAL,100.0,LOW,RISING,0,NONE,Continue normal monitoring.,10.9,NORMAL
M001,2026-08-17 15:06:29,0.794,257.987,29.25,NORMAL,100.0,LOW,STABLE,0,NONE,Continue normal monitoring.,6.48,NORMAL
M001,2026-08-17 15:06:31,1.186,266.635,29.25,WARNING_SOUND,72.0,MEDIUM,FALLING,1,MECHANICAL_ABNORMALITY,Inspect mechanical components and sound sources.,8.57,NORMAL
M001,2026-08-17 15:06:33,0.901,218.535,29.25,NORMAL,100.0,LOW,RISING,0,NONE,Continue normal monitoring.,12.23,NORMAL
M001,2026-08-17 15:06:35,1.111,336.439,29.25,NORMAL,100.0,LOW,STABLE,0,NONE,Continue normal monitoring.,20.2,NORMAL
M001,2026-08-17 15:06:37,1.0,214.112,29.25,NORMAL,100.0,LOW,STABLE,0,NONE,Continue normal monitoring.,13.06,NORMAL
M001,2026-08-17 15:06:39,1.213,325.233,29.25,WARNING_SOUND,72.0,MEDIUM,FALLING,1,MECHANICAL_ABNORMALITY,Inspect mechanical components and sound sources.,18.55,NORMAL
M001,2026-08-17 15:06:41,0.484,271.256,29.25,NORMAL,100.0,LOW,RISING,0,NONE,Continue normal monitoring.,12.14,NORMAL
M001,2026-08-17 15:06:44,0.918,228.799,29.25,NORMAL,100.0,LOW,STABLE,0,NONE,Continue normal monitoring.,7.63,NORMAL
M001,2026-08-17 15:06:46,0.743,343.599,29.25,WARNING_SOUND,72.0,MEDIUM,FALLING,1,MECHANICAL_ABNORMALITY,Inspect mechanical components and sound sources.,24.18,NORMAL
M001,2026-08-17 15:06:48,0.762,334.299,29.25,NORMAL,100.0,LOW,RISING,0,NONE,Continue normal monitoring.,21.1,NORMAL
M001,2026-08-17 15:06:50,2.179,244.867,29.25,WARNING_VIBRATION,72.0,MEDIUM,FALLING,1,EXCESSIVE_VIBRATION,Inspect motor and rotating components.,27.01,NORMAL
M001,2026-08-17 15:06:52,2.079,411.469,29.25,WARNING_VIBRATION,72.0,MEDIUM,STABLE,1,EXCESSIVE_VIBRATION,Inspect motor and rotating components.,56.36,UNKNOWN_ABNORMALITY
M001,2026-08-17 15:06:54,0.796,347.833,29.25,NORMAL,100.0,LOW,RISING,0,NONE,Continue normal monitoring.,24.36,NORMAL
M001,2026-08-17 15:06:56,1.448,377.826,29.25,WARNING_SOUND,72.0,MEDIUM,FALLING,1,MECHANICAL_ABNORMALITY,Inspect mechanical components and sound sources.,34.58,NORMAL
M001,2026-08-17 15:06:58,1.011,260.376,29.25,NORMAL,100.0,LOW,RISING,0,NONE,Continue normal monitoring.,7.35,NORMAL
M001,2026-08-17 15:07:00,0.929,377.741,29.25,WARNING_SOUND,72.0,MEDIUM,FALLING,1,MECHANICAL_ABNORMALITY,Inspect mechanical components and sound sources.,30.36,NORMAL
M001,2026-08-17 15:07:02,1.418,402.042,29.25,NORMAL,100.0,LOW,RISING,0,NONE,Continue normal monitoring.,39.79,NORMAL
M001,2026-08-17 15:07:04,1.426,311.444,29.25,WARNING_SOUND,72.0,MEDIUM,FALLING,1,MECHANICAL_ABNORMALITY,Inspect mechanical components and sound sources.,19.38,NORMAL
M001,2026-08-17 15:07:06,1.362,455.119,29.25,WARNING_SOUND,72.0,MEDIUM,STABLE,1,MECHANICAL_ABNORMALITY,Inspect mechanical components and sound sources.,49.46,NORMAL
M001,2026-08-17 15:07:08,1.164,376.868,29.25,NORMAL,100.0,LOW,RISING,0,NONE,Continue normal monitoring.,29.27,NORMAL
M001,2026-08-17 15:07:11,0.881,486.684,29.25,WARNING_SOUND,72.0,MEDIUM,FALLING,1,MECHANICAL_ABNORMALITY,Inspect mechanical components and sound sources.,52.79,UNKNOWN_ABNORMALITY
M001,2026-08-17 15:07:13,1.155,450.973,29.25,WARNING_SOUND,72.0,MEDIUM,STABLE,1,MECHANICAL_ABNORMALITY,Inspect mechanical components and sound sources.,44.74,NORMAL
M001,2026-08-17 15:07:15,0.806,458.772,29.0,NORMAL,100.0,LOW,RISING,0,NONE,Continue normal monitoring.,51.9,UNKNOWN_ABNORMALITY
M001,2026-08-17 15:07:17,1.083,376.074,29.0,WARNING_SOUND,72.0,MEDIUM,FALLING,1,MECHANICAL_ABNORMALITY,Inspect mechanical components and sound sources.,34.82,NORMAL
M001,2026-08-17 15:07:19,1.307,515.321,29.25,WARNING_SOUND,72.0,MEDIUM,STABLE,1,MECHANICAL_ABNORMALITY,Inspect mechanical components and sound sources.,56.18,ABNORMAL_SOUND
M001,2026-08-17 15:07:21,1.132,517.352,29.25,WARNING_SOUND,72.0,MEDIUM,STABLE,1,MECHANICAL_ABNORMALITY,Inspect mechanical components and sound sources.,54.37,ABNORMAL_SOUND
M001,2026-08-17 15:07:23,0.761,596.367,29.25,NORMAL,100.0,LOW,RISING,0,NONE,Continue normal monitoring.,65.67,ABNORMAL_SOUND
M001,2026-08-17 15:07:25,1.489,341.716,29.25,WARNING_SOUND,72.0,MEDIUM,FALLING,1,MECHANICAL_ABNORMALITY,Inspect mechanical components and sound sources.,25.99,NORMAL
M001,2026-08-17 15:07:27,1.585,364.532,29.25,WARNING_SOUND,72.0,MEDIUM,STABLE,1,MECHANICAL_ABNORMALITY,Inspect mechanical components and sound sources.,34.46,NORMAL
M001,2026-08-17 15:07:29,1.011,412.093,29.0,WARNING_SOUND,72.0,MEDIUM,STABLE,1,MECHANICAL_ABNORMALITY,Inspect mechanical components and sound sources.,43.24,NORMAL
M001,2026-08-17 15:07:31,1.743,420.246,29.0,NORMAL,100.0,LOW,RISING,0,NONE,Continue normal monitoring.,49.0,NORMAL
M001,2026-08-17 15:07:33,1.415,274.204,29.25,NORMAL,100.0,LOW,STABLE,0,NONE,Continue normal monitoring.,12.18,NORMAL
M001,2026-08-17 15:07:36,1.813,411.084,29.25,WARNING_SOUND,72.0,MEDIUM,FALLING,1,MECHANICAL_ABNORMALITY,Inspect mechanical components and sound sources.,47.96,NORMAL
M001,2026-08-17 15:07:38,1.356,501.985,29.25,WARNING_SOUND,72.0,MEDIUM,STABLE,1,MECHANICAL_ABNORMALITY,Inspect mechanical components and sound sources.,55.52,ABNORMAL_SOUND
M001,2026-08-17 15:07:40,0.86,328.977,29.25,NORMAL,100.0,LOW,RISING,0,NONE,Continue normal monitoring.,18.79,NORMAL
M001,2026-08-17 15:07:42,0.664,353.934,29.25,NORMAL,100.0,LOW,STABLE,0,NONE,Continue normal monitoring.,27.41,NORMAL
M001,2026-08-17 15:07:44,0.323,522.308,29.25,WARNING_SOUND,72.0,MEDIUM,FALLING,1,MECHANICAL_ABNORMALITY,Inspect mechanical components and sound sources.,60.6,ABNORMAL_SOUND
M001,2026-08-17 15:07:46,0.898,316.571,29.25,NORMAL,100.0,LOW,RISING,0,NONE,Continue normal monitoring.,17.89,NORMAL
M001,2026-08-17 15:07:48,1.266,724.761,29.25,WARNING_SOUND,72.0,MEDIUM,FALLING,1,MECHANICAL_ABNORMALITY,Inspect mechanical components and sound sources.,72.54,ABNORMAL_SOUND
M001,2026-08-17 15:07:50,1.259,844.943,29.25,WARNING_SOUND,72.0,MEDIUM,STABLE,1,MECHANICAL_ABNORMALITY,Inspect mechanical components and sound sources.,74.83,ABNORMAL_SOUND
M001,2026-08-17 15:07:52,1.107,385.026,29.0,WARNING_SOUND,72.0,MEDIUM,STABLE,1,MECHANICAL_ABNORMALITY,Inspect mechanical components and sound sources.,36.17,NORMAL
M001,2026-08-17 15:07:54,1.131,622.521,29.25,NORMAL,100.0,LOW,RISING,0,NONE,Continue normal monitoring.,66.07,ABNORMAL_SOUND
M001,2026-08-17 15:07:56,1.274,636.409,29.25,WARNING_SOUND,72.0,MEDIUM,FALLING,1,MECHANICAL_ABNORMALITY,Inspect mechanical components and sound sources.,68.48,ABNORMAL_SOUND
M001,2026-08-17 15:07:58,0.819,345.847,29.25,NORMAL,100.0,LOW,RISING,0,NONE,Continue normal monitoring.,23.96,NORMAL
M001,2026-08-17 15:08:01,1.021,214.022,29.25,NORMAL,100.0,LOW,STABLE,0,NONE,Continue normal monitoring.,13.11,NORMAL
M001,2026-08-17 15:08:03,1.143,424.1,29.0,WARNING_SOUND,72.0,MEDIUM,FALLING,1,MECHANICAL_ABNORMALITY,Inspect mechanical components and sound sources.,44.79,NORMAL
M001,2026-08-17 15:08:05,0.624,555.586,29.25,WARNING_SOUND,72.0,MEDIUM,STABLE,1,MECHANICAL_ABNORMALITY,Inspect mechanical components and sound sources.,63.29,ABNORMAL_SOUND
M001,2026-08-17 15:08:07,0.249,335.848,29.0,CRITICAL_VIB_SOUND,50.0,HIGH,FALLING,1,LOOSE_COMPONENT,Inspect and secure loose components.,34.84,NORMAL
M001,2026-08-17 15:08:09,0.157,325.889,29.0,NORMAL,100.0,LOW,RISING,0,NONE,Continue normal monitoring.,35.13,NORMAL
M001,2026-08-17 15:08:11,0.206,518.358,29.25,WARNING_SOUND,72.0,MEDIUM,FALLING,1,MECHANICAL_ABNORMALITY,Inspect mechanical components and sound sources.,60.25,ABNORMAL_SOUND
M001,2026-08-17 15:08:13,2.726,397.111,29.25,CRITICAL_VIB_SOUND,50.0,HIGH,FALLING,1,LOOSE_COMPONENT,Inspect and secure loose components.,68.42,UNKNOWN_ABNORMALITY
M001,2026-08-17 15:08:15,0.9,347.879,29.0,NORMAL,100.0,LOW,RISING,0,NONE,Continue normal monitoring.,30.73,NORMAL
M001,2026-08-17 15:08:17,2.11,407.463,29.25,WARNING_SOUND,72.0,MEDIUM,FALLING,1,MECHANICAL_ABNORMALITY,Inspect mechanical components and sound sources.,57.25,UNKNOWN_ABNORMALITY
M001,2026-08-17 15:08:19,0.977,534.733,29.25,WARNING_SOUND,72.0,MEDIUM,STABLE,1,MECHANICAL_ABNORMALITY,Inspect mechanical components and sound sources.,58.39,ABNORMAL_SOUND
M001,2026-08-17 15:08:21,1.329,502.566,29.25,NORMAL,100.0,LOW,RISING,0,NONE,Continue normal monitoring.,55.12,ABNORMAL_SOUND
M001,2026-08-17 15:08:23,0.797,312.712,29.0,WARNING_SOUND,72.0,MEDIUM,FALLING,1,MECHANICAL_ABNORMALITY,Inspect mechanical components and sound sources.,24.99,NORMAL
M001,2026-08-17 15:08:25,0.638,537.296,29.25,WARNING_SOUND,72.0,MEDIUM,STABLE,1,MECHANICAL_ABNORMALITY,Inspect mechanical components and sound sources.,62.14,ABNORMAL_SOUND
M001,2026-08-17 15:08:28,1.007,552.481,29.25,WARNING_SOUND,72.0,MEDIUM,STABLE,1,MECHANICAL_ABNORMALITY,Inspect mechanical components and sound sources.,59.94,ABNORMAL_SOUND
M001,2026-08-17 15:08:30,1.729,448.781,29.25,NORMAL,100.0,LOW,RISING,0,NONE,Continue normal monitoring.,51.73,UNKNOWN_ABNORMALITY
M001,2026-08-17 15:08:32,1.045,381.975,29.25,WARNING_SOUND,72.0,MEDIUM,FALLING,1,MECHANICAL_ABNORMALITY,Inspect mechanical components and sound sources.,30.18,NORMAL
M001,2026-08-17 15:08:34,0.758,456.37,29.25,WARNING_SOUND,72.0,MEDIUM,STABLE,1,MECHANICAL_ABNORMALITY,Inspect mechanical components and sound sources.,47.51,NORMAL
M001,2026-08-17 15:08:36,0.441,458.32,29.25,NORMAL,100.0,LOW,RISING,0,NONE,Continue normal monitoring.,50.85,UNKNOWN_ABNORMALITY
M001,2026-08-17 15:08:38,0.701,509.894,29.25,WARNING_SOUND,72.0,MEDIUM,FALLING,1,MECHANICAL_ABNORMALITY,Inspect mechanical components and sound sources.,56.52,ABNORMAL_SOUND
M001,2026-08-17 15:08:40,0.611,568.283,29.25,WARNING_SOUND,72.0,MEDIUM,STABLE,1,MECHANICAL_ABNORMALITY,Inspect mechanical components and sound sources.,66.05,ABNORMAL_SOUND
M001,2026-08-17 15:08:42,0.646,513.095,29.25,WARNING_SOUND,72.0,MEDIUM,STABLE,1,MECHANICAL_ABNORMALITY,Inspect mechanical components and sound sources.,57.85,ABNORMAL_SOUND
M001,2026-08-17 15:08:44,0.915,441.966,29.25,WARNING_SOUND,72.0,MEDIUM,STABLE,1,MECHANICAL_ABNORMALITY,Inspect mechanical components and sound sources.,43.62,NORMAL
M001,2026-08-17 15:08:46,0.89,520.154,29.0,NORMAL,100.0,LOW,RISING,0,NONE,Continue normal monitoring.,59.56,ABNORMAL_SOUND
M001,2026-08-17 15:08:48,0.516,453.174,29.25,WARNING_SOUND,72.0,MEDIUM,FALLING,1,MECHANICAL_ABNORMALITY,Inspect mechanical components and sound sources.,50.62,UNKNOWN_ABNORMALITY
M001,2026-08-17 15:08:50,1.069,450.541,29.25,NORMAL,100.0,LOW,RISING,0,NONE,Continue normal monitoring.,45.0,NORMAL
M001,2026-08-17 15:08:53,0.741,543.982,29.25,WARNING_SOUND,72.0,MEDIUM,FALLING,1,MECHANICAL_ABNORMALITY,Inspect mechanical components and sound sources.,60.85,ABNORMAL_SOUND
M001,2026-08-17 15:08:55,0.886,437.205,29.25,WARNING_SOUND,72.0,MEDIUM,STABLE,1,MECHANICAL_ABNORMALITY,Inspect mechanical components and sound sources.,43.15,NORMAL
M001,2026-08-17 15:08:57,0.859,437.883,29.25,WARNING_SOUND,72.0,MEDIUM,STABLE,1,MECHANICAL_ABNORMALITY,Inspect mechanical components and sound sources.,43.27,NORMAL
M001,2026-08-17 15:08:59,0.801,319.752,29.25,NORMAL,100.0,LOW,RISING,0,NONE,Continue normal monitoring.,18.44,NORMAL
M001,2026-08-17 15:09:01,0.365,294.698,29.25,WARNING_SOUND,72.0,MEDIUM,FALLING,1,MECHANICAL_ABNORMALITY,Inspect mechanical components and sound sources.,18.47,NORMAL
M001,2026-08-17 15:09:03,1.336,381.977,29.25,WARNING_SOUND,72.0,MEDIUM,STABLE,1,MECHANICAL_ABNORMALITY,Inspect mechanical components and sound sources.,32.62,NORMAL
M001,2026-08-17 15:09:05,1.524,533.541,29.25,NORMAL,100.0,LOW,RISING,0,NONE,Continue normal monitoring.,62.44,ABNORMAL_SOUND
M001,2026-08-17 15:09:07,1.051,366.217,29.25,WARNING_SOUND,72.0,MEDIUM,FALLING,1,MECHANICAL_ABNORMALITY,Inspect mechanical components and sound sources.,27.71,NORMAL
M001,2026-08-17 15:09:09,1.193,481.336,29.25,NORMAL,100.0,LOW,RISING,0,NONE,Continue normal monitoring.,51.54,UNKNOWN_ABNORMALITY
M001,2026-08-17 15:09:11,0.989,328.83,29.25,WARNING_SOUND,72.0,MEDIUM,FALLING,1,MECHANICAL_ABNORMALITY,Inspect mechanical components and sound sources.,17.76,NORMAL
M001,2026-08-17 15:09:13,1.264,262.695,29.25,NORMAL,100.0,LOW,RISING,0,NONE,Continue normal monitoring.,9.55,NORMAL
M001,2026-08-17 15:09:15,0.268,320.457,29.25,NORMAL,100.0,LOW,STABLE,0,NONE,Continue normal monitoring.,25.97,NORMAL
M001,2026-08-17 15:09:17,1.233,597.797,29.0,WARNING_SOUND,72.0,MEDIUM,FALLING,1,MECHANICAL_ABNORMALITY,Inspect mechanical components and sound sources.,66.54,ABNORMAL_SOUND
M001,2026-08-17 15:09:20,0.978,321.734,29.25,NORMAL,100.0,LOW,RISING,0,NONE,Continue normal monitoring.,17.59,NORMAL
M001,2026-08-17 15:09:22,0.886,442.771,29.25,WARNING_SOUND,72.0,MEDIUM,FALLING,1,MECHANICAL_ABNORMALITY,Inspect mechanical components and sound sources.,43.96,NORMAL
M001,2026-08-17 15:09:24,0.895,403.079,29.25,NORMAL,100.0,LOW,RISING,0,NONE,Continue normal monitoring.,35.84,NORMAL
M001,2026-08-17 15:09:26,0.934,556.572,29.25,WARNING_SOUND,72.0,MEDIUM,FALLING,1,MECHANICAL_ABNORMALITY,Inspect mechanical components and sound sources.,61.19,ABNORMAL_SOUND
M001,2026-08-17 15:09:28,0.648,435.244,29.25,WARNING_SOUND,72.0,MEDIUM,STABLE,1,MECHANICAL_ABNORMALITY,Inspect mechanical components and sound sources.,44.84,NORMAL
M001,2026-08-17 15:09:30,0.827,354.334,29.25,NORMAL,100.0,LOW,RISING,0,NONE,Continue normal monitoring.,25.47,NORMAL
M001,2026-08-17 15:09:32,0.245,499.064,29.25,WARNING_SOUND,72.0,MEDIUM,FALLING,1,MECHANICAL_ABNORMALITY,Inspect mechanical components and sound sources.,58.75,UNKNOWN_ABNORMALITY
M001,2026-08-17 15:09:34,0.615,365.179,29.25,NORMAL,100.0,LOW,RISING,0,NONE,Continue normal monitoring.,31.2,NORMAL
M001,2026-08-17 15:09:36,0.621,414.619,29.25,WARNING_SOUND,72.0,MEDIUM,FALLING,1,MECHANICAL_ABNORMALITY,Inspect mechanical components and sound sources.,42.42,NORMAL
M001,2026-08-17 15:09:38,1.039,397.154,29.25,NORMAL,100.0,LOW,RISING,0,NONE,Continue normal monitoring.,34.41,NORMAL
M001,2026-08-17 15:09:40,0.847,396.864,29.0,WARNING_SOUND,72.0,MEDIUM,FALLING,1,MECHANICAL_ABNORMALITY,Inspect mechanical components and sound sources.,41.36,NORMAL
M001,2026-08-17 15:09:42,1.154,279.71,29.25,NORMAL,100.0,LOW,RISING,0,NONE,Continue normal monitoring.,11.29,NORMAL
M001,2026-08-17 15:09:45,1.239,331.346,29.25,WARNING_SOUND,72.0,MEDIUM,FALLING,1,MECHANICAL_ABNORMALITY,Inspect mechanical components and sound sources.,18.48,NORMAL
M001,2026-08-17 15:09:47,1.185,527.177,29.25,WARNING_SOUND,72.0,MEDIUM,STABLE,1,MECHANICAL_ABNORMALITY,Inspect mechanical components and sound sources.,56.47,ABNORMAL_SOUND
M001,2026-08-17 15:09:49,0.792,466.411,29.25,NORMAL,100.0,LOW,RISING,0,NONE,Continue normal monitoring.,49.33,NORMAL
M001,2026-08-17 15:09:51,0.286,368.806,29.25,WARNING_SOUND,72.0,MEDIUM,FALLING,1,MECHANICAL_ABNORMALITY,Inspect mechanical components and sound sources.,35.21,NORMAL
M001,2026-08-17 15:09:53,0.377,440.68,29.25,NORMAL,100.0,LOW,RISING,0,NONE,Continue normal monitoring.,48.36,NORMAL
M001,2026-08-17 15:09:55,0.257,305.586,29.25,NORMAL,100.0,LOW,STABLE,0,NONE,Continue normal monitoring.,24.39,NORMAL
M001,2026-08-17 15:09:57,0.676,368.267,29.25,WARNING_SOUND,72.0,MEDIUM,FALLING,1,MECHANICAL_ABNORMALITY,Inspect mechanical components and sound sources.,31.2,NORMAL
M001,2026-08-17 15:09:59,0.728,483.609,29.25,WARNING_SOUND,72.0,MEDIUM,STABLE,1,MECHANICAL_ABNORMALITY,Inspect mechanical components and sound sources.,53.18,UNKNOWN_ABNORMALITY
M001,2026-08-17 15:10:01,0.339,426.23,29.25,NORMAL,100.0,LOW,RISING,0,NONE,Continue normal monitoring.,46.67,NORMAL
M001,2026-08-17 15:10:03,0.039,570.446,29.25,WARNING_SOUND,72.0,MEDIUM,FALLING,1,MECHANICAL_ABNORMALITY,Inspect mechanical components and sound sources.,69.94,ABNORMAL_SOUND
M001,2026-08-17 15:10:05,1.026,483.774,29.25,WARNING_SOUND,72.0,MEDIUM,STABLE,1,MECHANICAL_ABNORMALITY,Inspect mechanical components and sound sources.,51.27,UNKNOWN_ABNORMALITY
M001,2026-08-17 15:10:07,0.982,331.809,29.25,NORMAL,100.0,LOW,RISING,0,NONE,Continue normal monitoring.,18.32,NORMAL
M001,2026-08-17 15:10:09,0.511,354.481,29.25,WARNING_SOUND,72.0,MEDIUM,FALLING,1,MECHANICAL_ABNORMALITY,Inspect mechanical components and sound sources.,29.51,NORMAL
M001,2026-08-17 15:10:12,0.451,297.635,29.25,NORMAL,100.0,LOW,RISING,0,NONE,Continue normal monitoring.,19.94,NORMAL
M001,2026-08-17 15:10:14,0.763,442.07,29.25,WARNING_SOUND,72.0,MEDIUM,FALLING,1,MECHANICAL_ABNORMALITY,Inspect mechanical components and sound sources.,44.55,NORMAL
M001,2026-08-17 15:10:16,0.589,338.933,29.25,NORMAL,100.0,LOW,RISING,0,NONE,Continue normal monitoring.,25.76,NORMAL
M001,2026-08-17 15:10:18,0.721,488.051,29.25,WARNING_SOUND,72.0,MEDIUM,FALLING,1,MECHANICAL_ABNORMALITY,Inspect mechanical components and sound sources.,54.32,UNKNOWN_ABNORMALITY
M001,2026-08-17 15:10:20,0.97,348.085,29.25,NORMAL,100.0,LOW,RISING,0,NONE,Continue normal monitoring.,23.69,NORMAL
M001,2026-08-17 15:10:22,1.797,339.668,29.25,NORMAL,100.0,LOW,STABLE,0,NONE,Continue normal monitoring.,31.67,NORMAL
M001,2026-08-17 15:10:24,0.692,452.281,29.25,WARNING_SOUND,72.0,MEDIUM,FALLING,1,MECHANICAL_ABNORMALITY,Inspect mechanical components and sound sources.,48.26,NORMAL
M001,2026-08-17 15:10:26,0.957,309.76,29.25,NORMAL,100.0,LOW,RISING,0,NONE,Continue normal monitoring.,16.18,NORMAL
M001,2026-08-17 15:10:28,1.396,305.004,29.25,NORMAL,100.0,LOW,STABLE,0,NONE,Continue normal monitoring.,18.9,NORMAL
M001,2026-08-17 15:10:30,1.256,245.954,29.25,NORMAL,100.0,LOW,STABLE,0,NONE,Continue normal monitoring.,6.84,NORMAL
M001,2026-08-17 15:10:32,1.316,785.994,29.25,WARNING_SOUND,72.0,MEDIUM,FALLING,1,MECHANICAL_ABNORMALITY,Inspect mechanical components and sound sources.,74.53,ABNORMAL_SOUND
M001,2026-08-17 15:10:34,1.033,415.582,29.25,NORMAL,100.0,LOW,RISING,0,NONE,Continue normal monitoring.,38.81,NORMAL
M001,2026-08-17 15:10:37,1.253,426.705,29.25,WARNING_SOUND,72.0,MEDIUM,FALLING,1,MECHANICAL_ABNORMALITY,Inspect mechanical components and sound sources.,42.17,NORMAL
M001,2026-08-17 15:10:39,1.494,255.056,29.25,NORMAL,100.0,LOW,RISING,0,NONE,Continue normal monitoring.,7.89,NORMAL
M001,2026-08-17 15:10:41,1.002,279.317,29.25,NORMAL,100.0,LOW,STABLE,0,NONE,Continue normal monitoring.,10.83,NORMAL
M001,2026-08-17 15:10:43,1.174,378.25,29.25,WARNING_SOUND,72.0,MEDIUM,FALLING,1,MECHANICAL_ABNORMALITY,Inspect mechanical components and sound sources.,29.55,NORMAL
M001,2026-08-17 15:10:45,0.304,259.702,29.25,NORMAL,100.0,LOW,RISING,0,NONE,Continue normal monitoring.,10.98,NORMAL
M001,2026-08-17 15:10:47,1.046,296.64,29.25,NORMAL,100.0,LOW,STABLE,0,NONE,Continue normal monitoring.,14.95,NORMAL
M001,2026-08-17 15:10:49,1.013,298.675,29.25,NORMAL,100.0,LOW,STABLE,0,NONE,Continue normal monitoring.,15.09,NORMAL
M001,2026-08-17 15:10:51,1.446,217.415,29.25,NORMAL,100.0,LOW,STABLE,0,NONE,Continue normal monitoring.,12.87,NORMAL
M001,2026-08-17 15:10:53,0.797,294.135,29.25,WARNING_VIBRATION,72.0,MEDIUM,FALLING,1,EXCESSIVE_VIBRATION,Inspect motor and rotating components.,14.19,NORMAL
M001,2026-08-17 15:10:55,0.714,652.818,29.25,NORMAL,100.0,LOW,RISING,0,NONE,Continue normal monitoring.,71.93,ABNORMAL_SOUND
M001,2026-08-17 15:10:57,0.46,355.553,29.25,WARNING_SOUND,72.0,MEDIUM,FALLING,1,MECHANICAL_ABNORMALITY,Inspect mechanical components and sound sources.,30.01,NORMAL
M001,2026-08-17 15:10:59,0.909,473.39,29.25,NORMAL,100.0,LOW,RISING,0,NONE,Continue normal monitoring.,49.38,NORMAL
M001,2026-08-17 15:11:01,0.685,521.512,29.25,WARNING_SOUND,72.0,MEDIUM,FALLING,1,MECHANICAL_ABNORMALITY,Inspect mechanical components and sound sources.,57.49,ABNORMAL_SOUND
M001,2026-08-17 15:11:04,0.852,481.799,29.25,NORMAL,100.0,LOW,RISING,0,NONE,Continue normal monitoring.,52.1,UNKNOWN_ABNORMALITY
M001,2026-08-17 15:11:06,1.192,469.597,29.25,WARNING_SOUND,72.0,MEDIUM,FALLING,1,MECHANICAL_ABNORMALITY,Inspect mechanical components and sound sources.,48.56,NORMAL
M001,2026-08-17 15:11:08,1.089,529.012,29.25,WARNING_SOUND,72.0,MEDIUM,STABLE,1,MECHANICAL_ABNORMALITY,Inspect mechanical components and sound sources.,57.74,ABNORMAL_SOUND
M001,2026-08-17 15:11:10,0.965,369.145,29.25,NORMAL,100.0,LOW,RISING,0,NONE,Continue normal monitoring.,27.96,NORMAL
M001,2026-08-17 15:11:12,0.544,266.584,29.25,NORMAL,100.0,LOW,STABLE,0,NONE,Continue normal monitoring.,11.45,NORMAL
M001,2026-08-17 15:11:14,0.948,585.646,29.25,WARNING_SOUND,72.0,MEDIUM,FALLING,1,MECHANICAL_ABNORMALITY,Inspect mechanical components and sound sources.,64.15,ABNORMAL_SOUND
M001,2026-08-17 15:11:16,1.199,493.465,29.25,WARNING_SOUND,72.0,MEDIUM,STABLE,1,MECHANICAL_ABNORMALITY,Inspect mechanical components and sound sources.,52.53,UNKNOWN_ABNORMALITY
M001,2026-08-17 15:11:18,1.058,349.561,29.25,NORMAL,100.0,LOW,RISING,0,NONE,Continue normal monitoring.,23.45,NORMAL
M001,2026-08-17 15:11:20,1.425,439.97,29.25,WARNING_SOUND,72.0,MEDIUM,FALLING,1,MECHANICAL_ABNORMALITY,Inspect mechanical components and sound sources.,47.38,NORMAL
M001,2026-08-17 15:11:22,0.179,395.226,29.25,WARNING_SOUND,72.0,MEDIUM,STABLE,1,MECHANICAL_ABNORMALITY,Inspect mechanical components and sound sources.,41.57,NORMAL
M001,2026-08-17 15:11:24,0.2,265.314,29.25,NORMAL,100.0,LOW,RISING,0,NONE,Continue normal monitoring.,13.47,NORMAL
M001,2026-08-17 15:11:26,1.598,329.811,29.25,WARNING_SOUND,72.0,MEDIUM,FALLING,1,MECHANICAL_ABNORMALITY,Inspect mechanical components and sound sources.,24.75,NORMAL
M001,2026-08-17 15:11:29,1.267,317.636,29.25,NORMAL,100.0,LOW,RISING,0,NONE,Continue normal monitoring.,19.05,NORMAL
M001,2026-08-17 15:11:31,1.103,392.351,29.25,WARNING_SOUND,72.0,MEDIUM,FALLING,1,MECHANICAL_ABNORMALITY,Inspect mechanical components and sound sources.,32.28,NORMAL
M001,2026-08-17 15:11:33,0.906,297.125,29.25,NORMAL,100.0,LOW,RISING,0,NONE,Continue normal monitoring.,14.75,NORMAL
M001,2026-08-17 15:11:35,0.016,583.526,29.25,WARNING_SOUND,72.0,MEDIUM,FALLING,1,MECHANICAL_ABNORMALITY,Inspect mechanical components and sound sources.,72.46,ABNORMAL_SOUND
M001,2026-08-17 15:11:37,0.294,402.024,29.25,WARNING_SOUND,72.0,MEDIUM,STABLE,1,MECHANICAL_ABNORMALITY,Inspect mechanical components and sound sources.,41.44,NORMAL
M001,2026-08-17 15:11:39,0.812,501.011,29.25,NORMAL,100.0,LOW,RISING,0,NONE,Continue normal monitoring.,54.44,ABNORMAL_SOUND
M001,2026-08-17 15:11:41,1.559,389.436,29.25,WARNING_SOUND,72.0,MEDIUM,FALLING,1,MECHANICAL_ABNORMALITY,Inspect mechanical components and sound sources.,38.26,NORMAL
M001,2026-08-17 15:11:43,1.14,435.8,29.25,WARNING_SOUND,72.0,MEDIUM,STABLE,1,MECHANICAL_ABNORMALITY,Inspect mechanical components and sound sources.,41.77,NORMAL
M001,2026-08-17 15:11:45,0.009,323.504,29.25,NORMAL,100.0,LOW,RISING,0,NONE,Continue normal monitoring.,38.45,NORMAL
M001,2026-08-17 15:11:47,1.123,385.806,29.25,WARNING_SOUND,72.0,MEDIUM,FALLING,1,MECHANICAL_ABNORMALITY,Inspect mechanical components and sound sources.,30.92,NORMAL
M001,2026-08-17 15:11:49,0.691,402.085,29.25,WARNING_SOUND,72.0,MEDIUM,STABLE,1,MECHANICAL_ABNORMALITY,Inspect mechanical components and sound sources.,38.31,NORMAL
M001,2026-08-17 15:11:51,0.217,363.155,29.25,NORMAL,100.0,LOW,RISING,0,NONE,Continue normal monitoring.,34.68,NORMAL
M001,2026-08-17 15:11:53,1.405,279.511,29.25,NORMAL,100.0,LOW,STABLE,0,NONE,Continue normal monitoring.,12.91,NORMAL
M001,2026-08-17 15:11:56,1.226,245.991,29.25,NORMAL,100.0,LOW,STABLE,0,NONE,Continue normal monitoring.,6.03,NORMAL
M001,2026-08-17 15:11:58,1.746,274.678,29.25,WARNING_SOUND,72.0,MEDIUM,FALLING,1,MECHANICAL_ABNORMALITY,Inspect mechanical components and sound sources.,16.31,NORMAL
M001,2026-08-17 15:12:00,1.636,400.678,29.25,WARNING_SOUND,72.0,MEDIUM,STABLE,1,MECHANICAL_ABNORMALITY,Inspect mechanical components and sound sources.,42.83,NORMAL
M001,2026-08-17 15:12:02,1.112,441.917,29.25,NORMAL,100.0,LOW,RISING,0,NONE,Continue normal monitoring.,42.93,NORMAL
M001,2026-08-17 15:12:04,0.269,247.016,29.25,NORMAL,100.0,LOW,STABLE,0,NONE,Continue normal monitoring.,10.22,NORMAL
M001,2026-08-17 15:12:06,0.451,241.146,29.25,NORMAL,100.0,LOW,STABLE,0,NONE,Continue normal monitoring.,10.22,NORMAL
M001,2026-08-17 15:12:08,0.535,585.678,29.25,WARNING_SOUND,72.0,MEDIUM,FALLING,1,MECHANICAL_ABNORMALITY,Inspect mechanical components and sound sources.,68.3,ABNORMAL_SOUND
M001,2026-08-17 15:12:10,0.53,240.646,29.25,NORMAL,100.0,LOW,RISING,0,NONE,Continue normal monitoring.,10.12,NORMAL
M001,2026-08-17 15:12:12,0.754,292.323,29.25,NORMAL,100.0,LOW,STABLE,0,NONE,Continue normal monitoring.,13.97,NORMAL
M001,2026-08-17 15:12:14,0.098,344.36,29.25,NORMAL,100.0,LOW,STABLE,0,NONE,Continue normal monitoring.,34.09,NORMAL
M001,2026-08-17 15:12:16,0.842,359.446,29.25,WARNING_SOUND,72.0,MEDIUM,FALLING,1,MECHANICAL_ABNORMALITY,Inspect mechanical components and sound sources.,27.64,NORMAL
M001,2026-08-17 15:12:18,0.125,429.246,29.25,NORMAL,100.0,LOW,RISING,0,NONE,Continue normal monitoring.,46.89,NORMAL
M001,2026-08-17 15:12:21,0.768,285.628,29.25,WARNING_SOUND,72.0,MEDIUM,FALLING,1,MECHANICAL_ABNORMALITY,Inspect mechanical components and sound sources.,12.11,NORMAL
M001,2026-08-17 15:12:23,0.315,280.444,29.25,NORMAL,100.0,LOW,RISING,0,NONE,Continue normal monitoring.,15.64,NORMAL
M001,2026-08-17 15:12:25,0.595,236.041,29.25,NORMAL,100.0,LOW,STABLE,0,NONE,Continue normal monitoring.,9.93,NORMAL
M001,2026-08-17 15:12:27,0.597,279.156,29.25,WARNING_SOUND,72.0,MEDIUM,FALLING,1,MECHANICAL_ABNORMALITY,Inspect mechanical components and sound sources.,13.12,NORMAL
M001,2026-08-17 15:12:29,1.564,313.954,29.25,NORMAL,100.0,LOW,RISING,0,NONE,Continue normal monitoring.,21.48,NORMAL
M001,2026-08-17 15:12:31,1.404,332.874,29.25,NORMAL,100.0,LOW,STABLE,0,NONE,Continue normal monitoring.,22.5,NORMAL
M001,2026-08-17 15:12:33,0.492,451.807,29.25,WARNING_SOUND,72.0,MEDIUM,FALLING,1,MECHANICAL_ABNORMALITY,Inspect mechanical components and sound sources.,49.7,NORMAL
M001,2026-08-17 15:12:36,1.234,410.703,29.25,NORMAL,100.0,LOW,RISING,0,NONE,Continue normal monitoring.,37.83,NORMAL
M001,2026-08-17 15:12:37,0.597,462.604,29.25,WARNING_SOUND,72.0,MEDIUM,FALLING,1,MECHANICAL_ABNORMALITY,Inspect mechanical components and sound sources.,50.91,UNKNOWN_ABNORMALITY
M001,2026-08-17 15:12:39,0.73,227.928,29.25,NORMAL,100.0,LOW,RISING,0,NONE,Continue normal monitoring.,10.13,NORMAL
M001,2026-08-17 15:12:41,0.709,315.252,29.25,WARNING_SOUND,72.0,MEDIUM,FALLING,1,MECHANICAL_ABNORMALITY,Inspect mechanical components and sound sources.,19.44,NORMAL
M001,2026-08-17 15:12:43,1.845,307.942,29.25,NORMAL,100.0,LOW,RISING,0,NONE,Continue normal monitoring.,26.27,NORMAL
M001,2026-08-17 15:12:45,0.101,240.524,29.25,NORMAL,100.0,LOW,STABLE,0,NONE,Continue normal monitoring.,12.96,NORMAL
M001,2026-08-17 15:12:48,0.196,233.301,29.25,NORMAL,100.0,LOW,STABLE,0,NONE,Continue normal monitoring.,12.04,NORMAL
M001,2026-08-17 15:12:50,0.123,352.114,29.25,WARNING_SOUND,72.0,MEDIUM,FALLING,1,MECHANICAL_ABNORMALITY,Inspect mechanical components and sound sources.,34.67,NORMAL
M001,2026-08-17 15:12:52,0.524,307.207,29.25,NORMAL,100.0,LOW,RISING,0,NONE,Continue normal monitoring.,20.61,NORMAL
M001,2026-08-17 15:12:54,0.053,226.944,29.25,NORMAL,100.0,LOW,STABLE,0,NONE,Continue normal monitoring.,18.57,NORMAL
M001,2026-08-17 15:12:56,0.721,195.379,29.25,NORMAL,100.0,LOW,STABLE,0,NONE,Continue normal monitoring.,23.32,NORMAL
M001,2026-08-17 15:12:58,0.322,209.307,29.25,NORMAL,100.0,LOW,STABLE,0,NONE,Continue normal monitoring.,19.81,NORMAL
M001,2026-08-17 15:13:00,0.27,222.728,29.25,NORMAL,100.0,LOW,STABLE,0,NONE,Continue normal monitoring.,14.6,NORMAL
M001,2026-08-17 15:13:02,0.254,247.594,29.25,NORMAL,100.0,LOW,STABLE,0,NONE,Continue normal monitoring.,10.13,NORMAL
M001,2026-08-17 15:13:04,0.21,257.658,29.25,NORMAL,100.0,LOW,STABLE,0,NONE,Continue normal monitoring.,10.86,NORMAL
M001,2026-08-17 15:13:06,0.006,398.537,29.25,WARNING_SOUND,72.0,MEDIUM,FALLING,1,MECHANICAL_ABNORMALITY,Inspect mechanical components and sound sources.,48.98,NORMAL
M001,2026-08-17 15:13:08,0.474,248.918,29.25,NORMAL,100.0,LOW,RISING,0,NONE,Continue normal monitoring.,9.59,NORMAL
M001,2026-08-17 15:13:10,0.967,241.421,29.25,NORMAL,100.0,LOW,STABLE,0,NONE,Continue normal monitoring.,6.14,NORMAL
M001,2026-08-17 15:13:13,1.057,325.175,29.25,WARNING_SOUND,72.0,MEDIUM,FALLING,1,MECHANICAL_ABNORMALITY,Inspect mechanical components and sound sources.,17.42,NORMAL
M001,2026-08-17 15:13:15,0.799,320.911,29.25,NORMAL,100.0,LOW,RISING,0,NONE,Continue normal monitoring.,18.33,NORMAL
M001,2026-08-17 15:13:17,0.78,394.869,29.25,WARNING_SOUND,72.0,MEDIUM,FALLING,1,MECHANICAL_ABNORMALITY,Inspect mechanical components and sound sources.,35.19,NORMAL
M001,2026-08-17 15:13:19,1.945,252.332,29.25,NORMAL,100.0,LOW,RISING,0,NONE,Continue normal monitoring.,16.27,NORMAL
M001,2026-08-17 15:13:21,1.579,238.29,29.25,NORMAL,100.0,LOW,STABLE,0,NONE,Continue normal monitoring.,9.27,NORMAL
M001,2026-08-17 15:13:23,1.212,813.411,29.25,WARNING_SOUND,72.0,MEDIUM,FALLING,1,MECHANICAL_ABNORMALITY,Inspect mechanical components and sound sources.,73.87,ABNORMAL_SOUND
M001,2026-08-17 15:13:25,0.261,521.78,29.25,WARNING_SOUND,72.0,MEDIUM,STABLE,1,MECHANICAL_ABNORMALITY,Inspect mechanical components and sound sources.,60.73,ABNORMAL_SOUND
M001,2026-08-17 15:13:27,0.308,281.972,29.25,NORMAL,100.0,LOW,RISING,0,NONE,Continue normal monitoring.,16.16,NORMAL
M001,2026-08-17 15:13:29,0.081,321.628,29.25,NORMAL,100.0,LOW,STABLE,0,NONE,Continue normal monitoring.,30.9,NORMAL
M001,2026-08-17 15:13:31,0.299,561.998,29.25,WARNING_SOUND,72.0,MEDIUM,FALLING,1,MECHANICAL_ABNORMALITY,Inspect mechanical components and sound sources.,66.42,ABNORMAL_SOUND
M001,2026-08-17 15:13:33,0.523,384.107,29.25,WARNING_SOUND,72.0,MEDIUM,STABLE,1,MECHANICAL_ABNORMALITY,Inspect mechanical components and sound sources.,35.55,NORMAL
M001,2026-08-17 15:13:35,1.04,260.007,29.25,NORMAL,100.0,LOW,RISING,0,NONE,Continue normal monitoring.,7.28,NORMAL
M001,2026-08-17 15:13:38,0.379,335.356,29.25,NORMAL,100.0,LOW,STABLE,0,NONE,Continue normal monitoring.,27.33,NORMAL
M001,2026-08-17 15:13:40,0.877,483.532,29.25,WARNING_SOUND,72.0,MEDIUM,FALLING,1,MECHANICAL_ABNORMALITY,Inspect mechanical components and sound sources.,51.88,UNKNOWN_ABNORMALITY
M001,2026-08-17 15:13:42,2.498,250.48,29.25,NORMAL,100.0,LOW,RISING,0,NONE,Continue normal monitoring.,42.5,NORMAL
M001,2026-08-17 15:13:44,0.091,468.405,29.25,WARNING_SOUND,72.0,MEDIUM,FALLING,1,MECHANICAL_ABNORMALITY,Inspect mechanical components and sound sources.,55.19,UNKNOWN_ABNORMALITY
M001,2026-08-17 15:13:46,0.307,448.95,29.25,WARNING_SOUND,72.0,MEDIUM,STABLE,1,MECHANICAL_ABNORMALITY,Inspect mechanical components and sound sources.,50.03,UNKNOWN_ABNORMALITY
M001,2026-08-17 15:13:48,0.116,327.885,29.25,NORMAL,100.0,LOW,RISING,0,NONE,Continue normal monitoring.,30.09,NORMAL
M001,2026-08-17 15:13:50,1.262,259.39,29.25,NORMAL,100.0,LOW,STABLE,0,NONE,Continue normal monitoring.,8.62,NORMAL
M001,2026-08-17 15:13:52,0.292,491.088,29.25,WARNING_SOUND,72.0,MEDIUM,FALLING,1,MECHANICAL_ABNORMALITY,Inspect mechanical components and sound sources.,57.85,UNKNOWN_ABNORMALITY
M001,2026-08-17 15:13:54,0.189,361.962,29.25,NORMAL,100.0,LOW,RISING,0,NONE,Continue normal monitoring.,35.23,NORMAL
M001,2026-08-17 15:13:56,0.159,387.834,29.25,WARNING_SOUND,72.0,MEDIUM,FALLING,1,MECHANICAL_ABNORMALITY,Inspect mechanical components and sound sources.,40.86,NORMAL
M001,2026-08-17 15:13:58,0.295,298.753,29.25,NORMAL,100.0,LOW,RISING,0,NONE,Continue normal monitoring.,21.74,NORMAL
M001,2026-08-17 15:14:01,0.141,451.646,29.25,WARNING_SOUND,72.0,MEDIUM,FALLING,1,MECHANICAL_ABNORMALITY,Inspect mechanical components and sound sources.,50.99,UNKNOWN_ABNORMALITY
M001,2026-08-17 15:14:02,0.885,213.172,29.25,NORMAL,100.0,LOW,RISING,0,NONE,Continue normal monitoring.,14.24,NORMAL
M001,2026-08-17 15:14:05,1.78,269.985,29.25,WARNING_VIBRATION,72.0,MEDIUM,FALLING,1,EXCESSIVE_VIBRATION,Inspect motor and rotating components.,15.78,NORMAL
M001,2026-08-17 15:14:07,1.248,271.978,29.25,NORMAL,100.0,LOW,RISING,0,NONE,Continue normal monitoring.,10.49,NORMAL
M001,2026-08-17 15:14:09,0.555,308.277,29.25,NORMAL,100.0,LOW,STABLE,0,NONE,Continue normal monitoring.,20.37,NORMAL
M001,2026-08-17 15:14:11,0.326,391.247,29.25,WARNING_SOUND,72.0,MEDIUM,FALLING,1,MECHANICAL_ABNORMALITY,Inspect mechanical components and sound sources.,39.03,NORMAL
M001,2026-08-17 15:14:13,0.381,251.372,29.25,NORMAL,100.0,LOW,RISING,0,NONE,Continue normal monitoring.,10.66,NORMAL
M001,2026-08-17 15:14:15,1.376,212.732,29.25,WARNING_VIBRATION,72.0,MEDIUM,FALLING,1,EXCESSIVE_VIBRATION,Inspect motor and rotating components.,14.75,NORMAL
M001,2026-08-17 15:14:17,0.83,285.048,29.25,NORMAL,100.0,LOW,RISING,0,NONE,Continue normal monitoring.,11.52,NORMAL
M001,2026-08-17 15:14:19,1.24,260.853,29.25,WARNING_VIBRATION,72.0,MEDIUM,FALLING,1,EXCESSIVE_VIBRATION,Inspect motor and rotating components.,7.86,NORMAL
M001,2026-08-17 15:14:21,1.288,237.913,29.25,NORMAL,100.0,LOW,RISING,0,NONE,Continue normal monitoring.,7.51,NORMAL
M001,2026-08-17 15:14:23,1.789,344.497,29.25,NORMAL,100.0,LOW,STABLE,0,NONE,Continue normal monitoring.,32.77,NORMAL
M001,2026-08-17 15:14:25,1.283,330.915,29.25,NORMAL,100.0,LOW,STABLE,0,NONE,Continue normal monitoring.,20.24,NORMAL
M001,2026-08-17 15:14:27,1.351,286.553,29.25,WARNING_VIBRATION,72.0,MEDIUM,FALLING,1,EXCESSIVE_VIBRATION,Inspect motor and rotating components.,14.28,NORMAL
M001,2026-08-17 15:14:30,0.194,261.949,29.25,NORMAL,100.0,LOW,RISING,0,NONE,Continue normal monitoring.,12.48,NORMAL
M001,2026-08-17 15:14:32,3.702,329.991,29.25,WARNING_VIBRATION,72.0,MEDIUM,FALLING,1,EXCESSIVE_VIBRATION,Inspect motor and rotating components.,63.21,EXCESSIVE_VIBRATION
M001,2026-08-17 15:14:34,1.398,254.655,29.25,NORMAL,100.0,LOW,RISING,0,NONE,Continue normal monitoring.,7.97,NORMAL
M001,2026-08-17 15:14:36,1.482,239.629,29.25,WARNING_VIBRATION,72.0,MEDIUM,FALLING,1,EXCESSIVE_VIBRATION,Inspect motor and rotating components.,7.62,NORMAL
M001,2026-08-17 15:14:38,0.166,238.075,29.25,NORMAL,100.0,LOW,RISING,0,NONE,Continue normal monitoring.,11.39,NORMAL
M001,2026-08-17 15:14:40,0.076,260.928,29.25,NORMAL,100.0,LOW,STABLE,0,NONE,Continue normal monitoring.,16.11,NORMAL
M001,2026-08-17 15:14:42,0.388,300.116,29.25,WARNING_VIBRATION,72.0,MEDIUM,FALLING,1,EXCESSIVE_VIBRATION,Inspect motor and rotating components.,21.24,NORMAL
M001,2026-08-17 15:14:44,0.558,258.267,29.25,NORMAL,100.0,LOW,RISING,0,NONE,Continue normal monitoring.,10.16,NORMAL
M001,2026-08-17 15:14:46,0.913,246.028,29.25,NORMAL,100.0,LOW,STABLE,0,NONE,Continue normal monitoring.,5.41,NORMAL
M001,2026-08-17 15:14:48,0.311,232.91,29.25,NORMAL,100.0,LOW,STABLE,0,NONE,Continue normal monitoring.,11.38,NORMAL
M001,2026-08-17 15:14:50,0.128,218.862,29.25,NORMAL,100.0,LOW,STABLE,0,NONE,Continue normal monitoring.,17.27,NORMAL
M001,2026-08-17 15:14:52,0.576,231.996,29.25,NORMAL,100.0,LOW,STABLE,0,NONE,Continue normal monitoring.,10.49,NORMAL
M001,2026-08-17 15:14:54,0.685,224.532,29.25,NORMAL,100.0,LOW,STABLE,0,NONE,Continue normal monitoring.,12.0,NORMAL
M001,2026-08-17 15:14:57,0.46,321.766,29.25,NORMAL,100.0,LOW,STABLE,0,NONE,Continue normal monitoring.,22.68,NORMAL
M001,2026-08-17 15:14:59,0.734,460.759,29.25,WARNING_SOUND,72.0,MEDIUM,FALLING,1,MECHANICAL_ABNORMALITY,Inspect mechanical components and sound sources.,48.65,NORMAL
M001,2026-08-17 15:15:01,0.598,249.929,29.25,NORMAL,100.0,LOW,RISING,0,NONE,Continue normal monitoring.,8.69,NORMAL
M001,2026-08-17 15:15:03,0.517,243.988,29.25,NORMAL,100.0,LOW,STABLE,0,NONE,Continue normal monitoring.,9.21,NORMAL
M001,2026-08-17 15:15:05,0.903,218.744,29.25,NORMAL,100.0,LOW,STABLE,0,NONE,Continue normal monitoring.,11.89,NORMAL
M001,2026-08-17 15:15:07,0.727,346.579,29.25,WARNING_SOUND,72.0,MEDIUM,FALLING,1,MECHANICAL_ABNORMALITY,Inspect mechanical components and sound sources.,24.81,NORMAL
M001,2026-08-17 15:15:09,1.114,270.642,29.25,NORMAL,100.0,LOW,RISING,0,NONE,Continue normal monitoring.,9.61,NORMAL
M001,2026-08-17 15:15:11,0.516,237.464,29.25,NORMAL,100.0,LOW,STABLE,0,NONE,Continue normal monitoring.,10.81,NORMAL
M001,2026-08-17 15:15:13,0.764,257.47,29.25,NORMAL,100.0,LOW,STABLE,0,NONE,Continue normal monitoring.,7.13,NORMAL
M001,2026-08-17 15:15:15,0.731,265.432,29.25,NORMAL,100.0,LOW,STABLE,0,NONE,Continue normal monitoring.,9.47,NORMAL
M001,2026-08-17 15:15:17,1.207,214.963,29.25,NORMAL,100.0,LOW,STABLE,0,NONE,Continue normal monitoring.,12.8,NORMAL
M001,2026-08-17 15:15:19,1.029,233.581,29.25,NORMAL,100.0,LOW,STABLE,0,NONE,Continue normal monitoring.,6.59,NORMAL
M001,2026-08-17 15:15:22,1.104,287.886,29.25,NORMAL,100.0,LOW,STABLE,0,NONE,Continue normal monitoring.,12.99,NORMAL
M001,2026-08-17 15:15:24,1.05,251.863,29.25,NORMAL,100.0,LOW,STABLE,0,NONE,Continue normal monitoring.,5.65,NORMAL
M001,2026-08-17 15:15:26,0.6,226.313,29.25,NORMAL,100.0,LOW,STABLE,0,NONE,Continue normal monitoring.,11.73,NORMAL
M001,2026-08-17 15:15:28,1.008,236.826,29.25,NORMAL,100.0,LOW,STABLE,0,NONE,Continue normal monitoring.,6.16,NORMAL
M001,2026-08-17 15:15:30,0.916,242.931,29.25,NORMAL,100.0,LOW,STABLE,0,NONE,Continue normal monitoring.,5.97,NORMAL
M001,2026-08-17 15:15:32,0.488,232.186,29.25,NORMAL,100.0,LOW,STABLE,0,NONE,Continue normal monitoring.,11.34,NORMAL
M001,2026-08-17 15:15:34,0.925,250.824,29.25,NORMAL,100.0,LOW,STABLE,0,NONE,Continue normal monitoring.,5.98,NORMAL
M001,2026-08-17 15:15:36,1.05,226.294,29.25,NORMAL,100.0,LOW,STABLE,0,NONE,Continue normal monitoring.,8.0,NORMAL
M001,2026-08-17 15:15:38,1.312,393.088,29.25,WARNING_SOUND,72.0,MEDIUM,FALLING,1,MECHANICAL_ABNORMALITY,Inspect mechanical components and sound sources.,35.17,NORMAL
M001,2026-08-17 15:15:40,1.065,277.322,29.25,NORMAL,100.0,LOW,RISING,0,NONE,Continue normal monitoring.,10.61,NORMAL
M001,2026-08-17 15:15:42,0.171,221.739,29.25,NORMAL,100.0,LOW,STABLE,0,NONE,Continue normal monitoring.,15.58,NORMAL
M001,2026-08-17 15:15:44,0.632,226.87,29.25,NORMAL,100.0,LOW,STABLE,0,NONE,Continue normal monitoring.,11.69,NORMAL
M001,2026-08-17 15:15:46,0.013,274.288,29.25,NORMAL,100.0,LOW,STABLE,0,NONE,Continue normal monitoring.,26.64,NORMAL
M001,2026-08-17 15:15:49,1.134,224.286,29.25,NORMAL,100.0,LOW,STABLE,0,NONE,Continue normal monitoring.,9.35,NORMAL
M001,2026-08-17 15:15:51,0.849,365.855,29.25,WARNING_SOUND,72.0,MEDIUM,FALLING,1,MECHANICAL_ABNORMALITY,Inspect mechanical components and sound sources.,27.97,NORMAL
M001,2026-08-17 15:15:53,0.977,235.623,29.25,NORMAL,100.0,LOW,RISING,0,NONE,Continue normal monitoring.,6.24,NORMAL
M001,2026-08-17 15:15:55,1.287,233.711,29.25,WARNING_VIBRATION,72.0,MEDIUM,FALLING,1,EXCESSIVE_VIBRATION,Inspect motor and rotating components.,7.86,NORMAL
M001,2026-08-17 15:15:57,0.702,256.457,29.25,NORMAL,100.0,LOW,RISING,0,NONE,Continue normal monitoring.,8.31,NORMAL
M001,2026-08-17 15:15:59,0.606,440.328,29.25,WARNING_SOUND,72.0,MEDIUM,FALLING,1,MECHANICAL_ABNORMALITY,Inspect mechanical components and sound sources.,46.32,NORMAL
M001,2026-08-17 15:16:01,0.141,282.289,29.25,NORMAL,100.0,LOW,RISING,0,NONE,Continue normal monitoring.,17.78,NORMAL
M001,2026-08-17 15:16:03,0.467,774.868,29.25,WARNING_SOUND,72.0,MEDIUM,FALLING,1,MECHANICAL_ABNORMALITY,Inspect mechanical components and sound sources.,76.1,ABNORMAL_SOUND
M001,2026-08-17 15:16:05,0.249,580.406,29.25,WARNING_SOUND,72.0,MEDIUM,STABLE,1,MECHANICAL_ABNORMALITY,Inspect mechanical components and sound sources.,68.99,ABNORMAL_SOUND
M001,2026-08-17 15:16:07,0.339,256.73,29.25,NORMAL,100.0,LOW,RISING,0,NONE,Continue normal monitoring.,10.31,NORMAL
M001,2026-08-17 15:16:09,0.674,270.037,29.25,WARNING_SOUND,72.0,MEDIUM,FALLING,1,MECHANICAL_ABNORMALITY,Inspect mechanical components and sound sources.,11.05,NORMAL
M001,2026-08-17 15:16:11,0.538,410.902,29.25,NORMAL,100.0,LOW,RISING,0,NONE,Continue normal monitoring.,42.23,NORMAL
M001,2026-08-17 15:16:14,0.32,587.768,29.25,WARNING_SOUND,72.0,MEDIUM,FALLING,1,MECHANICAL_ABNORMALITY,Inspect mechanical components and sound sources.,68.68,ABNORMAL_SOUND
M001,2026-08-17 15:16:16,0.375,361.708,29.25,WARNING_SOUND,72.0,MEDIUM,STABLE,1,MECHANICAL_ABNORMALITY,Inspect mechanical components and sound sources.,32.94,NORMAL
M001,2026-08-17 15:16:18,0.863,447.329,29.25,NORMAL,100.0,LOW,RISING,0,NONE,Continue normal monitoring.,44.64,NORMAL
M001,2026-08-17 15:16:20,1.137,257.829,29.25,WARNING_SOUND,72.0,MEDIUM,FALLING,1,MECHANICAL_ABNORMALITY,Inspect mechanical components and sound sources.,6.79,NORMAL
M001,2026-08-17 15:16:22,0.258,244.806,29.25,NORMAL,100.0,LOW,RISING,0,NONE,Continue normal monitoring.,10.11,NORMAL
M001,2026-08-17 15:16:24,0.072,485.074,29.25,WARNING_SOUND,72.0,MEDIUM,FALLING,1,MECHANICAL_ABNORMALITY,Inspect mechanical components and sound sources.,58.79,UNKNOWN_ABNORMALITY
M001,2026-08-17 15:16:26,0.778,370.31,29.25,WARNING_SOUND,72.0,MEDIUM,STABLE,1,MECHANICAL_ABNORMALITY,Inspect mechanical components and sound sources.,28.76,NORMAL
M001,2026-08-17 15:16:28,1.359,345.019,29.25,NORMAL,100.0,LOW,RISING,0,NONE,Continue normal monitoring.,25.96,NORMAL
M001,2026-08-17 15:16:30,0.645,789.719,29.25,WARNING_SOUND,72.0,MEDIUM,FALLING,1,MECHANICAL_ABNORMALITY,Inspect mechanical components and sound sources.,75.55,ABNORMAL_SOUND
M001,2026-08-17 15:16:32,1.334,674.366,29.25,WARNING_SOUND,72.0,MEDIUM,STABLE,1,MECHANICAL_ABNORMALITY,Inspect mechanical components and sound sources.,71.65,ABNORMAL_SOUND
M001,2026-08-17 15:16:34,0.821,609.341,29.25,WARNING_SOUND,72.0,MEDIUM,STABLE,1,MECHANICAL_ABNORMALITY,Inspect mechanical components and sound sources.,66.15,ABNORMAL_SOUND
M001,2026-08-17 15:16:36,0.762,380.721,29.25,WARNING_SOUND,72.0,MEDIUM,STABLE,1,MECHANICAL_ABNORMALITY,Inspect mechanical components and sound sources.,30.86,NORMAL
M001,2026-08-17 15:16:38,0.844,610.612,29.25,NORMAL,100.0,LOW,RISING,0,NONE,Continue normal monitoring.,66.75,ABNORMAL_SOUND
M001,2026-08-17 15:16:41,0.751,611.079,29.25,WARNING_SOUND,72.0,MEDIUM,FALLING,1,MECHANICAL_ABNORMALITY,Inspect mechanical components and sound sources.,67.2,ABNORMAL_SOUND
M001,2026-08-17 15:16:43,0.442,442.653,29.25,WARNING_SOUND,72.0,MEDIUM,STABLE,1,MECHANICAL_ABNORMALITY,Inspect mechanical components and sound sources.,48.03,NORMAL
M001,2026-08-17 15:16:45,0.652,814.501,29.25,WARNING_SOUND,72.0,MEDIUM,STABLE,1,MECHANICAL_ABNORMALITY,Inspect mechanical components and sound sources.,76.37,ABNORMAL_SOUND
M001,2026-08-17 15:16:47,0.764,230.1,29.25,NORMAL,100.0,LOW,RISING,0,NONE,Continue normal monitoring.,8.87,NORMAL
M001,2026-08-17 15:16:49,1.05,622.55,29.25,WARNING_SOUND,72.0,MEDIUM,FALLING,1,MECHANICAL_ABNORMALITY,Inspect mechanical components and sound sources.,66.21,ABNORMAL_SOUND
M001,2026-08-17 15:16:51,0.71,537.447,29.25,WARNING_SOUND,72.0,MEDIUM,STABLE,1,MECHANICAL_ABNORMALITY,Inspect mechanical components and sound sources.,61.17,ABNORMAL_SOUND
M001,2026-08-17 15:16:53,1.589,312.934,29.25,NORMAL,100.0,LOW,RISING,0,NONE,Continue normal monitoring.,22.62,NORMAL
M001,2026-08-17 15:16:55,0.697,331.101,29.25,NORMAL,100.0,LOW,STABLE,0,NONE,Continue normal monitoring.,22.05,NORMAL
M001,2026-08-17 15:16:57,0.539,580.573,29.25,WARNING_SOUND,72.0,MEDIUM,FALLING,1,MECHANICAL_ABNORMALITY,Inspect mechanical components and sound sources.,67.87,ABNORMAL_SOUND
M001,2026-08-17 15:16:59,0.724,256.55,29.25,NORMAL,100.0,LOW,RISING,0,NONE,Continue normal monitoring.,7.96,NORMAL
M001,2026-08-17 15:17:01,1.163,331.198,29.25,WARNING_SOUND,72.0,MEDIUM,FALLING,1,MECHANICAL_ABNORMALITY,Inspect mechanical components and sound sources.,18.26,NORMAL
M001,2026-08-17 15:17:03,0.781,271.583,29.25,NORMAL,100.0,LOW,RISING,0,NONE,Continue normal monitoring.,9.17,NORMAL
M001,2026-08-17 15:17:06,0.499,253.598,29.25,NORMAL,100.0,LOW,STABLE,0,NONE,Continue normal monitoring.,9.97,NORMAL
M001,2026-08-17 15:17:08,0.809,291.986,29.25,NORMAL,100.0,LOW,STABLE,0,NONE,Continue normal monitoring.,13.4,NORMAL
M001,2026-08-17 15:17:10,0.153,486.098,29.25,WARNING_SOUND,72.0,MEDIUM,FALLING,1,MECHANICAL_ABNORMALITY,Inspect mechanical components and sound sources.,58.15,UNKNOWN_ABNORMALITY
M001,2026-08-17 15:17:12,1.066,672.693,29.25,WARNING_SOUND,72.0,MEDIUM,STABLE,1,MECHANICAL_ABNORMALITY,Inspect mechanical components and sound sources.,69.12,ABNORMAL_SOUND
M001,2026-08-17 15:17:14,0.763,592.099,29.25,WARNING_SOUND,72.0,MEDIUM,STABLE,1,MECHANICAL_ABNORMALITY,Inspect mechanical components and sound sources.,65.32,ABNORMAL_SOUND
M001,2026-08-17 15:17:16,0.416,621.558,29.25,WARNING_SOUND,72.0,MEDIUM,STABLE,1,MECHANICAL_ABNORMALITY,Inspect mechanical components and sound sources.,69.92,ABNORMAL_SOUND
M001,2026-08-17 15:17:18,0.932,451.938,29.25,WARNING_SOUND,72.0,MEDIUM,STABLE,1,MECHANICAL_ABNORMALITY,Inspect mechanical components and sound sources.,45.48,NORMAL
M001,2026-08-17 15:17:20,0.622,577.259,29.25,WARNING_SOUND,72.0,MEDIUM,STABLE,1,MECHANICAL_ABNORMALITY,Inspect mechanical components and sound sources.,66.3,ABNORMAL_SOUND
M001,2026-08-17 15:17:22,0.102,366.401,29.25,NORMAL,100.0,LOW,RISING,0,NONE,Continue normal monitoring.,37.36,NORMAL
M001,2026-08-17 15:17:24,0.562,577.04,29.25,WARNING_SOUND,72.0,MEDIUM,FALLING,1,MECHANICAL_ABNORMALITY,Inspect mechanical components and sound sources.,67.1,ABNORMAL_SOUND
M001,2026-08-17 15:17:26,0.681,392.114,29.25,NORMAL,100.0,LOW,RISING,0,NONE,Continue normal monitoring.,36.07,NORMAL
M001,2026-08-17 15:17:28,0.769,549.295,29.25,WARNING_SOUND,72.0,MEDIUM,FALLING,1,MECHANICAL_ABNORMALITY,Inspect mechanical components and sound sources.,60.89,ABNORMAL_SOUND
M001,2026-08-17 15:17:30,1.045,480.366,29.25,WARNING_SOUND,72.0,MEDIUM,STABLE,1,MECHANICAL_ABNORMALITY,Inspect mechanical components and sound sources.,50.83,UNKNOWN_ABNORMALITY
M001,2026-08-17 15:17:33,0.637,350.021,29.25,NORMAL,100.0,LOW,RISING,0,NONE,Continue normal monitoring.,26.83,NORMAL
M001,2026-08-17 15:17:35,0.727,404.8,29.25,WARNING_SOUND,72.0,MEDIUM,FALLING,1,MECHANICAL_ABNORMALITY,Inspect mechanical components and sound sources.,37.83,NORMAL
M001,2026-08-17 15:17:37,0.706,296.238,29.25,NORMAL,100.0,LOW,RISING,0,NONE,Continue normal monitoring.,16.96,NORMAL
M001,2026-08-17 15:17:39,0.891,639.786,29.25,WARNING_SOUND,72.0,MEDIUM,FALLING,1,MECHANICAL_ABNORMALITY,Inspect mechanical components and sound sources.,68.69,ABNORMAL_SOUND
M001,2026-08-17 15:17:41,1.047,719.309,29.25,WARNING_SOUND,72.0,MEDIUM,STABLE,1,MECHANICAL_ABNORMALITY,Inspect mechanical components and sound sources.,70.07,ABNORMAL_SOUND
M001,2026-08-17 15:17:43,0.847,383.786,29.25,WARNING_SOUND,72.0,MEDIUM,STABLE,1,MECHANICAL_ABNORMALITY,Inspect mechanical components and sound sources.,31.1,NORMAL
M001,2026-08-17 15:17:45,1.094,369.888,29.25,NORMAL,100.0,LOW,RISING,0,NONE,Continue normal monitoring.,28.09,NORMAL
M001,2026-08-17 15:17:47,0.526,618.32,29.25,WARNING_SOUND,72.0,MEDIUM,FALLING,1,MECHANICAL_ABNORMALITY,Inspect mechanical components and sound sources.,69.94,ABNORMAL_SOUND
M001,2026-08-17 15:17:49,1.056,422.305,29.25,WARNING_SOUND,72.0,MEDIUM,STABLE,1,MECHANICAL_ABNORMALITY,Inspect mechanical components and sound sources.,39.54,NORMAL
M001,2026-08-17 15:17:51,1.106,404.628,29.25,NORMAL,100.0,LOW,RISING,0,NONE,Continue normal monitoring.,35.65,NORMAL
M001,2026-08-17 15:17:53,0.134,427.86,29.25,WARNING_SOUND,72.0,MEDIUM,FALLING,1,MECHANICAL_ABNORMALITY,Inspect mechanical components and sound sources.,46.72,NORMAL
M001,2026-08-17 15:17:55,0.79,247.254,29.25,NORMAL,100.0,LOW,RISING,0,NONE,Continue normal monitoring.,6.27,NORMAL
M001,2026-08-17 15:17:58,1.005,390.685,29.25,WARNING_SOUND,72.0,MEDIUM,FALLING,1,MECHANICAL_ABNORMALITY,Inspect mechanical components and sound sources.,32.44,NORMAL
M001,2026-08-17 15:18:00,1.15,437.795,29.25,NORMAL,100.0,LOW,RISING,0,NONE,Continue normal monitoring.,42.51,NORMAL
M001,2026-08-17 15:18:02,1.3,255.6,29.25,NORMAL,100.0,LOW,STABLE,0,NONE,Continue normal monitoring.,7.59,NORMAL
M001,2026-08-17 15:18:04,1.218,423.008,29.25,WARNING_SOUND,72.0,MEDIUM,FALLING,1,MECHANICAL_ABNORMALITY,Inspect mechanical components and sound sources.,40.34,NORMAL
M001,2026-08-17 15:18:06,1.14,319.174,29.25,NORMAL,100.0,LOW,RISING,0,NONE,Continue normal monitoring.,18.03,NORMAL
M001,2026-08-17 15:18:08,0.806,268.508,29.25,NORMAL,100.0,LOW,STABLE,0,NONE,Continue normal monitoring.,8.86,NORMAL
M001,2026-08-17 15:18:10,1.101,210.366,29.25,NORMAL,100.0,LOW,STABLE,0,NONE,Continue normal monitoring.,14.66,NORMAL
M001,2026-08-17 15:18:12,0.995,469.419,29.25,WARNING_SOUND,72.0,MEDIUM,FALLING,1,MECHANICAL_ABNORMALITY,Inspect mechanical components and sound sources.,47.9,NORMAL
M001,2026-08-17 15:18:14,0.639,334.821,29.25,NORMAL,100.0,LOW,RISING,0,NONE,Continue normal monitoring.,23.38,NORMAL
M001,2026-08-17 15:18:16,0.375,312.063,29.25,NORMAL,100.0,LOW,STABLE,0,NONE,Continue normal monitoring.,22.14,NORMAL
M001,2026-08-17 15:18:18,0.937,293.294,29.25,WARNING_SOUND,72.0,MEDIUM,FALLING,1,MECHANICAL_ABNORMALITY,Inspect mechanical components and sound sources.,13.28,NORMAL
M001,2026-08-17 15:18:20,1.32,238.359,29.25,NORMAL,100.0,LOW,RISING,0,NONE,Continue normal monitoring.,7.54,NORMAL
M001,2026-08-17 15:18:22,1.273,499.096,29.25,WARNING_SOUND,72.0,MEDIUM,FALLING,1,MECHANICAL_ABNORMALITY,Inspect mechanical components and sound sources.,53.85,UNKNOWN_ABNORMALITY
M001,2026-08-17 15:18:25,1.035,532.744,29.25,WARNING_SOUND,72.0,MEDIUM,STABLE,1,MECHANICAL_ABNORMALITY,Inspect mechanical components and sound sources.,58.57,ABNORMAL_SOUND
M001,2026-08-17 15:18:27,0.538,413.056,29.25,NORMAL,100.0,LOW,RISING,0,NONE,Continue normal monitoring.,42.83,NORMAL
M001,2026-08-17 15:18:29,0.207,253.153,29.25,NORMAL,100.0,LOW,STABLE,0,NONE,Continue normal monitoring.,10.71,NORMAL
M001,2026-08-17 15:18:31,1.044,641.551,29.25,WARNING_SOUND,72.0,MEDIUM,FALLING,1,MECHANICAL_ABNORMALITY,Inspect mechanical components and sound sources.,67.51,ABNORMAL_SOUND
M001,2026-08-17 15:18:33,1.131,292.625,29.25,NORMAL,100.0,LOW,RISING,0,NONE,Continue normal monitoring.,13.45,NORMAL
M001,2026-08-17 15:18:35,0.261,241.803,29.25,NORMAL,100.0,LOW,STABLE,0,NONE,Continue normal monitoring.,10.43,NORMAL
M001,2026-08-17 15:18:37,0.47,246.137,29.25,NORMAL,100.0,LOW,STABLE,0,NONE,Continue normal monitoring.,9.47,NORMAL
M001,2026-08-17 15:18:39,0.5,243.166,29.25,NORMAL,100.0,LOW,STABLE,0,NONE,Continue normal monitoring.,9.38,NORMAL
M001,2026-08-17 15:18:41,0.548,347.07,29.25,WARNING_SOUND,72.0,MEDIUM,FALLING,1,MECHANICAL_ABNORMALITY,Inspect mechanical components and sound sources.,28.21,NORMAL
M001,2026-08-17 15:18:43,1.003,267.234,29.25,NORMAL,100.0,LOW,RISING,0,NONE,Continue normal monitoring.,8.47,NORMAL
M001,2026-08-17 15:18:46,1.027,251.333,29.25,NORMAL,100.0,LOW,STABLE,0,NONE,Continue normal monitoring.,6.11,NORMAL
M001,2026-08-17 15:18:47,0.948,238.346,29.25,NORMAL,100.0,LOW,STABLE,0,NONE,Continue normal monitoring.,5.99,NORMAL
M001,2026-08-17 15:18:50,0.604,322.233,29.25,NORMAL,100.0,LOW,STABLE,0,NONE,Continue normal monitoring.,21.25,NORMAL
M001,2026-08-17 15:18:52,1.159,354.699,29.25,WARNING_SOUND,72.0,MEDIUM,FALLING,1,MECHANICAL_ABNORMALITY,Inspect mechanical components and sound sources.,24.64,NORMAL
M001,2026-08-17 15:18:54,0.613,595.209,29.25,NORMAL,100.0,LOW,RISING,0,NONE,Continue normal monitoring.,68.1,ABNORMAL_SOUND
M001,2026-08-17 15:18:56,0.565,559.311,29.25,WARNING_SOUND,72.0,MEDIUM,FALLING,1,MECHANICAL_ABNORMALITY,Inspect mechanical components and sound sources.,64.33,ABNORMAL_SOUND
M001,2026-08-17 15:18:58,0.861,409.931,29.25,WARNING_SOUND,72.0,MEDIUM,STABLE,1,MECHANICAL_ABNORMALITY,Inspect mechanical components and sound sources.,38.55,NORMAL
M001,2026-08-17 15:19:00,1.29,375.378,29.25,WARNING_SOUND,72.0,MEDIUM,STABLE,1,MECHANICAL_ABNORMALITY,Inspect mechanical components and sound sources.,31.51,NORMAL
M001,2026-08-17 15:19:02,0.566,612.702,29.25,NORMAL,100.0,LOW,RISING,0,NONE,Continue normal monitoring.,69.26,ABNORMAL_SOUND
M001,2026-08-17 15:19:04,0.409,644.664,29.25,WARNING_SOUND,72.0,MEDIUM,FALLING,1,MECHANICAL_ABNORMALITY,Inspect mechanical components and sound sources.,72.44,ABNORMAL_SOUND
M001,2026-08-17 15:19:06,0.791,295.257,29.25,NORMAL,100.0,LOW,RISING,0,NONE,Continue normal monitoring.,14.91,NORMAL
M001,2026-08-17 15:19:08,0.377,536.932,29.25,WARNING_SOUND,72.0,MEDIUM,FALLING,1,MECHANICAL_ABNORMALITY,Inspect mechanical components and sound sources.,63.85,ABNORMAL_SOUND
M001,2026-08-17 15:19:10,0.225,452.178,29.25,WARNING_SOUND,72.0,MEDIUM,STABLE,1,MECHANICAL_ABNORMALITY,Inspect mechanical components and sound sources.,50.73,UNKNOWN_ABNORMALITY
M001,2026-08-17 15:19:12,0.323,356.306,29.25,NORMAL,100.0,LOW,RISING,0,NONE,Continue normal monitoring.,32.22,NORMAL
M001,2026-08-17 15:19:14,1.656,255.425,29.25,NORMAL,100.0,LOW,STABLE,0,NONE,Continue normal monitoring.,9.67,NORMAL
M001,2026-08-17 15:19:17,1.006,217.307,29.25,NORMAL,100.0,LOW,STABLE,0,NONE,Continue normal monitoring.,12.52,NORMAL
M001,2026-08-17 15:19:19,1.158,275.875,29.25,NORMAL,100.0,LOW,STABLE,0,NONE,Continue normal monitoring.,11.12,NORMAL
M001,2026-08-17 15:19:21,0.938,329.149,29.25,WARNING_SOUND,72.0,MEDIUM,FALLING,1,MECHANICAL_ABNORMALITY,Inspect mechanical components and sound sources.,18.37,NORMAL
M001,2026-08-17 15:19:23,0.927,261.999,29.25,NORMAL,100.0,LOW,RISING,0,NONE,Continue normal monitoring.,7.37,NORMAL
M001,2026-08-17 15:19:25,1.106,258.253,29.25,WARNING_SOUND,72.0,MEDIUM,FALLING,1,MECHANICAL_ABNORMALITY,Inspect mechanical components and sound sources.,6.88,NORMAL
M001,2026-08-17 15:19:27,0.629,468.447,29.25,NORMAL,100.0,LOW,RISING,0,NONE,Continue normal monitoring.,52.1,UNKNOWN_ABNORMALITY
M001,2026-08-17 15:19:29,0.797,730.612,29.25,WARNING_SOUND,72.0,MEDIUM,FALLING,1,MECHANICAL_ABNORMALITY,Inspect mechanical components and sound sources.,72.33,ABNORMAL_SOUND
M001,2026-08-17 15:19:31,0.924,512.345,29.25,WARNING_SOUND,72.0,MEDIUM,STABLE,1,MECHANICAL_ABNORMALITY,Inspect mechanical components and sound sources.,54.88,ABNORMAL_SOUND
M001,2026-08-17 15:19:33,0.704,477.135,29.25,WARNING_SOUND,72.0,MEDIUM,STABLE,1,MECHANICAL_ABNORMALITY,Inspect mechanical components and sound sources.,52.64,UNKNOWN_ABNORMALITY
M001,2026-08-17 15:19:35,1.116,347.049,29.25,NORMAL,100.0,LOW,RISING,0,NONE,Continue normal monitoring.,23.01,NORMAL
M001,2026-08-17 15:19:37,0.692,257.409,29.25,NORMAL,100.0,LOW,STABLE,0,NONE,Continue normal monitoring.,8.68,NORMAL
M001,2026-08-17 15:19:39,0.584,292.486,29.25,NORMAL,100.0,LOW,STABLE,0,NONE,Continue normal monitoring.,16.38,NORMAL
M001,2026-08-17 15:19:42,1.141,226.737,29.25,NORMAL,100.0,LOW,STABLE,0,NONE,Continue normal monitoring.,8.19,NORMAL
M001,2026-08-17 15:19:44,0.538,711.752,29.25,WARNING_SOUND,72.0,MEDIUM,FALLING,1,MECHANICAL_ABNORMALITY,Inspect mechanical components and sound sources.,73.84,ABNORMAL_SOUND
M001,2026-08-17 15:19:46,0.014,527.782,29.25,WARNING_SOUND,72.0,MEDIUM,STABLE,1,MECHANICAL_ABNORMALITY,Inspect mechanical components and sound sources.,66.02,ABNORMAL_SOUND
M001,2026-08-17 15:19:48,0.512,360.763,29.25,NORMAL,100.0,LOW,RISING,0,NONE,Continue normal monitoring.,31.3,NORMAL
M001,2026-08-17 15:19:50,0.745,265.135,29.25,NORMAL,100.0,LOW,STABLE,0,NONE,Continue normal monitoring.,9.26,NORMAL
M001,2026-08-17 15:19:52,0.719,254.764,29.25,NORMAL,100.0,LOW,STABLE,0,NONE,Continue normal monitoring.,7.91,NORMAL
M001,2026-08-17 15:19:54,0.968,532.772,29.25,WARNING_SOUND,72.0,MEDIUM,FALLING,1,MECHANICAL_ABNORMALITY,Inspect mechanical components and sound sources.,58.55,ABNORMAL_SOUND
M001,2026-08-17 15:19:56,0.809,440.886,29.25,WARNING_SOUND,72.0,MEDIUM,STABLE,1,MECHANICAL_ABNORMALITY,Inspect mechanical components and sound sources.,44.24,NORMAL
M001,2026-08-17 15:19:58,1.481,363.69,29.25,NORMAL,100.0,LOW,RISING,0,NONE,Continue normal monitoring.,32.06,NORMAL
M001,2026-08-17 15:20:00,1.077,485.763,29.25,WARNING_SOUND,72.0,MEDIUM,FALLING,1,MECHANICAL_ABNORMALITY,Inspect mechanical components and sound sources.,51.76,UNKNOWN_ABNORMALITY
M001,2026-08-17 15:20:02,0.557,387.565,29.25,WARNING_SOUND,72.0,MEDIUM,STABLE,1,MECHANICAL_ABNORMALITY,Inspect mechanical components and sound sources.,37.14,NORMAL
M001,2026-08-17 15:20:04,0.903,554.975,29.25,NORMAL,100.0,LOW,RISING,0,NONE,Continue normal monitoring.,60.67,ABNORMAL_SOUND
M001,2026-08-17 15:20:07,0.723,581.952,29.25,WARNING_SOUND,72.0,MEDIUM,FALLING,1,MECHANICAL_ABNORMALITY,Inspect mechanical components and sound sources.,65.72,ABNORMAL_SOUND
M001,2026-08-17 15:20:09,0.824,359.568,29.25,NORMAL,100.0,LOW,RISING,0,NONE,Continue normal monitoring.,27.57,NORMAL
M001,2026-08-17 15:20:11,1.234,431.09,29.25,WARNING_SOUND,72.0,MEDIUM,FALLING,1,MECHANICAL_ABNORMALITY,Inspect mechanical components and sound sources.,41.07,NORMAL
M001,2026-08-17 15:20:13,1.044,582.453,29.25,WARNING_SOUND,72.0,MEDIUM,STABLE,1,MECHANICAL_ABNORMALITY,Inspect mechanical components and sound sources.,63.75,ABNORMAL_SOUND
M001,2026-08-17 15:20:15,0.903,506.012,29.25,NORMAL,100.0,LOW,RISING,0,NONE,Continue normal monitoring.,54.34,ABNORMAL_SOUND
M001,2026-08-17 15:20:17,0.968,239.016,29.25,WARNING_SOUND,72.0,MEDIUM,FALLING,1,MECHANICAL_ABNORMALITY,Inspect mechanical components and sound sources.,6.16,NORMAL
M001,2026-08-17 15:20:19,0.856,615.014,29.25,NORMAL,100.0,LOW,RISING,0,NONE,Continue normal monitoring.,66.52,ABNORMAL_SOUND
M001,2026-08-17 15:20:21,0.624,320.731,29.25,WARNING_SOUND,72.0,MEDIUM,FALLING,1,MECHANICAL_ABNORMALITY,Inspect mechanical components and sound sources.,20.79,NORMAL
M001,2026-08-17 15:20:23,0.51,245.748,29.25,NORMAL,100.0,LOW,RISING,0,NONE,Continue normal monitoring.,9.54,NORMAL
M001,2026-08-17 15:20:25,0.703,518.016,29.25,WARNING_SOUND,72.0,MEDIUM,FALLING,1,MECHANICAL_ABNORMALITY,Inspect mechanical components and sound sources.,56.94,ABNORMAL_SOUND
M001,2026-08-17 15:20:27,1.104,491.663,29.25,WARNING_SOUND,72.0,MEDIUM,STABLE,1,MECHANICAL_ABNORMALITY,Inspect mechanical components and sound sources.,52.3,UNKNOWN_ABNORMALITY
M001,2026-08-17 15:20:29,0.734,546.985,29.25,WARNING_SOUND,72.0,MEDIUM,STABLE,1,MECHANICAL_ABNORMALITY,Inspect mechanical components and sound sources.,61.35,ABNORMAL_SOUND
M001,2026-08-17 15:20:31,1.228,519.627,29.25,NORMAL,100.0,LOW,RISING,0,NONE,Continue normal monitoring.,54.86,ABNORMAL_SOUND
M001,2026-08-17 15:20:34,1.101,394.598,29.25,WARNING_SOUND,72.0,MEDIUM,FALLING,1,MECHANICAL_ABNORMALITY,Inspect mechanical components and sound sources.,33.61,NORMAL
M001,2026-08-17 15:20:36,0.729,717.755,29.25,WARNING_SOUND,72.0,MEDIUM,STABLE,1,MECHANICAL_ABNORMALITY,Inspect mechanical components and sound sources.,72.98,ABNORMAL_SOUND
M001,2026-08-17 15:20:38,1.195,229.04,29.25,NORMAL,100.0,LOW,RISING,0,NONE,Continue normal monitoring.,7.51,NORMAL
M001,2026-08-17 15:20:40,0.892,449.863,29.25,WARNING_SOUND,72.0,MEDIUM,FALLING,1,MECHANICAL_ABNORMALITY,Inspect mechanical components and sound sources.,45.27,NORMAL
M001,2026-08-17 15:20:42,3.576,411.744,29.25,NORMAL,100.0,LOW,RISING,0,NONE,Continue normal monitoring.,72.86,EXCESSIVE_VIBRATION
M001,2026-08-17 15:20:44,0.728,451.313,29.25,WARNING_SOUND,72.0,MEDIUM,FALLING,1,MECHANICAL_ABNORMALITY,Inspect mechanical components and sound sources.,47.31,NORMAL
M001,2026-08-17 15:20:46,1.004,329.11,29.25,NORMAL,100.0,LOW,RISING,0,NONE,Continue normal monitoring.,17.96,NORMAL
M001,2026-08-17 15:20:48,0.777,339.314,29.25,WARNING_SOUND,72.0,MEDIUM,FALLING,1,MECHANICAL_ABNORMALITY,Inspect mechanical components and sound sources.,22.54,NORMAL
M001,2026-08-17 15:20:50,0.512,357.213,29.25,NORMAL,100.0,LOW,RISING,0,NONE,Continue normal monitoring.,30.37,NORMAL
M001,2026-08-17 15:20:52,1.011,232.787,29.25,NORMAL,100.0,LOW,STABLE,0,NONE,Continue normal monitoring.,6.61,NORMAL
M001,2026-08-17 15:20:54,0.883,375.49,29.25,WARNING_SOUND,72.0,MEDIUM,FALLING,1,MECHANICAL_ABNORMALITY,Inspect mechanical components and sound sources.,29.95,NORMAL
M001,2026-08-17 15:20:56,0.898,483.341,29.25,WARNING_SOUND,72.0,MEDIUM,STABLE,1,MECHANICAL_ABNORMALITY,Inspect mechanical components and sound sources.,52.11,UNKNOWN_ABNORMALITY
M001,2026-08-17 15:20:59,0.526,282.164,29.25,NORMAL,100.0,LOW,RISING,0,NONE,Continue normal monitoring.,14.4,NORMAL
M001,2026-08-17 15:21:01,0.598,488.817,29.25,WARNING_SOUND,72.0,MEDIUM,FALLING,1,MECHANICAL_ABNORMALITY,Inspect mechanical components and sound sources.,56.02,UNKNOWN_ABNORMALITY
M001,2026-08-17 15:21:03,0.268,277.969,29.25,NORMAL,100.0,LOW,RISING,0,NONE,Continue normal monitoring.,15.62,NORMAL
M001,2026-08-17 15:21:05,0.602,258.172,29.25,NORMAL,100.0,LOW,STABLE,0,NONE,Continue normal monitoring.,9.11,NORMAL
M001,2026-08-17 15:21:07,0.827,382.639,29.25,WARNING_SOUND,72.0,MEDIUM,FALLING,1,MECHANICAL_ABNORMALITY,Inspect mechanical components and sound sources.,31.14,NORMAL
M001,2026-08-17 15:21:09,0.81,595.378,29.25,WARNING_SOUND,72.0,MEDIUM,STABLE,1,MECHANICAL_ABNORMALITY,Inspect mechanical components and sound sources.,66.02,ABNORMAL_SOUND
M001,2026-08-17 15:21:11,0.617,428.459,29.25,WARNING_SOUND,72.0,MEDIUM,STABLE,1,MECHANICAL_ABNORMALITY,Inspect mechanical components and sound sources.,44.6,NORMAL
M001,2026-08-17 15:21:13,1.28,259.619,29.25,NORMAL,100.0,LOW,RISING,0,NONE,Continue normal monitoring.,8.33,NORMAL
M001,2026-08-17 15:21:15,0.948,265.325,29.25,WARNING_SOUND,72.0,MEDIUM,FALLING,1,MECHANICAL_ABNORMALITY,Inspect mechanical components and sound sources.,8.34,NORMAL
M001,2026-08-17 15:21:17,1.029,486.479,29.25,WARNING_SOUND,72.0,MEDIUM,STABLE,1,MECHANICAL_ABNORMALITY,Inspect mechanical components and sound sources.,51.94,UNKNOWN_ABNORMALITY
M001,2026-08-17 15:21:19,1.382,429.915,29.25,WARNING_SOUND,72.0,MEDIUM,STABLE,1,MECHANICAL_ABNORMALITY,Inspect mechanical components and sound sources.,44.52,NORMAL
M001,2026-08-17 15:21:21,1.714,393.877,29.25,NORMAL,100.0,LOW,RISING,0,NONE,Continue normal monitoring.,43.65,NORMAL
M001,2026-08-17 15:21:23,1.228,321.239,29.25,WARNING_SOUND,72.0,MEDIUM,FALLING,1,MECHANICAL_ABNORMALITY,Inspect mechanical components and sound sources.,18.37,NORMAL
M001,2026-08-17 15:21:26,1.021,489.278,29.25,NORMAL,100.0,LOW,RISING,0,NONE,Continue normal monitoring.,52.14,UNKNOWN_ABNORMALITY
M001,2026-08-17 15:21:28,0.617,456.559,29.25,WARNING_SOUND,72.0,MEDIUM,FALLING,1,MECHANICAL_ABNORMALITY,Inspect mechanical components and sound sources.,49.96,NORMAL
M001,2026-08-17 15:21:30,0.105,453.646,29.25,WARNING_SOUND,72.0,MEDIUM,STABLE,1,MECHANICAL_ABNORMALITY,Inspect mechanical components and sound sources.,52.09,UNKNOWN_ABNORMALITY
M001,2026-08-17 15:21:32,1.049,469.629,29.25,WARNING_SOUND,72.0,MEDIUM,STABLE,1,MECHANICAL_ABNORMALITY,Inspect mechanical components and sound sources.,48.31,NORMAL
M001,2026-08-17 15:21:34,1.24,415.43,29.25,NORMAL,100.0,LOW,RISING,0,NONE,Continue normal monitoring.,38.95,NORMAL
M001,2026-08-17 15:21:36,1.092,415.322,29.25,WARNING_SOUND,72.0,MEDIUM,FALLING,1,MECHANICAL_ABNORMALITY,Inspect mechanical components and sound sources.,38.18,NORMAL
M001,2026-08-17 15:21:38,1.162,439.155,29.25,WARNING_SOUND,72.0,MEDIUM,STABLE,1,MECHANICAL_ABNORMALITY,Inspect mechanical components and sound sources.,42.74,NORMAL
M001,2026-08-17 15:21:40,0.827,358.257,29.25,NORMAL,100.0,LOW,RISING,0,NONE,Continue normal monitoring.,26.64,NORMAL
M001,2026-08-17 15:21:42,0.902,473.443,29.25,WARNING_SOUND,72.0,MEDIUM,FALLING,1,MECHANICAL_ABNORMALITY,Inspect mechanical components and sound sources.,49.59,NORMAL
M001,2026-08-17 15:21:44,0.439,623.494,29.25,WARNING_SOUND,72.0,MEDIUM,STABLE,1,MECHANICAL_ABNORMALITY,Inspect mechanical components and sound sources.,70.79,ABNORMAL_SOUND
M001,2026-08-17 15:21:46,0.785,519.678,29.25,NORMAL,100.0,LOW,RISING,0,NONE,Continue normal monitoring.,56.11,ABNORMAL_SOUND
M001,2026-08-17 15:21:48,0.762,413.673,29.25,WARNING_SOUND,72.0,MEDIUM,FALLING,1,MECHANICAL_ABNORMALITY,Inspect mechanical components and sound sources.,39.55,NORMAL
M001,2026-08-17 15:21:51,0.903,497.934,29.25,WARNING_SOUND,72.0,MEDIUM,STABLE,1,MECHANICAL_ABNORMALITY,Inspect mechanical components and sound sources.,53.99,UNKNOWN_ABNORMALITY
M001,2026-08-17 15:21:53,0.874,486.47,29.25,NORMAL,100.0,LOW,RISING,0,NONE,Continue normal monitoring.,52.67,UNKNOWN_ABNORMALITY
M001,2026-08-17 15:21:55,1.73,271.588,29.25,WARNING_SOUND,72.0,MEDIUM,FALLING,1,MECHANICAL_ABNORMALITY,Inspect mechanical components and sound sources.,15.88,NORMAL
M001,2026-08-17 15:21:57,0.855,270.417,29.25,NORMAL,100.0,LOW,RISING,0,NONE,Continue normal monitoring.,9.35,NORMAL
M001,2026-08-17 15:21:59,0.442,403.14,29.25,WARNING_SOUND,72.0,MEDIUM,FALLING,1,MECHANICAL_ABNORMALITY,Inspect mechanical components and sound sources.,40.26,NORMAL
M001,2026-08-17 15:22:01,1.928,375.382,29.25,NORMAL,100.0,LOW,RISING,0,NONE,Continue normal monitoring.,44.75,NORMAL
M001,2026-08-17 15:22:03,1.146,244.575,29.25,NORMAL,100.0,LOW,STABLE,0,NONE,Continue normal monitoring.,5.83,NORMAL
M001,2026-08-17 15:22:05,1.365,586.834,29.25,WARNING_SOUND,72.0,MEDIUM,FALLING,1,MECHANICAL_ABNORMALITY,Inspect mechanical components and sound sources.,66.64,ABNORMAL_SOUND
M001,2026-08-17 15:22:07,0.859,465.139,29.25,NORMAL,100.0,LOW,RISING,0,NONE,Continue normal monitoring.,48.24,NORMAL
M001,2026-08-17 15:22:09,1.354,570.83,29.25,WARNING_SOUND,72.0,MEDIUM,FALLING,1,MECHANICAL_ABNORMALITY,Inspect mechanical components and sound sources.,64.95,ABNORMAL_SOUND
M001,2026-08-17 15:22:11,1.306,516.803,29.25,WARNING_SOUND,72.0,MEDIUM,STABLE,1,MECHANICAL_ABNORMALITY,Inspect mechanical components and sound sources.,56.18,ABNORMAL_SOUND
M001,2026-08-17 15:22:14,1.33,491.798,29.25,NORMAL,100.0,LOW,RISING,0,NONE,Continue normal monitoring.,54.31,UNKNOWN_ABNORMALITY
M001,2026-08-17 15:22:15,1.287,488.952,29.25,WARNING_SOUND,72.0,MEDIUM,FALLING,1,MECHANICAL_ABNORMALITY,Inspect mechanical components and sound sources.,53.62,UNKNOWN_ABNORMALITY
M001,2026-08-17 15:22:18,1.454,624.843,29.25,NORMAL,100.0,LOW,RISING,0,NONE,Continue normal monitoring.,69.58,ABNORMAL_SOUND
M001,2026-08-17 15:22:20,0.79,374.533,29.25,WARNING_SOUND,72.0,MEDIUM,FALLING,1,MECHANICAL_ABNORMALITY,Inspect mechanical components and sound sources.,30.34,NORMAL
M001,2026-08-17 15:22:22,0.56,450.035,29.25,NORMAL,100.0,LOW,RISING,0,NONE,Continue normal monitoring.,48.99,NORMAL
M001,2026-08-17 15:22:24,0.653,272.735,29.25,WARNING_SOUND,72.0,MEDIUM,FALLING,1,MECHANICAL_ABNORMALITY,Inspect mechanical components and sound sources.,11.12,NORMAL
M001,2026-08-17 15:22:26,0.792,383.41,29.25,NORMAL,100.0,LOW,RISING,0,NONE,Continue normal monitoring.,31.46,NORMAL
M001,2026-08-17 15:22:28,0.476,507.589,29.25,WARNING_SOUND,72.0,MEDIUM,FALLING,1,MECHANICAL_ABNORMALITY,Inspect mechanical components and sound sources.,57.82,ABNORMAL_SOUND
M001,2026-08-17 15:22:30,0.824,341.518,29.25,NORMAL,100.0,LOW,RISING,0,NONE,Continue normal monitoring.,23.08,NORMAL
M001,2026-08-17 15:22:32,1.282,363.285,29.25,WARNING_SOUND,72.0,MEDIUM,FALLING,1,MECHANICAL_ABNORMALITY,Inspect mechanical components and sound sources.,29.22,NORMAL
M001,2026-08-17 15:22:34,0.93,313.096,29.25,NORMAL,100.0,LOW,RISING,0,NONE,Continue normal monitoring.,17.18,NORMAL
M001,2026-08-17 15:22:36,1.306,435.417,29.25,WARNING_SOUND,72.0,MEDIUM,FALLING,1,MECHANICAL_ABNORMALITY,Inspect mechanical components and sound sources.,44.27,NORMAL
M001,2026-08-17 15:22:38,1.055,242.085,29.25,NORMAL,100.0,LOW,RISING,0,NONE,Continue normal monitoring.,5.85,NORMAL
M001,2026-08-17 15:22:40,1.275,284.79,29.25,NORMAL,100.0,LOW,STABLE,0,NONE,Continue normal monitoring.,13.05,NORMAL
M001,2026-08-17 15:22:43,0.839,460.901,29.25,WARNING_SOUND,72.0,MEDIUM,FALLING,1,MECHANICAL_ABNORMALITY,Inspect mechanical components and sound sources.,47.64,NORMAL
M001,2026-08-17 15:22:45,0.578,629.465,29.25,NORMAL,100.0,LOW,RISING,0,NONE,Continue normal monitoring.,70.66,ABNORMAL_SOUND
M001,2026-08-17 15:22:47,1.195,324.19,29.25,WARNING_SOUND,72.0,MEDIUM,FALLING,1,MECHANICAL_ABNORMALITY,Inspect mechanical components and sound sources.,18.39,NORMAL
M001,2026-08-17 15:22:49,1.445,304.963,29.25,NORMAL,100.0,LOW,RISING,0,NONE,Continue normal monitoring.,19.24,NORMAL
M001,2026-08-17 15:22:51,1.29,368.216,29.25,WARNING_SOUND,72.0,MEDIUM,FALLING,1,MECHANICAL_ABNORMALITY,Inspect mechanical components and sound sources.,29.87,NORMAL
M001,2026-08-17 15:22:53,1.353,467.658,29.25,WARNING_SOUND,72.0,MEDIUM,STABLE,1,MECHANICAL_ABNORMALITY,Inspect mechanical components and sound sources.,50.88,UNKNOWN_ABNORMALITY
M001,2026-08-17 15:22:55,0.899,296.378,29.25,CRITICAL_VIB_SOUND,50.0,HIGH,FALLING,1,LOOSE_COMPONENT,Inspect and secure loose components.,15.08,NORMAL
M001,2026-08-17 15:22:57,1.145,273.197,29.25,NORMAL,100.0,LOW,RISING,0,NONE,Continue normal monitoring.,9.84,NORMAL
M001,2026-08-17 15:22:59,1.204,341.385,29.25,WARNING_SOUND,72.0,MEDIUM,FALLING,1,MECHANICAL_ABNORMALITY,Inspect mechanical components and sound sources.,22.09,NORMAL
M001,2026-08-17 15:23:01,1.471,315.18,29.25,NORMAL,100.0,LOW,RISING,0,NONE,Continue normal monitoring.,21.01,NORMAL
M001,2026-08-17 15:23:03,1.064,225.403,29.25,NORMAL,100.0,LOW,STABLE,0,NONE,Continue normal monitoring.,8.07,NORMAL
M001,2026-08-17 15:23:05,1.121,336.966,29.25,NORMAL,100.0,LOW,STABLE,0,NONE,Continue normal monitoring.,20.83,NORMAL
M001,2026-08-17 15:23:07,1.099,261.361,29.25,NORMAL,100.0,LOW,STABLE,0,NONE,Continue normal monitoring.,7.35,NORMAL
M001,2026-08-17 15:23:10,0.906,265.513,29.25,NORMAL,100.0,LOW,STABLE,0,NONE,Continue normal monitoring.,8.07,NORMAL
M001,2026-08-17 15:23:12,0.851,279.368,29.25,NORMAL,100.0,LOW,STABLE,0,NONE,Continue normal monitoring.,10.98,NORMAL
M001,2026-08-17 15:23:14,1.197,249.063,29.25,NORMAL,100.0,LOW,STABLE,0,NONE,Continue normal monitoring.,6.12,NORMAL
M001,2026-08-17 15:23:16,1.309,252.928,29.25,NORMAL,100.0,LOW,STABLE,0,NONE,Continue normal monitoring.,7.64,NORMAL
M001,2026-08-17 15:23:18,0.967,308.25,29.25,NORMAL,100.0,LOW,STABLE,0,NONE,Continue normal monitoring.,16.27,NORMAL
M001,2026-08-17 15:23:20,1.006,325.923,29.25,WARNING_SOUND,72.0,MEDIUM,FALLING,1,MECHANICAL_ABNORMALITY,Inspect mechanical components and sound sources.,17.87,NORMAL
M001,2026-08-17 15:23:22,1.209,232.221,29.25,NORMAL,100.0,LOW,RISING,0,NONE,Continue normal monitoring.,6.91,NORMAL
M001,2026-08-17 15:23:24,1.219,328.49,29.25,NORMAL,100.0,LOW,STABLE,0,NONE,Continue normal monitoring.,18.7,NORMAL
M001,2026-08-17 15:23:26,1.207,308.23,29.25,WARNING_SOUND,72.0,MEDIUM,FALLING,1,MECHANICAL_ABNORMALITY,Inspect mechanical components and sound sources.,17.0,NORMAL
M001,2026-08-17 15:23:28,0.597,296.631,29.25,NORMAL,100.0,LOW,RISING,0,NONE,Continue normal monitoring.,17.9,NORMAL
M001,2026-08-17 15:23:30,0.803,244.768,29.25,NORMAL,100.0,LOW,STABLE,0,NONE,Continue normal monitoring.,6.25,NORMAL
M001,2026-08-17 15:23:32,1.289,372.026,29.25,WARNING_SOUND,72.0,MEDIUM,FALLING,1,MECHANICAL_ABNORMALITY,Inspect mechanical components and sound sources.,30.44,NORMAL
M001,2026-08-17 15:23:35,1.045,224.619,29.25,NORMAL,100.0,LOW,RISING,0,NONE,Continue normal monitoring.,9.04,NORMAL
M001,2026-08-17 15:23:37,1.162,288.762,29.25,NORMAL,100.0,LOW,STABLE,0,NONE,Continue normal monitoring.,12.6,NORMAL
M001,2026-08-17 15:23:39,0.922,318.106,29.25,WARNING_SOUND,72.0,MEDIUM,FALLING,1,MECHANICAL_ABNORMALITY,Inspect mechanical components and sound sources.,17.96,NORMAL
M001,2026-08-17 15:23:41,0.848,254.064,29.25,NORMAL,100.0,LOW,RISING,0,NONE,Continue normal monitoring.,7.18,NORMAL
M001,2026-08-17 15:23:43,1.26,248.829,29.25,NORMAL,100.0,LOW,STABLE,0,NONE,Continue normal monitoring.,7.18,NORMAL
M001,2026-08-17 15:23:45,0.089,322.824,29.25,NORMAL,100.0,LOW,STABLE,0,NONE,Continue normal monitoring.,30.16,NORMAL
M001,2026-08-17 15:23:47,0.813,636.781,29.25,WARNING_SOUND,72.0,MEDIUM,FALLING,1,MECHANICAL_ABNORMALITY,Inspect mechanical components and sound sources.,69.68,ABNORMAL_SOUND
M001,2026-08-17 15:23:49,0.696,388.828,29.25,WARNING_SOUND,72.0,MEDIUM,STABLE,1,MECHANICAL_ABNORMALITY,Inspect mechanical components and sound sources.,36.37,NORMAL
M001,2026-08-17 15:23:51,1.284,411.161,29.25,NORMAL,100.0,LOW,RISING,0,NONE,Continue normal monitoring.,39.86,NORMAL
M001,2026-08-17 15:23:53,0.529,436.103,29.25,WARNING_SOUND,72.0,MEDIUM,FALLING,1,MECHANICAL_ABNORMALITY,Inspect mechanical components and sound sources.,46.7,NORMAL
M001,2026-08-17 15:23:55,0.369,321.602,29.25,NORMAL,100.0,LOW,RISING,0,NONE,Continue normal monitoring.,24.14,NORMAL
M001,2026-08-17 15:23:57,0.689,222.529,29.25,NORMAL,100.0,LOW,STABLE,0,NONE,Continue normal monitoring.,12.75,NORMAL
M001,2026-08-17 15:23:59,0.415,276.678,29.25,NORMAL,100.0,LOW,STABLE,0,NONE,Continue normal monitoring.,14.64,NORMAL
M001,2026-08-17 15:24:02,0.5,344.226,29.25,NORMAL,100.0,LOW,STABLE,0,NONE,Continue normal monitoring.,27.8,NORMAL
M001,2026-08-17 15:24:04,0.802,258.165,29.25,WARNING_SOUND,72.0,MEDIUM,FALLING,1,MECHANICAL_ABNORMALITY,Inspect mechanical components and sound sources.,6.71,NORMAL
M001,2026-08-17 15:24:06,1.36,287.677,29.25,NORMAL,100.0,LOW,RISING,0,NONE,Continue normal monitoring.,14.77,NORMAL
M001,2026-08-17 15:24:08,0.737,217.804,29.25,NORMAL,100.0,LOW,STABLE,0,NONE,Continue normal monitoring.,14.03,NORMAL
M001,2026-08-17 15:24:10,1.397,238.879,29.25,NORMAL,100.0,LOW,STABLE,0,NONE,Continue normal monitoring.,7.51,NORMAL
M001,2026-08-17 15:24:12,1.889,230.167,29.25,NORMAL,100.0,LOW,STABLE,0,NONE,Continue normal monitoring.,15.61,NORMAL
M001,2026-08-17 15:24:14,1.087,256.401,29.25,NORMAL,100.0,LOW,STABLE,0,NONE,Continue normal monitoring.,5.85,NORMAL
M001,2026-08-17 15:24:16,1.327,231.474,29.25,NORMAL,100.0,LOW,STABLE,0,NONE,Continue normal monitoring.,7.62,NORMAL
M001,2026-08-17 15:24:18,0.916,220.222,29.25,WARNING_VIBRATION,72.0,MEDIUM,FALLING,1,EXCESSIVE_VIBRATION,Inspect motor and rotating components.,11.25,NORMAL
M001,2026-08-17 15:24:20,1.328,197.523,29.25,NORMAL,100.0,LOW,RISING,0,NONE,Continue normal monitoring.,21.73,NORMAL
M001,2026-08-17 15:24:22,0.963,263.932,29.25,NORMAL,100.0,LOW,STABLE,0,NONE,Continue normal monitoring.,8.38,NORMAL
M001,2026-08-17 15:24:24,0.898,269.167,29.25,WARNING_SOUND,72.0,MEDIUM,FALLING,1,MECHANICAL_ABNORMALITY,Inspect mechanical components and sound sources.,9.22,NORMAL
M001,2026-08-17 15:24:27,0.899,252.389,29.25,NORMAL,100.0,LOW,RISING,0,NONE,Continue normal monitoring.,6.31,NORMAL
M001,2026-08-17 15:24:29,0.885,245.471,29.25,NORMAL,100.0,LOW,STABLE,0,NONE,Continue normal monitoring.,6.04,NORMAL
M001,2026-08-17 15:24:31,0.432,252.499,29.25,NORMAL,100.0,LOW,STABLE,0,NONE,Continue normal monitoring.,10.68,NORMAL
M001,2026-08-17 15:24:33,0.862,247.843,29.25,NORMAL,100.0,LOW,STABLE,0,NONE,Continue normal monitoring.,6.34,NORMAL
M001,2026-08-17 15:24:35,1.059,258.482,29.25,NORMAL,100.0,LOW,STABLE,0,NONE,Continue normal monitoring.,6.81,NORMAL
M001,2026-08-17 15:24:37,1.263,308.607,29.25,WARNING_SOUND,72.0,MEDIUM,FALLING,1,MECHANICAL_ABNORMALITY,Inspect mechanical components and sound sources.,18.16,NORMAL
M001,2026-08-17 15:24:39,1.193,248.86,29.25,NORMAL,100.0,LOW,RISING,0,NONE,Continue normal monitoring.,6.12,NORMAL
M001,2026-08-17 15:24:41,0.681,259.716,29.25,NORMAL,100.0,LOW,STABLE,0,NONE,Continue normal monitoring.,9.28,NORMAL
M001,2026-08-17 15:24:43,0.278,232.456,29.25,NORMAL,100.0,LOW,STABLE,0,NONE,Continue normal monitoring.,11.46,NORMAL
M001,2026-08-17 15:24:45,0.408,239.512,29.25,NORMAL,100.0,LOW,STABLE,0,NONE,Continue normal monitoring.,10.68,NORMAL
M001,2026-08-17 15:24:47,0.245,251.233,29.25,NORMAL,100.0,LOW,STABLE,0,NONE,Continue normal monitoring.,10.83,NORMAL
M001,2026-08-17 15:24:49,0.602,251.583,29.25,NORMAL,100.0,LOW,STABLE,0,NONE,Continue normal monitoring.,8.78,NORMAL
M001,2026-08-17 15:24:51,0.59,252.615,29.25,NORMAL,100.0,LOW,STABLE,0,NONE,Continue normal monitoring.,8.91,NORMAL
M001,2026-08-17 15:24:54,1.213,303.064,29.25,NORMAL,100.0,LOW,STABLE,0,NONE,Continue normal monitoring.,17.14,NORMAL
M001,2026-08-17 15:24:56,2.148,241.507,29.25,WARNING_VIBRATION,72.0,MEDIUM,FALLING,1,EXCESSIVE_VIBRATION,Inspect motor and rotating components.,25.96,NORMAL
M001,2026-08-17 15:24:58,0.92,208.797,29.25,NORMAL,100.0,LOW,RISING,0,NONE,Continue normal monitoring.,15.25,NORMAL
M001,2026-08-17 15:25:00,0.923,272.237,29.25,NORMAL,100.0,LOW,STABLE,0,NONE,Continue normal monitoring.,9.5,NORMAL
M001,2026-08-17 15:25:02,0.736,323.553,29.25,NORMAL,100.0,LOW,STABLE,0,NONE,Continue normal monitoring.,19.76,NORMAL
M001,2026-08-17 15:25:04,0.921,248.878,29.25,NORMAL,100.0,LOW,STABLE,0,NONE,Continue normal monitoring.,5.86,NORMAL
M001,2026-08-17 15:25:06,0.948,274.181,29.25,NORMAL,100.0,LOW,STABLE,0,NONE,Continue normal monitoring.,9.98,NORMAL
M001,2026-08-17 15:25:08,0.649,299.565,29.25,NORMAL,100.0,LOW,STABLE,0,NONE,Continue normal monitoring.,17.95,NORMAL
M001,2026-08-17 15:25:10,1.055,248.709,29.25,NORMAL,100.0,LOW,STABLE,0,NONE,Continue normal monitoring.,5.63,NORMAL
M001,2026-08-17 15:25:12,0.983,282.614,29.25,NORMAL,100.0,LOW,STABLE,0,NONE,Continue normal monitoring.,10.6,NORMAL
M001,2026-08-17 15:25:14,0.681,285.81,29.25,NORMAL,100.0,LOW,STABLE,0,NONE,Continue normal monitoring.,13.51,NORMAL
M001,2026-08-17 15:25:16,0.838,400.133,29.25,WARNING_SOUND,72.0,MEDIUM,FALLING,1,MECHANICAL_ABNORMALITY,Inspect mechanical components and sound sources.,35.82,NORMAL
M001,2026-08-17 15:25:19,0.717,298.64,29.25,NORMAL,100.0,LOW,RISING,0,NONE,Continue normal monitoring.,16.64,NORMAL
M001,2026-08-17 15:25:21,1.047,334.223,29.25,NORMAL,100.0,LOW,STABLE,0,NONE,Continue normal monitoring.,18.87,NORMAL
M001,2026-08-17 15:25:23,0.575,288.315,29.25,NORMAL,100.0,LOW,STABLE,0,NONE,Continue normal monitoring.,15.22,NORMAL
M001,2026-08-17 15:25:25,0.485,294.446,29.25,NORMAL,100.0,LOW,STABLE,0,NONE,Continue normal monitoring.,17.57,NORMAL
M001,2026-08-17 15:25:27,1.119,238.519,29.25,NORMAL,100.0,LOW,STABLE,0,NONE,Continue normal monitoring.,6.29,NORMAL
M001,2026-08-17 15:25:29,1.082,267.566,29.25,NORMAL,100.0,LOW,STABLE,0,NONE,Continue normal monitoring.,8.61,NORMAL
M001,2026-08-17 15:25:31,0.878,243.425,29.25,NORMAL,100.0,LOW,STABLE,0,NONE,Continue normal monitoring.,6.29,NORMAL
M001,2026-08-17 15:25:33,1.197,261.501,29.25,NORMAL,100.0,LOW,STABLE,0,NONE,Continue normal monitoring.,7.65,NORMAL
M001,2026-08-17 15:25:35,1.116,247.68,29.25,NORMAL,100.0,LOW,STABLE,0,NONE,Continue normal monitoring.,5.86,NORMAL
M001,2026-08-17 15:25:37,1.218,350.579,29.25,NORMAL,100.0,LOW,STABLE,0,NONE,Continue normal monitoring.,24.63,NORMAL
M001,2026-08-17 15:25:39,0.418,248.769,29.25,NORMAL,100.0,LOW,STABLE,0,NONE,Continue normal monitoring.,10.19,NORMAL
M001,2026-08-17 15:25:41,0.94,249.729,29.25,NORMAL,100.0,LOW,STABLE,0,NONE,Continue normal monitoring.,5.83,NORMAL
M001,2026-08-17 15:25:43,0.511,362.134,29.25,WARNING_SOUND,72.0,MEDIUM,FALLING,1,MECHANICAL_ABNORMALITY,Inspect mechanical components and sound sources.,31.38,NORMAL
M001,2026-08-17 15:25:46,0.373,280.122,29.25,NORMAL,100.0,LOW,RISING,0,NONE,Continue normal monitoring.,14.77,NORMAL
M001,2026-08-17 15:25:48,0.683,266.905,29.25,NORMAL,100.0,LOW,STABLE,0,NONE,Continue normal monitoring.,10.39,NORMAL
M001,2026-08-17 15:25:50,0.952,368.211,29.25,WARNING_SOUND,72.0,MEDIUM,FALLING,1,MECHANICAL_ABNORMALITY,Inspect mechanical components and sound sources.,28.06,NORMAL
M001,2026-08-17 15:25:52,0.549,265.188,29.25,NORMAL,100.0,LOW,RISING,0,NONE,Continue normal monitoring.,11.92,NORMAL
M001,2026-08-17 15:25:54,0.66,238.296,29.25,NORMAL,100.0,LOW,STABLE,0,NONE,Continue normal monitoring.,9.18,NORMAL
M001,2026-08-17 15:25:56,0.669,250.862,29.25,NORMAL,100.0,LOW,STABLE,0,NONE,Continue normal monitoring.,8.58,NORMAL
M001,2026-08-17 15:25:58,0.711,253.098,29.25,NORMAL,100.0,LOW,STABLE,0,NONE,Continue normal monitoring.,8.13,NORMAL
M001,2026-08-17 15:26:00,0.45,252.821,29.25,NORMAL,100.0,LOW,STABLE,0,NONE,Continue normal monitoring.,10.09,NORMAL
M001,2026-08-17 15:26:02,1.479,347.591,29.25,NORMAL,100.0,LOW,STABLE,0,NONE,Continue normal monitoring.,28.06,NORMAL
M001,2026-08-17 15:26:04,1.026,243.463,29.25,NORMAL,100.0,LOW,STABLE,0,NONE,Continue normal monitoring.,6.14,NORMAL
M001,2026-08-17 15:26:06,0.99,386.479,29.25,WARNING_SOUND,72.0,MEDIUM,FALLING,1,MECHANICAL_ABNORMALITY,Inspect mechanical components and sound sources.,31.45,NORMAL
M001,2026-08-17 15:26:08,0.785,325.715,29.25,NORMAL,100.0,LOW,RISING,0,NONE,Continue normal monitoring.,19.04,NORMAL
M001,2026-08-17 15:26:11,0.493,382.323,29.25,WARNING_SOUND,72.0,MEDIUM,FALLING,1,MECHANICAL_ABNORMALITY,Inspect mechanical components and sound sources.,35.02,NORMAL
M001,2026-08-17 15:26:13,0.792,253.021,29.25,NORMAL,100.0,LOW,RISING,0,NONE,Continue normal monitoring.,6.64,NORMAL
M001,2026-08-17 15:26:15,1.132,402.274,29.25,WARNING_SOUND,72.0,MEDIUM,FALLING,1,MECHANICAL_ABNORMALITY,Inspect mechanical components and sound sources.,35.2,NORMAL
M001,2026-08-17 15:26:17,0.65,435.167,29.25,WARNING_SOUND,72.0,MEDIUM,STABLE,1,MECHANICAL_ABNORMALITY,Inspect mechanical components and sound sources.,44.84,NORMAL
M001,2026-08-17 15:26:19,0.618,321.935,29.25,NORMAL,100.0,LOW,RISING,0,NONE,Continue normal monitoring.,21.19,NORMAL
M001,2026-08-17 15:26:21,0.653,235.051,29.25,NORMAL,100.0,LOW,STABLE,0,NONE,Continue normal monitoring.,10.02,NORMAL
M001,2026-08-17 15:26:23,0.732,245.961,29.25,NORMAL,100.0,LOW,STABLE,0,NONE,Continue normal monitoring.,7.47,NORMAL
M001,2026-08-17 15:26:25,0.68,216.478,29.25,NORMAL,100.0,LOW,STABLE,0,NONE,Continue normal monitoring.,15.48,NORMAL
M001,2026-08-17 15:26:27,0.34,276.946,29.25,NORMAL,100.0,LOW,STABLE,0,NONE,Continue normal monitoring.,14.6,NORMAL
M001,2026-08-17 15:26:29,1.04,208.989,29.25,NORMAL,100.0,LOW,STABLE,0,NONE,Continue normal monitoring.,15.15,NORMAL
M001,2026-08-17 15:26:31,0.956,228.966,29.25,NORMAL,100.0,LOW,STABLE,0,NONE,Continue normal monitoring.,7.32,NORMAL
M001,2026-08-17 15:26:33,1.149,200.504,29.25,NORMAL,100.0,LOW,STABLE,0,NONE,Continue normal monitoring.,19.38,NORMAL
M001,2026-08-17 15:26:35,0.938,328.252,29.25,WARNING_SOUND,72.0,MEDIUM,FALLING,1,MECHANICAL_ABNORMALITY,Inspect mechanical components and sound sources.,18.21,NORMAL
M001,2026-08-17 15:26:38,0.692,236.196,29.25,NORMAL,100.0,LOW,RISING,0,NONE,Continue normal monitoring.,9.38,NORMAL
M001,2026-08-17 15:26:40,1.078,218.806,29.25,NORMAL,100.0,LOW,STABLE,0,NONE,Continue normal monitoring.,11.2,NORMAL
M001,2026-08-17 15:26:42,0.621,209.095,29.25,NORMAL,100.0,LOW,STABLE,0,NONE,Continue normal monitoring.,18.48,NORMAL
M001,2026-08-17 15:26:44,0.992,278.401,29.25,NORMAL,100.0,LOW,STABLE,0,NONE,Continue normal monitoring.,10.52,NORMAL
M001,2026-08-17 15:26:46,0.467,287.428,29.25,NORMAL,100.0,LOW,STABLE,0,NONE,Continue normal monitoring.,16.34,NORMAL
M001,2026-08-17 15:26:48,0.651,258.246,29.25,NORMAL,100.0,LOW,STABLE,0,NONE,Continue normal monitoring.,9.17,NORMAL
M001,2026-08-17 15:26:50,0.533,220.045,29.25,NORMAL,100.0,LOW,STABLE,0,NONE,Continue normal monitoring.,15.63,NORMAL
M001,2026-08-17 15:26:52,1.381,243.555,29.25,CRITICAL_VIB_SOUND,50.0,HIGH,FALLING,1,LOOSE_COMPONENT,Inspect and secure loose components.,7.06,NORMAL
M001,2026-08-17 15:26:54,1.272,241.719,29.25,NORMAL,100.0,LOW,RISING,0,NONE,Continue normal monitoring.,7.0,NORMAL
M001,2026-08-17 15:26:56,0.637,229.822,29.25,NORMAL,100.0,LOW,STABLE,0,NONE,Continue normal monitoring.,10.49,NORMAL
M001,2026-08-17 15:26:58,1.991,273.248,29.25,WARNING_VIBRATION,72.0,MEDIUM,FALLING,1,EXCESSIVE_VIBRATION,Inspect motor and rotating components.,23.93,NORMAL
M001,2026-08-17 15:27:00,1.205,281.501,29.25,NORMAL,100.0,LOW,RISING,0,NONE,Continue normal monitoring.,11.87,NORMAL
M001,2026-08-17 15:27:03,0.104,242.144,29.25,NORMAL,100.0,LOW,STABLE,0,NONE,Continue normal monitoring.,12.69,NORMAL
M001,2026-08-17 15:27:05,1.229,303.759,29.25,WARNING_SOUND,72.0,MEDIUM,FALLING,1,MECHANICAL_ABNORMALITY,Inspect mechanical components and sound sources.,17.07,NORMAL
M001,2026-08-17 15:27:07,0.789,234.974,29.25,NORMAL,100.0,LOW,RISING,0,NONE,Continue normal monitoring.,7.67,NORMAL
M001,2026-08-17 15:27:09,1.05,232.547,29.25,NORMAL,100.0,LOW,STABLE,0,NONE,Continue normal monitoring.,6.17,NORMAL
M001,2026-08-17 15:27:11,0.884,249.338,29.25,NORMAL,100.0,LOW,STABLE,0,NONE,Continue normal monitoring.,6.03,NORMAL
M001,2026-08-17 15:27:13,1.511,345.303,29.25,WARNING_SOUND,72.0,MEDIUM,FALLING,1,MECHANICAL_ABNORMALITY,Inspect mechanical components and sound sources.,27.57,NORMAL
M001,2026-08-17 15:27:15,0.959,279.678,29.25,NORMAL,100.0,LOW,RISING,0,NONE,Continue normal monitoring.,10.68,NORMAL
M001,2026-08-17 15:27:17,0.861,261.661,29.25,NORMAL,100.0,LOW,STABLE,0,NONE,Continue normal monitoring.,7.83,NORMAL
M001,2026-08-17 15:27:19,0.963,251.49,29.25,NORMAL,100.0,LOW,STABLE,0,NONE,Continue normal monitoring.,5.79,NORMAL
M001,2026-08-17 15:27:21,0.689,331.007,29.25,WARNING_SOUND,72.0,MEDIUM,FALLING,1,MECHANICAL_ABNORMALITY,Inspect mechanical components and sound sources.,22.01,NORMAL
M001,2026-08-17 15:27:23,0.896,401.036,29.25,WARNING_SOUND,72.0,MEDIUM,STABLE,1,MECHANICAL_ABNORMALITY,Inspect mechanical components and sound sources.,35.77,NORMAL
M001,2026-08-17 15:27:25,1.272,283.533,29.25,NORMAL,100.0,LOW,RISING,0,NONE,Continue normal monitoring.,12.75,NORMAL
M001,2026-08-17 15:27:27,0.446,337.633,29.25,NORMAL,100.0,LOW,STABLE,0,NONE,Continue normal monitoring.,26.67,NORMAL
M001,2026-08-17 15:27:30,0.818,278.293,29.25,WARNING_SOUND,72.0,MEDIUM,FALLING,1,MECHANICAL_ABNORMALITY,Inspect mechanical components and sound sources.,10.99,NORMAL
M001,2026-08-17 15:27:32,0.805,339.599,29.25,NORMAL,100.0,LOW,RISING,0,NONE,Continue normal monitoring.,22.58,NORMAL
M001,2026-08-17 15:27:34,1.052,361.983,29.25,WARNING_SOUND,72.0,MEDIUM,FALLING,1,MECHANICAL_ABNORMALITY,Inspect mechanical components and sound sources.,26.76,NORMAL
M001,2026-08-17 15:27:36,1.476,281.33,29.25,NORMAL,100.0,LOW,RISING,0,NONE,Continue normal monitoring.,14.31,NORMAL
M001,2026-08-17 15:27:38,1.298,512.86,29.25,WARNING_SOUND,72.0,MEDIUM,FALLING,1,MECHANICAL_ABNORMALITY,Inspect mechanical components and sound sources.,55.85,ABNORMAL_SOUND
M001,2026-08-17 15:27:40,0.874,618.684,29.25,WARNING_SOUND,72.0,MEDIUM,STABLE,1,MECHANICAL_ABNORMALITY,Inspect mechanical components and sound sources.,66.73,ABNORMAL_SOUND
M001,2026-08-17 15:27:42,0.48,377.103,29.25,NORMAL,100.0,LOW,RISING,0,NONE,Continue normal monitoring.,34.21,NORMAL
M001,2026-08-17 15:27:44,0.355,417.083,29.25,WARNING_SOUND,72.0,MEDIUM,FALLING,1,MECHANICAL_ABNORMALITY,Inspect mechanical components and sound sources.,44.97,NORMAL
M001,2026-08-17 15:27:46,1.278,221.866,29.25,NORMAL,100.0,LOW,RISING,0,NONE,Continue normal monitoring.,10.58,NORMAL
M001,2026-08-17 15:27:48,1.271,271.777,29.25,NORMAL,100.0,LOW,STABLE,0,NONE,Continue normal monitoring.,10.56,NORMAL
M001,2026-08-17 15:27:50,1.355,322.719,29.25,WARNING_SOUND,72.0,MEDIUM,FALLING,1,MECHANICAL_ABNORMALITY,Inspect mechanical components and sound sources.,20.76,NORMAL
M001,2026-08-17 15:27:52,0.693,368.119,29.25,NORMAL,100.0,LOW,RISING,0,NONE,Continue normal monitoring.,31.06,NORMAL
M001,2026-08-17 15:27:55,0.846,375.31,29.25,WARNING_SOUND,72.0,MEDIUM,FALLING,1,MECHANICAL_ABNORMALITY,Inspect mechanical components and sound sources.,30.2,NORMAL
M001,2026-08-17 15:27:57,1.264,282.533,29.25,NORMAL,100.0,LOW,RISING,0,NONE,Continue normal monitoring.,12.63,NORMAL
M001,2026-08-17 15:27:59,0.587,428.157,29.25,WARNING_SOUND,72.0,MEDIUM,FALLING,1,MECHANICAL_ABNORMALITY,Inspect mechanical components and sound sources.,44.86,NORMAL
M001,2026-08-17 15:28:01,0.996,236.966,29.25,NORMAL,100.0,LOW,RISING,0,NONE,Continue normal monitoring.,6.03,NORMAL
M001,2026-08-17 15:28:03,1.336,407.057,29.25,WARNING_SOUND,72.0,MEDIUM,FALLING,1,MECHANICAL_ABNORMALITY,Inspect mechanical components and sound sources.,39.39,NORMAL
M001,2026-08-17 15:28:05,0.396,330.289,29.25,NORMAL,100.0,LOW,RISING,0,NONE,Continue normal monitoring.,25.93,NORMAL
M001,2026-08-17 15:28:07,0.933,344.633,29.25,NORMAL,100.0,LOW,STABLE,0,NONE,Continue normal monitoring.,22.88,NORMAL
M001,2026-08-17 15:28:09,0.936,442.112,29.25,WARNING_SOUND,72.0,MEDIUM,FALLING,1,MECHANICAL_ABNORMALITY,Inspect mechanical components and sound sources.,43.65,NORMAL
M001,2026-08-17 15:28:11,1.036,319.551,29.25,NORMAL,100.0,LOW,RISING,0,NONE,Continue normal monitoring.,17.37,NORMAL
M001,2026-08-17 15:28:13,1.057,292.597,29.25,WARNING_SOUND,72.0,MEDIUM,FALLING,1,MECHANICAL_ABNORMALITY,Inspect mechanical components and sound sources.,12.96,NORMAL
M001,2026-08-17 15:28:15,1.249,303.393,29.25,NORMAL,100.0,LOW,RISING,0,NONE,Continue normal monitoring.,17.38,NORMAL
M001,2026-08-17 15:28:17,1.616,319.248,29.25,NORMAL,100.0,LOW,STABLE,0,NONE,Continue normal monitoring.,23.65,NORMAL
M001,2026-08-17 15:28:19,1.045,255.238,29.25,NORMAL,100.0,LOW,STABLE,0,NONE,Continue normal monitoring.,6.39,NORMAL
M001,2026-08-17 15:28:22,0.714,454.408,29.25,WARNING_SOUND,72.0,MEDIUM,FALLING,1,MECHANICAL_ABNORMALITY,Inspect mechanical components and sound sources.,48.66,NORMAL
M001,2026-08-17 15:28:24,1.041,254.452,29.25,NORMAL,100.0,LOW,RISING,0,NONE,Continue normal monitoring.,6.43,NORMAL
M001,2026-08-17 15:28:26,0.952,252.369,29.25,NORMAL,100.0,LOW,STABLE,0,NONE,Continue normal monitoring.,5.85,NORMAL
M001,2026-08-17 15:28:28,1.097,243.529,29.25,NORMAL,100.0,LOW,STABLE,0,NONE,Continue normal monitoring.,5.83,NORMAL
M001,2026-08-17 15:28:30,0.811,265.734,29.25,NORMAL,100.0,LOW,STABLE,0,NONE,Continue normal monitoring.,8.81,NORMAL
M001,2026-08-17 15:28:32,1.596,240.828,29.25,NORMAL,100.0,LOW,STABLE,0,NONE,Continue normal monitoring.,9.06,NORMAL
M001,2026-08-17 15:28:34,1.285,356.017,29.25,WARNING_SOUND,72.0,MEDIUM,FALLING,1,MECHANICAL_ABNORMALITY,Inspect mechanical components and sound sources.,26.78,NORMAL
M001,2026-08-17 15:28:36,1.211,303.402,29.25,NORMAL,100.0,LOW,RISING,0,NONE,Continue normal monitoring.,17.25,NORMAL
M001,2026-08-17 15:28:38,1.034,429.465,29.25,WARNING_SOUND,72.0,MEDIUM,FALLING,1,MECHANICAL_ABNORMALITY,Inspect mechanical components and sound sources.,40.85,NORMAL
M001,2026-08-17 15:28:40,0.44,340.703,29.25,NORMAL,100.0,LOW,RISING,0,NONE,Continue normal monitoring.,27.58,NORMAL
M001,2026-08-17 15:28:42,0.242,443.949,29.25,WARNING_SOUND,72.0,MEDIUM,FALLING,1,MECHANICAL_ABNORMALITY,Inspect mechanical components and sound sources.,49.38,NORMAL
M001,2026-08-17 15:28:44,0.605,324.876,29.25,NORMAL,100.0,LOW,RISING,0,NONE,Continue normal monitoring.,21.99,NORMAL
M001,2026-08-17 15:28:47,0.568,279.065,29.25,NORMAL,100.0,LOW,STABLE,0,NONE,Continue normal monitoring.,13.39,NORMAL
M001,2026-08-17 15:28:49,0.859,265.783,29.25,NORMAL,100.0,LOW,STABLE,0,NONE,Continue normal monitoring.,8.75,NORMAL
M001,2026-08-17 15:28:51,1.834,324.46,29.25,NORMAL,100.0,LOW,STABLE,0,NONE,Continue normal monitoring.,28.95,NORMAL
M001,2026-08-17 15:28:53,1.199,312.681,29.25,NORMAL,100.0,LOW,STABLE,0,NONE,Continue normal monitoring.,16.89,NORMAL
M001,2026-08-17 15:28:55,0.956,239.406,29.25,NORMAL,100.0,LOW,STABLE,0,NONE,Continue normal monitoring.,5.88,NORMAL
M001,2026-08-17 15:28:57,0.821,236.252,29.25,NORMAL,100.0,LOW,STABLE,0,NONE,Continue normal monitoring.,7.05,NORMAL
M001,2026-08-17 15:28:59,0.453,290.192,29.25,NORMAL,100.0,LOW,STABLE,0,NONE,Continue normal monitoring.,17.33,NORMAL
M001,2026-08-17 15:29:01,0.748,273.184,29.25,WARNING_SOUND,72.0,MEDIUM,FALLING,1,MECHANICAL_ABNORMALITY,Inspect mechanical components and sound sources.,9.83,NORMAL
M001,2026-08-17 15:29:03,1.457,486.995,29.25,NORMAL,100.0,LOW,RISING,0,NONE,Continue normal monitoring.,55.23,UNKNOWN_ABNORMALITY
M001,2026-08-17 15:29:05,0.65,277.757,29.25,NORMAL,100.0,LOW,STABLE,0,NONE,Continue normal monitoring.,12.64,NORMAL
M001,2026-08-17 15:29:07,7.159,387.066,29.25,WARNING_SOUND,72.0,MEDIUM,FALLING,1,MECHANICAL_ABNORMALITY,Inspect mechanical components and sound sources.,71.69,EXCESSIVE_VIBRATION
M001,2026-08-17 15:29:09,2.176,272.082,29.25,WARNING_VIBRATION,72.0,MEDIUM,STABLE,1,EXCESSIVE_VIBRATION,Inspect motor and rotating components.,33.07,NORMAL
M001,2026-08-17 15:29:12,1.32,376.555,29.25,NORMAL,100.0,LOW,RISING,0,NONE,Continue normal monitoring.,31.99,NORMAL
M001,2026-08-17 15:29:14,0.682,393.429,29.25,WARNING_SOUND,72.0,MEDIUM,FALLING,1,MECHANICAL_ABNORMALITY,Inspect mechanical components and sound sources.,36.78,NORMAL
M001,2026-08-17 15:29:16,0.774,340.233,29.25,NORMAL,100.0,LOW,RISING,0,NONE,Continue normal monitoring.,22.38,NORMAL
M001,2026-08-17 15:29:18,0.485,241.01,29.25,NORMAL,100.0,LOW,STABLE,0,NONE,Continue normal monitoring.,9.86,NORMAL
M001,2026-08-17 15:29:20,1.21,303.336,29.25,NORMAL,100.0,LOW,STABLE,0,NONE,Continue normal monitoring.,17.16,NORMAL
M001,2026-08-17 15:29:22,0.834,237.578,29.25,NORMAL,100.0,LOW,STABLE,0,NONE,Continue normal monitoring.,6.97,NORMAL
M001,2026-08-17 15:29:24,0.07,260.161,29.25,NORMAL,100.0,LOW,STABLE,0,NONE,Continue normal monitoring.,16.12,NORMAL
M001,2026-08-17 15:29:26,0.754,216.485,29.25,NORMAL,100.0,LOW,STABLE,0,NONE,Continue normal monitoring.,13.96,NORMAL
M001,2026-08-17 15:29:28,1.025,220.81,29.25,NORMAL,100.0,LOW,STABLE,0,NONE,Continue normal monitoring.,10.93,NORMAL
M001,2026-08-17 15:29:30,0.668,249.522,29.25,NORMAL,100.0,LOW,STABLE,0,NONE,Continue normal monitoring.,8.53,NORMAL
M001,2026-08-17 15:29:32,0.939,479.202,29.25,WARNING_SOUND,72.0,MEDIUM,FALLING,1,MECHANICAL_ABNORMALITY,Inspect mechanical components and sound sources.,51.34,UNKNOWN_ABNORMALITY
M001,2026-08-17 15:29:34,0.918,315.849,29.25,NORMAL,100.0,LOW,RISING,0,NONE,Continue normal monitoring.,17.28,NORMAL
M001,2026-08-17 15:29:36,0.693,221.827,29.25,NORMAL,100.0,LOW,STABLE,0,NONE,Continue normal monitoring.,13.32,NORMAL
M001,2026-08-17 15:29:39,1.157,244.185,29.25,NORMAL,100.0,LOW,STABLE,0,NONE,Continue normal monitoring.,5.76,NORMAL
M001,2026-08-17 15:29:41,1.18,359.093,29.25,WARNING_SOUND,72.0,MEDIUM,FALLING,1,MECHANICAL_ABNORMALITY,Inspect mechanical components and sound sources.,26.19,NORMAL
M001,2026-08-17 15:29:43,0.27,238.455,29.25,NORMAL,100.0,LOW,RISING,0,NONE,Continue normal monitoring.,11.24,NORMAL
M001,2026-08-17 15:29:45,0.605,234.078,29.25,NORMAL,100.0,LOW,STABLE,0,NONE,Continue normal monitoring.,10.22,NORMAL
M001,2026-08-17 15:29:47,0.611,312.626,29.25,NORMAL,100.0,LOW,STABLE,0,NONE,Continue normal monitoring.,19.71,NORMAL
M001,2026-08-17 15:29:49,0.803,254.965,29.25,NORMAL,100.0,LOW,STABLE,0,NONE,Continue normal monitoring.,6.76,NORMAL
M001,2026-08-17 15:29:51,1.5,228.465,29.25,NORMAL,100.0,LOW,STABLE,0,NONE,Continue normal monitoring.,8.78,NORMAL
M001,2026-08-17 15:29:53,1.936,282.436,29.25,NORMAL,100.0,LOW,STABLE,0,NONE,Continue normal monitoring.,23.37,NORMAL
M001,2026-08-17 15:29:55,0.069,248.668,29.25,WARNING_VIBRATION,72.0,MEDIUM,FALLING,1,EXCESSIVE_VIBRATION,Inspect motor and rotating components.,14.77,NORMAL
M001,2026-08-17 15:29:57,0.588,257.485,29.25,NORMAL,100.0,LOW,RISING,0,NONE,Continue normal monitoring.,9.26,NORMAL
M001,2026-08-17 15:29:59,0.702,219.956,29.25,NORMAL,100.0,LOW,STABLE,0,NONE,Continue normal monitoring.,14.02,NORMAL
M001,2026-08-17 15:30:01,0.055,238.116,29.25,NORMAL,100.0,LOW,STABLE,0,NONE,Continue normal monitoring.,16.29,NORMAL
M001,2026-08-17 15:30:04,0.26,261.037,29.25,NORMAL,100.0,LOW,STABLE,0,NONE,Continue normal monitoring.,12.1,NORMAL
M001,2026-08-17 15:30:06,0.823,270.454,29.25,NORMAL,100.0,LOW,STABLE,0,NONE,Continue normal monitoring.,9.36,NORMAL
M001,2026-08-17 15:30:08,0.591,201.382,29.25,NORMAL,100.0,LOW,STABLE,0,NONE,Continue normal monitoring.,22.08,NORMAL
M001,2026-08-17 15:30:10,0.759,246.607,29.25,NORMAL,100.0,LOW,STABLE,0,NONE,Continue normal monitoring.,6.56,NORMAL
M001,2026-08-17 15:30:12,1.159,248.6,29.25,NORMAL,100.0,LOW,STABLE,0,NONE,Continue normal monitoring.,5.86,NORMAL
M001,2026-08-17 15:30:14,0.265,243.198,29.25,NORMAL,100.0,LOW,STABLE,0,NONE,Continue normal monitoring.,9.81,NORMAL
M001,2026-08-17 15:30:16,1.024,244.004,29.25,NORMAL,100.0,LOW,STABLE,0,NONE,Continue normal monitoring.,5.73,NORMAL
M001,2026-08-17 15:30:18,0.658,243.411,29.25,NORMAL,100.0,LOW,STABLE,0,NONE,Continue normal monitoring.,8.34,NORMAL
M001,2026-08-17 15:30:20,0.137,266.824,29.25,NORMAL,100.0,LOW,STABLE,0,NONE,Continue normal monitoring.,13.89,NORMAL
M001,2026-08-17 15:30:22,1.187,238.695,29.25,NORMAL,100.0,LOW,STABLE,0,NONE,Continue normal monitoring.,6.19,NORMAL
M001,2026-08-17 15:30:24,0.459,256.633,29.25,NORMAL,100.0,LOW,STABLE,0,NONE,Continue normal monitoring.,10.11,NORMAL
M001,2026-08-17 15:30:26,0.568,223.115,29.25,NORMAL,100.0,LOW,STABLE,0,NONE,Continue normal monitoring.,13.45,NORMAL
M001,2026-08-17 15:30:28,0.55,237.262,29.25,NORMAL,100.0,LOW,STABLE,0,NONE,Continue normal monitoring.,10.98,NORMAL
M001,2026-08-17 15:30:31,0.319,256.605,29.25,NORMAL,100.0,LOW,STABLE,0,NONE,Continue normal monitoring.,10.65,NORMAL
M001,2026-08-17 15:30:33,0.418,234.076,29.25,NORMAL,100.0,LOW,STABLE,0,NONE,Continue normal monitoring.,11.64,NORMAL
M001,2026-08-17 15:30:35,2.046,229.603,29.25,WARNING_VIBRATION,72.0,MEDIUM,FALLING,1,EXCESSIVE_VIBRATION,Inspect motor and rotating components.,22.74,NORMAL
M001,2026-08-17 15:30:37,1.219,253.131,29.25,NORMAL,100.0,LOW,RISING,0,NONE,Continue normal monitoring.,6.64,NORMAL
M001,2026-08-17 15:30:39,0.85,425.136,29.25,WARNING_SOUND,72.0,MEDIUM,FALLING,1,MECHANICAL_ABNORMALITY,Inspect mechanical components and sound sources.,41.28,NORMAL
M001,2026-08-17 15:30:41,0.704,284.846,29.25,NORMAL,100.0,LOW,RISING,0,NONE,Continue normal monitoring.,12.98,NORMAL
M001,2026-08-17 15:30:43,1.062,371.409,29.25,WARNING_SOUND,72.0,MEDIUM,FALLING,1,MECHANICAL_ABNORMALITY,Inspect mechanical components and sound sources.,28.33,NORMAL
M001,2026-08-17 15:30:45,1.05,295.472,29.25,NORMAL,100.0,LOW,RISING,0,NONE,Continue normal monitoring.,13.87,NORMAL
M001,2026-08-17 15:30:47,0.891,244.389,29.25,NORMAL,100.0,LOW,STABLE,0,NONE,Continue normal monitoring.,6.24,NORMAL
M001,2026-08-17 15:30:49,0.273,570.099,29.25,WARNING_SOUND,72.0,MEDIUM,FALLING,1,MECHANICAL_ABNORMALITY,Inspect mechanical components and sound sources.,67.01,ABNORMAL_SOUND
M001,2026-08-17 15:30:51,0.192,300.592,29.25,NORMAL,100.0,LOW,RISING,0,NONE,Continue normal monitoring.,23.4,NORMAL
M001,2026-08-17 15:30:53,0.49,425.861,29.25,WARNING_SOUND,72.0,MEDIUM,FALLING,1,MECHANICAL_ABNORMALITY,Inspect mechanical components and sound sources.,45.29,NORMAL
M001,2026-08-17 15:30:56,1.054,365.818,29.25,WARNING_SOUND,72.0,MEDIUM,STABLE,1,MECHANICAL_ABNORMALITY,Inspect mechanical components and sound sources.,27.52,NORMAL
M001,2026-08-17 15:30:58,1.314,229.945,29.25,NORMAL,100.0,LOW,RISING,0,NONE,Continue normal monitoring.,7.95,NORMAL
M001,2026-08-17 15:31:00,0.64,268.022,29.25,NORMAL,100.0,LOW,STABLE,0,NONE,Continue normal monitoring.,10.44,NORMAL
M001,2026-08-17 15:31:02,0.435,235.127,29.25,NORMAL,100.0,LOW,STABLE,0,NONE,Continue normal monitoring.,11.92,NORMAL
M001,2026-08-17 15:31:04,0.039,254.33,29.25,NORMAL,100.0,LOW,STABLE,0,NONE,Continue normal monitoring.,20.05,NORMAL
M001,2026-08-17 15:31:06,0.707,247.959,29.25,NORMAL,100.0,LOW,STABLE,0,NONE,Continue normal monitoring.,7.89,NORMAL
M001,2026-08-17 15:31:08,0.563,240.127,29.25,NORMAL,100.0,LOW,STABLE,0,NONE,Continue normal monitoring.,9.66,NORMAL
M001,2026-08-17 15:31:10,1.076,226.873,29.25,NORMAL,100.0,LOW,STABLE,0,NONE,Continue normal monitoring.,7.6,NORMAL
M001,2026-08-17 15:31:12,0.725,241.4,29.25,NORMAL,100.0,LOW,STABLE,0,NONE,Continue normal monitoring.,7.91,NORMAL
M001,2026-08-17 15:31:14,0.785,262.091,29.25,NORMAL,100.0,LOW,STABLE,0,NONE,Continue normal monitoring.,7.69,NORMAL
M001,2026-08-17 15:31:16,0.826,294.273,29.25,NORMAL,100.0,LOW,STABLE,0,NONE,Continue normal monitoring.,13.87,NORMAL
M001,2026-08-17 15:31:18,0.773,233.046,29.25,NORMAL,100.0,LOW,STABLE,0,NONE,Continue normal monitoring.,8.26,NORMAL
M001,2026-08-17 15:31:20,0.472,276.728,29.25,NORMAL,100.0,LOW,STABLE,0,NONE,Continue normal monitoring.,13.7,NORMAL
M001,2026-08-17 15:31:23,0.649,311.115,29.25,NORMAL,100.0,LOW,STABLE,0,NONE,Continue normal monitoring.,18.89,NORMAL
M001,2026-08-17 15:31:25,1.621,247.192,29.25,WARNING_VIBRATION,72.0,MEDIUM,FALLING,1,EXCESSIVE_VIBRATION,Inspect motor and rotating components.,8.92,NORMAL
M001,2026-08-17 15:31:27,0.734,227.064,29.25,NORMAL,100.0,LOW,RISING,0,NONE,Continue normal monitoring.,10.37,NORMAL
M001,2026-08-17 15:31:29,0.776,247.812,29.25,NORMAL,100.0,LOW,STABLE,0,NONE,Continue normal monitoring.,6.56,NORMAL
M001,2026-08-17 15:31:31,0.554,261.638,29.25,NORMAL,100.0,LOW,STABLE,0,NONE,Continue normal monitoring.,10.91,NORMAL
M001,2026-08-17 15:31:33,1.193,240.744,29.25,NORMAL,100.0,LOW,STABLE,0,NONE,Continue normal monitoring.,6.2,NORMAL
M001,2026-08-17 15:31:35,1.037,221.739,29.25,NORMAL,100.0,LOW,STABLE,0,NONE,Continue normal monitoring.,10.38,NORMAL
M001,2026-08-17 15:31:37,0.633,240.488,29.25,WARNING_VIBRATION,72.0,MEDIUM,FALLING,1,EXCESSIVE_VIBRATION,Inspect motor and rotating components.,9.27,NORMAL
M001,2026-08-17 15:31:39,0.477,252.512,29.25,NORMAL,100.0,LOW,RISING,0,NONE,Continue normal monitoring.,9.86,NORMAL
M001,2026-08-17 15:31:41,0.55,264.377,29.25,NORMAL,100.0,LOW,STABLE,0,NONE,Continue normal monitoring.,11.74,NORMAL
M001,2026-08-17 15:31:43,0.888,236.283,29.25,NORMAL,100.0,LOW,STABLE,0,NONE,Continue normal monitoring.,6.82,NORMAL
M001,2026-08-17 15:31:46,0.559,271.88,29.25,NORMAL,100.0,LOW,STABLE,0,NONE,Continue normal monitoring.,11.68,NORMAL
M001,2026-08-17 15:31:48,0.89,321.156,29.25,WARNING_SOUND,72.0,MEDIUM,FALLING,1,MECHANICAL_ABNORMALITY,Inspect mechanical components and sound sources.,18.1,NORMAL
M001,2026-08-17 15:31:50,0.806,241.771,29.25,NORMAL,100.0,LOW,RISING,0,NONE,Continue normal monitoring.,6.66,NORMAL
M001,2026-08-17 15:31:52,0.663,244.135,29.25,NORMAL,100.0,LOW,STABLE,0,NONE,Continue normal monitoring.,8.13,NORMAL
M001,2026-08-17 15:31:54,0.882,231.769,29.25,NORMAL,100.0,LOW,STABLE,0,NONE,Continue normal monitoring.,7.52,NORMAL
M001,2026-08-17 15:31:56,0.798,444.664,29.25,WARNING_SOUND,72.0,MEDIUM,FALLING,1,MECHANICAL_ABNORMALITY,Inspect mechanical components and sound sources.,44.81,NORMAL
M001,2026-08-17 15:31:58,0.717,256.736,29.25,NORMAL,100.0,LOW,RISING,0,NONE,Continue normal monitoring.,7.78,NORMAL
M001,2026-08-17 15:32:00,0.291,276.797,29.25,NORMAL,100.0,LOW,STABLE,0,NONE,Continue normal monitoring.,15.33,NORMAL
M001,2026-08-17 15:32:02,1.595,280.365,29.25,NORMAL,100.0,LOW,STABLE,0,NONE,Continue normal monitoring.,15.55,NORMAL
M001,2026-08-17 15:32:04,1.138,259.997,29.25,WARNING_VIBRATION,72.0,MEDIUM,FALLING,1,EXCESSIVE_VIBRATION,Inspect motor and rotating components.,7.45,NORMAL
M001,2026-08-17 15:32:06,1.159,265.071,29.25,NORMAL,100.0,LOW,RISING,0,NONE,Continue normal monitoring.,8.83,NORMAL
M001,2026-08-17 15:32:08,1.076,271.82,29.25,NORMAL,100.0,LOW,STABLE,0,NONE,Continue normal monitoring.,9.15,NORMAL
M001,2026-08-17 15:32:10,0.919,274.236,29.25,NORMAL,100.0,LOW,STABLE,0,NONE,Continue normal monitoring.,9.91,NORMAL
M001,2026-08-17 15:32:12,0.823,301.479,29.25,WARNING_SOUND,72.0,MEDIUM,FALLING,1,MECHANICAL_ABNORMALITY,Inspect mechanical components and sound sources.,15.81,NORMAL
M001,2026-08-17 15:32:15,0.256,563.016,29.25,NORMAL,100.0,LOW,RISING,0,NONE,Continue normal monitoring.,66.75,ABNORMAL_SOUND
M001,2026-08-17 15:32:17,0.903,258.863,29.25,NORMAL,100.0,LOW,STABLE,0,NONE,Continue normal monitoring.,6.86,NORMAL
M001,2026-08-17 15:32:19,1.02,330.086,29.25,WARNING_SOUND,72.0,MEDIUM,FALLING,1,MECHANICAL_ABNORMALITY,Inspect mechanical components and sound sources.,17.99,NORMAL
M001,2026-08-17 15:32:21,0.83,428.552,29.25,WARNING_SOUND,72.0,MEDIUM,STABLE,1,MECHANICAL_ABNORMALITY,Inspect mechanical components and sound sources.,41.54,NORMAL
M001,2026-08-17 15:32:23,0.9,320.634,29.25,NORMAL,100.0,LOW,RISING,0,NONE,Continue normal monitoring.,17.87,NORMAL
M001,2026-08-17 15:32:25,0.757,340.721,29.25,WARNING_SOUND,72.0,MEDIUM,FALLING,1,MECHANICAL_ABNORMALITY,Inspect mechanical components and sound sources.,22.74,NORMAL
M001,2026-08-17 15:32:27,1.143,667.036,29.25,WARNING_SOUND,72.0,MEDIUM,STABLE,1,MECHANICAL_ABNORMALITY,Inspect mechanical components and sound sources.,68.9,ABNORMAL_SOUND
M001,2026-08-17 15:32:29,1.129,478.368,29.25,WARNING_SOUND,72.0,MEDIUM,STABLE,1,MECHANICAL_ABNORMALITY,Inspect mechanical components and sound sources.,50.25,UNKNOWN_ABNORMALITY
M001,2026-08-17 15:32:31,1.617,321.695,29.25,NORMAL,100.0,LOW,RISING,0,NONE,Continue normal monitoring.,24.09,NORMAL
M001,2026-08-17 15:32:33,1.522,447.625,29.25,WARNING_SOUND,72.0,MEDIUM,FALLING,1,MECHANICAL_ABNORMALITY,Inspect mechanical components and sound sources.,48.84,NORMAL
M001,2026-08-17 15:32:35,1.05,276.767,29.25,NORMAL,100.0,LOW,RISING,0,NONE,Continue normal monitoring.,10.64,NORMAL
M001,2026-08-17 15:32:37,1.654,289.157,29.25,WARNING_VIBRATION,72.0,MEDIUM,FALLING,1,EXCESSIVE_VIBRATION,Inspect motor and rotating components.,17.89,NORMAL
M001,2026-08-17 15:32:40,2.384,772.575,29.25,WARNING_VIBRATION,72.0,MEDIUM,STABLE,1,EXCESSIVE_VIBRATION,Inspect motor and rotating components.,83.0,ABNORMAL_SOUND
M001,2026-08-17 15:32:42,1.938,905.321,29.25,WARNING_SOUND,72.0,MEDIUM,STABLE,1,MECHANICAL_ABNORMALITY,Inspect mechanical components and sound sources.,80.5,ABNORMAL_SOUND
M001,2026-08-17 15:32:44,1.874,587.087,29.25,CRITICAL_VIB_SOUND,50.0,HIGH,FALLING,1,LOOSE_COMPONENT,Inspect and secure loose components.,69.91,ABNORMAL_SOUND
M001,2026-08-17 15:32:46,0.721,841.174,29.25,CRITICAL_VIB_SOUND,50.0,HIGH,STABLE,1,LOOSE_COMPONENT,Inspect and secure loose components.,76.26,ABNORMAL_SOUND
M001,2026-08-17 15:32:48,0.752,558.566,29.25,WARNING_SOUND,72.0,MEDIUM,RISING,1,MECHANICAL_ABNORMALITY,Inspect mechanical components and sound sources.,61.75,ABNORMAL_SOUND
M001,2026-08-17 15:32:50,1.126,509.405,29.25,WARNING_SOUND,72.0,MEDIUM,STABLE,1,MECHANICAL_ABNORMALITY,Inspect mechanical components and sound sources.,53.47,ABNORMAL_SOUND
M001,2026-08-17 15:32:52,1.142,456.291,29.25,NORMAL,100.0,LOW,RISING,0,NONE,Continue normal monitoring.,45.88,NORMAL
M001,2026-08-17 15:32:54,1.357,513.479,29.25,WARNING_SOUND,72.0,MEDIUM,FALLING,1,MECHANICAL_ABNORMALITY,Inspect mechanical components and sound sources.,56.99,ABNORMAL_SOUND
M001,2026-08-17 15:32:56,1.225,615.091,29.25,WARNING_SOUND,72.0,MEDIUM,STABLE,1,MECHANICAL_ABNORMALITY,Inspect mechanical components and sound sources.,65.95,ABNORMAL_SOUND
M001,2026-08-17 15:32:58,1.514,577.04,29.25,NORMAL,100.0,LOW,RISING,0,NONE,Continue normal monitoring.,66.34,ABNORMAL_SOUND
M001,2026-08-17 15:33:00,2.507,636.695,29.25,WARNING_SOUND,72.0,MEDIUM,FALLING,1,MECHANICAL_ABNORMALITY,Inspect mechanical components and sound sources.,81.89,ABNORMAL_SOUND
M001,2026-08-17 15:33:02,1.707,376.337,29.25,NORMAL,100.0,LOW,RISING,0,NONE,Continue normal monitoring.,39.66,NORMAL
M001,2026-08-17 15:33:04,0.868,738.519,29.25,WARNING_SOUND,72.0,MEDIUM,FALLING,1,MECHANICAL_ABNORMALITY,Inspect mechanical components and sound sources.,72.51,ABNORMAL_SOUND
M001,2026-08-17 15:33:07,0.539,650.761,29.25,WARNING_SOUND,72.0,MEDIUM,STABLE,1,MECHANICAL_ABNORMALITY,Inspect mechanical components and sound sources.,73.36,ABNORMAL_SOUND
M001,2026-08-17 15:33:09,0.992,600.596,29.25,WARNING_SOUND,72.0,MEDIUM,STABLE,1,MECHANICAL_ABNORMALITY,Inspect mechanical components and sound sources.,64.12,ABNORMAL_SOUND
M001,2026-08-17 15:33:11,0.151,782.486,29.25,WARNING_SOUND,72.0,MEDIUM,STABLE,1,MECHANICAL_ABNORMALITY,Inspect mechanical components and sound sources.,75.84,ABNORMAL_SOUND
M001,2026-08-17 15:33:13,1.038,532.002,29.25,WARNING_SOUND,72.0,MEDIUM,STABLE,1,MECHANICAL_ABNORMALITY,Inspect mechanical components and sound sources.,58.62,ABNORMAL_SOUND
M001,2026-08-17 15:33:15,2.567,680.186,29.25,CRITICAL_VIB_SOUND,50.0,HIGH,FALLING,1,LOOSE_COMPONENT,Inspect and secure loose components.,84.57,ABNORMAL_SOUND
M001,2026-08-17 15:33:17,1.202,579.484,29.25,WARNING_SOUND,72.0,MEDIUM,RISING,1,MECHANICAL_ABNORMALITY,Inspect mechanical components and sound sources.,63.81,ABNORMAL_SOUND
M001,2026-08-17 15:33:19,1.54,309.179,29.25,NORMAL,100.0,LOW,RISING,0,NONE,Continue normal monitoring.,20.38,NORMAL
M001,2026-08-17 15:33:21,1.907,423.272,29.25,WARNING_SOUND,72.0,MEDIUM,FALLING,1,MECHANICAL_ABNORMALITY,Inspect mechanical components and sound sources.,52.24,UNKNOWN_ABNORMALITY
M001,2026-08-17 15:33:24,1.362,502.18,29.25,WARNING_SOUND,72.0,MEDIUM,STABLE,1,MECHANICAL_ABNORMALITY,Inspect mechanical components and sound sources.,55.5,ABNORMAL_SOUND
M001,2026-08-17 15:33:25,1.263,457.101,29.25,NORMAL,100.0,LOW,RISING,0,NONE,Continue normal monitoring.,47.84,NORMAL
M001,2026-08-17 15:33:27,1.187,293.347,29.25,NORMAL,100.0,LOW,STABLE,0,NONE,Continue normal monitoring.,13.38,NORMAL
M001,2026-08-17 15:33:29,1.0,831.541,29.25,WARNING_SOUND,72.0,MEDIUM,FALLING,1,MECHANICAL_ABNORMALITY,Inspect mechanical components and sound sources.,73.15,ABNORMAL_SOUND
M001,2026-08-17 15:33:32,1.053,507.89,29.25,WARNING_SOUND,72.0,MEDIUM,STABLE,1,MECHANICAL_ABNORMALITY,Inspect mechanical components and sound sources.,53.29,ABNORMAL_SOUND
M001,2026-08-17 15:33:34,1.313,283.771,29.25,NORMAL,100.0,LOW,RISING,0,NONE,Continue normal monitoring.,13.29,NORMAL
M001,2026-08-17 15:33:36,0.726,657.314,29.25,WARNING_SOUND,72.0,MEDIUM,FALLING,1,MECHANICAL_ABNORMALITY,Inspect mechanical components and sound sources.,71.59,ABNORMAL_SOUND
M001,2026-08-17 15:33:38,1.613,793.314,29.25,WARNING_SOUND,72.0,MEDIUM,STABLE,1,MECHANICAL_ABNORMALITY,Inspect mechanical components and sound sources.,74.77,ABNORMAL_SOUND
M001,2026-08-17 15:33:40,1.131,641.594,29.25,WARNING_SOUND,72.0,MEDIUM,STABLE,1,MECHANICAL_ABNORMALITY,Inspect mechanical components and sound sources.,67.36,ABNORMAL_SOUND
M001,2026-08-17 15:33:42,1.651,643.366,29.25,WARNING_SOUND,72.0,MEDIUM,STABLE,1,MECHANICAL_ABNORMALITY,Inspect mechanical components and sound sources.,70.78,ABNORMAL_SOUND
M001,2026-08-17 15:33:44,1.497,381.158,29.25,WARNING_SOUND,72.0,MEDIUM,STABLE,1,MECHANICAL_ABNORMALITY,Inspect mechanical components and sound sources.,35.73,NORMAL
M001,2026-08-17 15:33:46,1.14,235.689,29.25,NORMAL,100.0,LOW,RISING,0,NONE,Continue normal monitoring.,6.63,NORMAL
M001,2026-08-17 15:33:48,1.197,771.822,29.25,WARNING_SOUND,72.0,MEDIUM,FALLING,1,MECHANICAL_ABNORMALITY,Inspect mechanical components and sound sources.,72.81,ABNORMAL_SOUND
M001,2026-08-17 15:33:50,0.971,320.313,29.25,NORMAL,100.0,LOW,RISING,0,NONE,Continue normal monitoring.,17.52,NORMAL
M001,2026-08-17 15:33:52,1.517,850.42,29.25,WARNING_SOUND,72.0,MEDIUM,FALLING,1,MECHANICAL_ABNORMALITY,Inspect mechanical components and sound sources.,77.39,ABNORMAL_SOUND
M001,2026-08-17 15:33:54,1.521,866.247,29.25,WARNING_SOUND,72.0,MEDIUM,STABLE,1,MECHANICAL_ABNORMALITY,Inspect mechanical components and sound sources.,77.62,ABNORMAL_SOUND
M001,2026-08-17 15:33:56,1.582,412.401,29.25,WARNING_SOUND,72.0,MEDIUM,STABLE,1,MECHANICAL_ABNORMALITY,Inspect mechanical components and sound sources.,44.44,NORMAL
M001,2026-08-17 15:33:59,1.404,923.697,29.25,NORMAL,100.0,LOW,RISING,0,NONE,Continue normal monitoring.,77.21,ABNORMAL_SOUND
M001,2026-08-17 15:34:01,1.172,692.26,29.5,WARNING_SOUND,72.0,MEDIUM,FALLING,1,MECHANICAL_ABNORMALITY,Inspect mechanical components and sound sources.,74.66,ABNORMAL_SOUND
M001,2026-08-17 15:34:03,1.675,384.652,29.25,CRITICAL_VIB_SOUND,50.0,HIGH,FALLING,1,LOOSE_COMPONENT,Inspect and secure loose components.,40.16,NORMAL
M001,2026-08-17 15:34:05,1.936,375.994,29.25,NORMAL,100.0,LOW,RISING,0,NONE,Continue normal monitoring.,45.22,NORMAL
M001,2026-08-17 15:34:07,0.927,604.395,29.25,WARNING_SOUND,72.0,MEDIUM,FALLING,1,MECHANICAL_ABNORMALITY,Inspect mechanical components and sound sources.,65.43,ABNORMAL_SOUND
M001,2026-08-17 15:34:09,1.511,458.578,29.25,WARNING_SOUND,72.0,MEDIUM,STABLE,1,MECHANICAL_ABNORMALITY,Inspect mechanical components and sound sources.,49.63,NORMAL
M001,2026-08-17 15:34:11,0.333,364.063,29.5,WARNING_SOUND,72.0,MEDIUM,STABLE,1,MECHANICAL_ABNORMALITY,Inspect mechanical components and sound sources.,41.63,NORMAL
M001,2026-08-17 15:34:13,1.18,520.643,29.25,NORMAL,100.0,LOW,RISING,0,NONE,Continue normal monitoring.,54.37,ABNORMAL_SOUND
M001,2026-08-17 15:34:15,1.86,363.086,29.25,WARNING_SOUND,72.0,MEDIUM,FALLING,1,MECHANICAL_ABNORMALITY,Inspect mechanical components and sound sources.,40.3,NORMAL
M001,2026-08-17 15:34:17,1.231,532.339,29.25,NORMAL,100.0,LOW,RISING,0,NONE,Continue normal monitoring.,58.83,ABNORMAL_SOUND
M001,2026-08-17 15:34:19,1.39,660.177,29.25,WARNING_SOUND,72.0,MEDIUM,FALLING,1,MECHANICAL_ABNORMALITY,Inspect mechanical components and sound sources.,71.47,ABNORMAL_SOUND
M001,2026-08-17 15:34:21,1.672,254.509,29.5,NORMAL,100.0,LOW,RISING,0,NONE,Continue normal monitoring.,21.98,NORMAL
M001,2026-08-17 15:34:24,1.648,232.454,29.25,NORMAL,100.0,LOW,STABLE,0,NONE,Continue normal monitoring.,9.73,NORMAL
M001,2026-08-17 15:34:26,1.584,303.073,29.5,NORMAL,100.0,LOW,STABLE,0,NONE,Continue normal monitoring.,30.09,NORMAL
M001,2026-08-17 15:34:28,1.767,253.094,29.25,NORMAL,100.0,LOW,STABLE,0,NONE,Continue normal monitoring.,11.03,NORMAL
M001,2026-08-17 15:34:30,1.464,248.657,29.25,NORMAL,100.0,LOW,STABLE,0,NONE,Continue normal monitoring.,7.45,NORMAL
M001,2026-08-17 15:34:32,1.735,284.72,29.25,NORMAL,100.0,LOW,STABLE,0,NONE,Continue normal monitoring.,17.58,NORMAL
M001,2026-08-17 15:34:34,1.819,247.244,29.25,WARNING_VIBRATION,72.0,MEDIUM,FALLING,1,EXCESSIVE_VIBRATION,Inspect motor and rotating components.,11.75,NORMAL
M001,2026-08-17 15:34:36,1.477,233.269,29.25,NORMAL,100.0,LOW,RISING,0,NONE,Continue normal monitoring.,8.25,NORMAL
M001,2026-08-17 15:34:38,1.333,258.717,29.25,NORMAL,100.0,LOW,STABLE,0,NONE,Continue normal monitoring.,7.87,NORMAL
M001,2026-08-17 15:34:40,3.113,375.936,29.25,WARNING_SOUND,72.0,MEDIUM,FALLING,1,MECHANICAL_ABNORMALITY,Inspect mechanical components and sound sources.,68.76,EXCESSIVE_VIBRATION
M001,2026-08-17 15:34:42,2.183,234.879,29.25,WARNING_VIBRATION,72.0,MEDIUM,STABLE,1,EXCESSIVE_VIBRATION,Inspect motor and rotating components.,28.24,NORMAL
M001,2026-08-17 15:34:44,1.929,327.89,29.25,NORMAL,100.0,LOW,RISING,0,NONE,Continue normal monitoring.,32.42,NORMAL
M001,2026-08-17 15:34:46,2.034,232.745,29.25,WARNING_VIBRATION,72.0,MEDIUM,FALLING,1,EXCESSIVE_VIBRATION,Inspect motor and rotating components.,21.48,NORMAL
M001,2026-08-17 15:34:48,2.143,258.223,29.25,NORMAL,100.0,LOW,RISING,0,NONE,Continue normal monitoring.,26.77,NORMAL
M001,2026-08-17 15:34:51,1.261,258.319,29.25,NORMAL,100.0,LOW,STABLE,0,NONE,Continue normal monitoring.,8.08,NORMAL
M001,2026-08-17 15:34:53,1.74,248.239,29.25,WARNING_VIBRATION,72.0,MEDIUM,FALLING,1,EXCESSIVE_VIBRATION,Inspect motor and rotating components.,11.15,NORMAL
M001,2026-08-17 15:34:55,1.079,281.62,29.25,NORMAL,100.0,LOW,RISING,0,NONE,Continue normal monitoring.,11.22,NORMAL
M001,2026-08-17 15:34:57,1.598,530.637,29.25,WARNING_SOUND,72.0,MEDIUM,FALLING,1,MECHANICAL_ABNORMALITY,Inspect mechanical components and sound sources.,61.39,ABNORMAL_SOUND
M001,2026-08-17 15:34:59,1.522,281.025,29.25,NORMAL,100.0,LOW,RISING,0,NONE,Continue normal monitoring.,14.73,NORMAL
M001,2026-08-17 15:35:01,1.561,331.609,29.25,WARNING_SOUND,72.0,MEDIUM,FALLING,1,MECHANICAL_ABNORMALITY,Inspect mechanical components and sound sources.,23.3,NORMAL
M001,2026-08-17 15:35:03,1.309,243.104,29.25,NORMAL,100.0,LOW,RISING,0,NONE,Continue normal monitoring.,7.42,NORMAL
M001,2026-08-17 15:35:05,1.796,299.567,29.25,NORMAL,100.0,LOW,STABLE,0,NONE,Continue normal monitoring.,23.08,NORMAL
M001,2026-08-17 15:35:07,1.367,215.439,29.25,WARNING_VIBRATION,72.0,MEDIUM,FALLING,1,EXCESSIVE_VIBRATION,Inspect motor and rotating components.,13.34,NORMAL
M001,2026-08-17 15:35:10,1.381,294.925,29.25,NORMAL,100.0,LOW,RISING,0,NONE,Continue normal monitoring.,16.21,NORMAL
M001,2026-08-17 15:35:11,1.671,274.994,29.25,NORMAL,100.0,LOW,STABLE,0,NONE,Continue normal monitoring.,15.28,NORMAL
M001,2026-08-17 15:35:14,1.761,352.134,29.25,WARNING_VIBRATION,72.0,MEDIUM,FALLING,1,EXCESSIVE_VIBRATION,Inspect motor and rotating components.,34.46,NORMAL
M001,2026-08-17 15:35:16,0.84,246.828,29.25,NORMAL,100.0,LOW,RISING,0,NONE,Continue normal monitoring.,6.5,NORMAL
M001,2026-08-17 15:35:18,1.319,376.797,29.25,WARNING_SOUND,72.0,MEDIUM,FALLING,1,MECHANICAL_ABNORMALITY,Inspect mechanical components and sound sources.,31.95,NORMAL
M001,2026-08-17 15:41:34,2.005,245.738,29.0,WARNING_VIBRATION,72.0,MEDIUM,STABLE,1,EXCESSIVE_VIBRATION,Inspect motor and rotating components.,16.28,NORMAL
M001,2026-08-17 15:41:36,1.428,243.592,29.0,NORMAL,100.0,LOW,RISING,0,NONE,Continue normal monitoring.,7.99,NORMAL
M001,2026-08-17 15:41:38,2.086,259.07,29.0,WARNING_VIBRATION,72.0,MEDIUM,FALLING,1,EXCESSIVE_VIBRATION,Inspect motor and rotating components.,21.34,NORMAL
M001,2026-08-17 15:41:40,2.293,234.47,29.0,WARNING_VIBRATION,72.0,MEDIUM,STABLE,1,EXCESSIVE_VIBRATION,Inspect motor and rotating components.,30.38,NORMAL
M001,2026-08-17 15:41:42,2.099,252.071,29.0,NORMAL,100.0,LOW,RISING,0,NONE,Continue normal monitoring.,21.43,NORMAL
M001,2026-08-17 15:41:45,2.374,227.57,29.0,WARNING_VIBRATION,72.0,MEDIUM,FALLING,1,EXCESSIVE_VIBRATION,Inspect motor and rotating components.,35.37,NORMAL
M001,2026-08-17 15:41:47,2.626,253.954,29.0,WARNING_VIBRATION,72.0,MEDIUM,STABLE,1,EXCESSIVE_VIBRATION,Inspect motor and rotating components.,42.65,NORMAL
M001,2026-08-17 15:41:49,2.346,230.571,29.0,WARNING_VIBRATION,72.0,MEDIUM,STABLE,1,EXCESSIVE_VIBRATION,Inspect motor and rotating components.,33.2,NORMAL
M001,2026-08-17 15:41:51,2.637,273.941,29.0,WARNING_VIBRATION,72.0,MEDIUM,STABLE,1,EXCESSIVE_VIBRATION,Inspect motor and rotating components.,46.51,NORMAL
M001,2026-08-17 15:41:53,2.442,240.99,29.0,WARNING_VIBRATION,72.0,MEDIUM,STABLE,1,EXCESSIVE_VIBRATION,Inspect motor and rotating components.,37.54,NORMAL
M001,2026-08-17 15:41:55,2.68,259.185,29.0,WARNING_VIBRATION,72.0,MEDIUM,STABLE,1,EXCESSIVE_VIBRATION,Inspect motor and rotating components.,44.09,NORMAL
M001,2026-08-17 15:41:57,2.37,231.496,29.0,WARNING_VIBRATION,72.0,MEDIUM,STABLE,1,EXCESSIVE_VIBRATION,Inspect motor and rotating components.,33.71,NORMAL
M001,2026-08-17 15:41:59,2.314,239.545,29.0,NORMAL,100.0,LOW,RISING,0,NONE,Continue normal monitoring.,31.88,NORMAL
M001,2026-08-17 15:42:01,2.152,206.398,29.0,WARNING_VIBRATION,72.0,MEDIUM,FALLING,1,EXCESSIVE_VIBRATION,Inspect motor and rotating components.,33.45,NORMAL
M001,2026-08-17 15:42:03,2.248,241.558,29.0,WARNING_VIBRATION,72.0,MEDIUM,STABLE,1,EXCESSIVE_VIBRATION,Inspect motor and rotating components.,26.53,NORMAL
M001,2026-08-17 15:42:05,2.401,242.232,29.0,WARNING_VIBRATION,72.0,MEDIUM,STABLE,1,EXCESSIVE_VIBRATION,Inspect motor and rotating components.,34.87,NORMAL
M001,2026-08-17 15:42:07,2.649,236.196,29.0,WARNING_VIBRATION,72.0,MEDIUM,STABLE,1,EXCESSIVE_VIBRATION,Inspect motor and rotating components.,43.98,NORMAL
M001,2026-08-17 15:42:10,2.311,249.101,29.0,WARNING_VIBRATION,72.0,MEDIUM,STABLE,1,EXCESSIVE_VIBRATION,Inspect motor and rotating components.,29.56,NORMAL
M001,2026-08-17 15:42:12,2.138,227.476,29.0,WARNING_VIBRATION,72.0,MEDIUM,STABLE,1,EXCESSIVE_VIBRATION,Inspect motor and rotating components.,25.1,NORMAL
M001,2026-08-17 15:42:14,2.386,215.922,29.0,WARNING_VIBRATION,72.0,MEDIUM,STABLE,1,EXCESSIVE_VIBRATION,Inspect motor and rotating components.,39.75,NORMAL
M001,2026-08-17 15:42:16,2.675,222.07,29.0,WARNING_VIBRATION,72.0,MEDIUM,STABLE,1,EXCESSIVE_VIBRATION,Inspect motor and rotating components.,48.91,NORMAL
M001,2026-08-17 15:42:18,2.286,234.774,29.0,WARNING_VIBRATION,72.0,MEDIUM,STABLE,1,EXCESSIVE_VIBRATION,Inspect motor and rotating components.,29.22,NORMAL
M001,2026-08-17 15:42:20,2.442,360.098,29.0,CRITICAL_VIB_SOUND,50.0,HIGH,FALLING,1,LOOSE_COMPONENT,Inspect and secure loose components.,56.99,UNKNOWN_ABNORMALITY
M001,2026-08-17 15:42:22,2.531,300.004,29.0,CRITICAL_VIB_SOUND,50.0,HIGH,STABLE,1,LOOSE_COMPONENT,Inspect and secure loose components.,51.35,UNKNOWN_ABNORMALITY
M001,2026-08-17 15:42:24,2.523,351.392,29.0,WARNING_VIBRATION,72.0,MEDIUM,RISING,1,EXCESSIVE_VIBRATION,Inspect motor and rotating components.,59.22,UNKNOWN_ABNORMALITY
M001,2026-08-17 15:42:26,2.381,387.468,29.0,CRITICAL_VIB_SOUND,50.0,HIGH,FALLING,1,LOOSE_COMPONENT,Inspect and secure loose components.,59.3,UNKNOWN_ABNORMALITY
M001,2026-08-17 15:42:28,2.45,216.66,29.0,CRITICAL_VIB_SOUND,50.0,HIGH,STABLE,1,LOOSE_COMPONENT,Inspect and secure loose components.,43.54,NORMAL
M001,2026-08-17 15:42:30,2.406,241.472,29.0,WARNING_VIBRATION,72.0,MEDIUM,RISING,1,EXCESSIVE_VIBRATION,Inspect motor and rotating components.,35.43,NORMAL
M001,2026-08-17 15:42:32,1.951,262.64,29.0,NORMAL,100.0,LOW,RISING,0,NONE,Continue normal monitoring.,16.87,NORMAL
M001,2026-08-17 15:42:35,2.084,251.898,29.0,WARNING_VIBRATION,72.0,MEDIUM,FALLING,1,EXCESSIVE_VIBRATION,Inspect motor and rotating components.,20.06,NORMAL
M001,2026-08-17 15:42:37,2.021,258.245,29.0,WARNING_VIBRATION,72.0,MEDIUM,STABLE,1,EXCESSIVE_VIBRATION,Inspect motor and rotating components.,17.71,NORMAL
M001,2026-08-17 15:42:39,2.198,254.741,29.0,WARNING_VIBRATION,72.0,MEDIUM,STABLE,1,EXCESSIVE_VIBRATION,Inspect motor and rotating components.,24.69,NORMAL
M001,2026-08-17 15:42:41,2.482,243.274,29.0,WARNING_VIBRATION,72.0,MEDIUM,STABLE,1,EXCESSIVE_VIBRATION,Inspect motor and rotating components.,38.74,NORMAL
M001,2026-08-17 15:42:43,2.621,234.225,29.0,WARNING_VIBRATION,72.0,MEDIUM,STABLE,1,EXCESSIVE_VIBRATION,Inspect motor and rotating components.,44.02,NORMAL
M001,2026-08-17 15:42:45,2.633,191.691,29.0,WARNING_VIBRATION,72.0,MEDIUM,STABLE,1,EXCESSIVE_VIBRATION,Inspect motor and rotating components.,55.47,UNKNOWN_ABNORMALITY
M001,2026-08-17 15:42:47,2.714,358.572,29.0,CRITICAL_VIB_SOUND,50.0,HIGH,FALLING,1,LOOSE_COMPONENT,Inspect and secure loose components.,62.93,UNKNOWN_ABNORMALITY
M001,2026-08-17 15:42:49,2.633,220.424,29.0,WARNING_VIBRATION,72.0,MEDIUM,RISING,1,EXCESSIVE_VIBRATION,Inspect motor and rotating components.,48.53,NORMAL
M001,2026-08-17 15:42:51,2.61,329.876,29.0,WARNING_VIBRATION,72.0,MEDIUM,STABLE,1,EXCESSIVE_VIBRATION,Inspect motor and rotating components.,58.1,UNKNOWN_ABNORMALITY
M001,2026-08-17 15:42:53,2.519,268.364,29.0,WARNING_VIBRATION,72.0,MEDIUM,STABLE,1,EXCESSIVE_VIBRATION,Inspect motor and rotating components.,42.72,NORMAL
M001,2026-08-17 15:42:55,2.453,241.341,29.0,WARNING_VIBRATION,72.0,MEDIUM,STABLE,1,EXCESSIVE_VIBRATION,Inspect motor and rotating components.,37.94,NORMAL
M001,2026-08-17 15:42:57,2.656,258.725,29.0,WARNING_VIBRATION,72.0,MEDIUM,STABLE,1,EXCESSIVE_VIBRATION,Inspect motor and rotating components.,43.94,NORMAL
M001,2026-08-17 15:42:59,1.981,776.833,29.0,CRITICAL_VIB_SOUND,50.0,HIGH,FALLING,1,LOOSE_COMPONENT,Inspect and secure loose components.,77.76,ABNORMAL_SOUND
M001,2026-08-17 15:43:02,2.784,335.806,29.0,WARNING_VIBRATION,72.0,MEDIUM,RISING,1,EXCESSIVE_VIBRATION,Inspect motor and rotating components.,60.02,UNKNOWN_ABNORMALITY
M001,2026-08-17 15:43:04,2.741,243.904,29.0,WARNING_VIBRATION,72.0,MEDIUM,STABLE,1,EXCESSIVE_VIBRATION,Inspect motor and rotating components.,44.59,NORMAL
M001,2026-08-17 15:43:06,2.263,249.918,29.0,WARNING_VIBRATION,72.0,MEDIUM,STABLE,1,EXCESSIVE_VIBRATION,Inspect motor and rotating components.,26.81,NORMAL
M001,2026-08-17 15:43:08,2.674,354.455,29.0,CRITICAL_VIB_SOUND,50.0,HIGH,FALLING,1,LOOSE_COMPONENT,Inspect and secure loose components.,62.38,UNKNOWN_ABNORMALITY
M001,2026-08-17 15:43:10,2.154,254.386,29.0,WARNING_VIBRATION,72.0,MEDIUM,RISING,1,EXCESSIVE_VIBRATION,Inspect motor and rotating components.,23.55,NORMAL
M001,2026-08-17 15:43:12,2.071,229.416,29.0,NORMAL,100.0,LOW,RISING,0,NONE,Continue normal monitoring.,20.94,NORMAL
M001,2026-08-17 15:43:14,3.06,260.075,29.0,WARNING_VIBRATION,72.0,MEDIUM,FALLING,1,EXCESSIVE_VIBRATION,Inspect motor and rotating components.,47.78,NORMAL
M001,2026-08-17 15:43:16,3.034,207.405,29.0,WARNING_VIBRATION,72.0,MEDIUM,STABLE,1,EXCESSIVE_VIBRATION,Inspect motor and rotating components.,55.37,EXCESSIVE_VIBRATION
M001,2026-08-17 15:43:18,2.554,250.791,29.0,WARNING_VIBRATION,72.0,MEDIUM,STABLE,1,EXCESSIVE_VIBRATION,Inspect motor and rotating components.,41.67,NORMAL
M001,2026-08-17 15:43:20,2.347,240.623,29.0,WARNING_VIBRATION,72.0,MEDIUM,STABLE,1,EXCESSIVE_VIBRATION,Inspect motor and rotating components.,32.49,NORMAL
M001,2026-08-17 15:43:22,2.72,238.271,29.0,WARNING_VIBRATION,72.0,MEDIUM,STABLE,1,EXCESSIVE_VIBRATION,Inspect motor and rotating components.,45.57,NORMAL
M001,2026-08-17 15:43:24,2.493,237.492,29.0,WARNING_VIBRATION,72.0,MEDIUM,STABLE,1,EXCESSIVE_VIBRATION,Inspect motor and rotating components.,40.43,NORMAL
M001,2026-08-17 15:43:27,2.267,220.933,29.0,WARNING_VIBRATION,72.0,MEDIUM,STABLE,1,EXCESSIVE_VIBRATION,Inspect motor and rotating components.,32.61,NORMAL
M001,2026-08-17 15:43:29,2.405,222.087,29.0,NORMAL,100.0,LOW,RISING,0,NONE,Continue normal monitoring.,39.45,NORMAL
M001,2026-08-17 15:43:31,2.324,242.46,29.0,WARNING_VIBRATION,72.0,MEDIUM,FALLING,1,EXCESSIVE_VIBRATION,Inspect motor and rotating components.,31.12,NORMAL
M001,2026-08-17 15:43:33,2.124,230.952,29.0,NORMAL,100.0,LOW,RISING,0,NONE,Continue normal monitoring.,23.21,NORMAL
M001,2026-08-17 15:43:35,1.435,222.999,29.0,NORMAL,100.0,LOW,STABLE,0,NONE,Continue normal monitoring.,12.1,NORMAL
M001,2026-08-17 15:43:37,2.336,229.892,29.0,WARNING_VIBRATION,72.0,MEDIUM,FALLING,1,EXCESSIVE_VIBRATION,Inspect motor and rotating components.,32.82,NORMAL
M001,2026-08-17 15:43:39,2.017,262.962,29.0,WARNING_VIBRATION,72.0,MEDIUM,STABLE,1,EXCESSIVE_VIBRATION,Inspect motor and rotating components.,19.49,NORMAL
M001,2026-08-17 15:43:41,2.48,232.4,29.0,NORMAL,100.0,LOW,RISING,0,NONE,Continue normal monitoring.,40.13,NORMAL
M001,2026-08-17 15:43:43,2.642,250.722,29.0,WARNING_VIBRATION,72.0,MEDIUM,FALLING,1,EXCESSIVE_VIBRATION,Inspect motor and rotating components.,42.89,NORMAL
M001,2026-08-17 15:43:45,2.803,222.393,29.0,WARNING_VIBRATION,72.0,MEDIUM,STABLE,1,EXCESSIVE_VIBRATION,Inspect motor and rotating components.,49.75,NORMAL
M001,2026-08-17 15:43:47,2.905,239.149,29.0,WARNING_VIBRATION,72.0,MEDIUM,STABLE,1,EXCESSIVE_VIBRATION,Inspect motor and rotating components.,47.97,NORMAL
M001,2026-08-17 15:43:49,2.185,223.365,29.0,WARNING_VIBRATION,72.0,MEDIUM,STABLE,1,EXCESSIVE_VIBRATION,Inspect motor and rotating components.,28.33,NORMAL
M001,2026-08-17 15:43:51,2.02,233.805,29.0,WARNING_VIBRATION,72.0,MEDIUM,STABLE,1,EXCESSIVE_VIBRATION,Inspect motor and rotating components.,18.22,NORMAL
M001,2026-08-17 15:43:54,1.644,261.615,29.0,NORMAL,100.0,LOW,RISING,0,NONE,Continue normal monitoring.,11.25,NORMAL
M001,2026-08-17 15:43:56,1.964,224.078,29.0,WARNING_VIBRATION,72.0,MEDIUM,FALLING,1,EXCESSIVE_VIBRATION,Inspect motor and rotating components.,18.46,NORMAL
M001,2026-08-17 15:43:58,2.357,248.747,29.0,WARNING_VIBRATION,72.0,MEDIUM,STABLE,1,EXCESSIVE_VIBRATION,Inspect motor and rotating components.,31.57,NORMAL
M001,2026-08-17 15:44:00,2.039,241.321,29.0,WARNING_VIBRATION,72.0,MEDIUM,STABLE,1,EXCESSIVE_VIBRATION,Inspect motor and rotating components.,18.62,NORMAL
M001,2026-08-17 15:44:02,1.957,240.253,29.0,NORMAL,100.0,LOW,RISING,0,NONE,Continue normal monitoring.,15.42,NORMAL
M001,2026-08-17 15:44:04,2.25,202.293,29.0,WARNING_VIBRATION,72.0,MEDIUM,FALLING,1,EXCESSIVE_VIBRATION,Inspect motor and rotating components.,37.71,NORMAL
M001,2026-08-17 15:44:06,3.016,562.558,29.0,WARNING_VIBRATION,72.0,MEDIUM,STABLE,1,EXCESSIVE_VIBRATION,Inspect motor and rotating components.,82.51,EXCESSIVE_VIBRATION
M001,2026-08-17 15:44:08,2.021,393.06,29.0,CRITICAL_VIB_SOUND,50.0,HIGH,FALLING,1,LOOSE_COMPONENT,Inspect and secure loose components.,50.01,UNKNOWN_ABNORMALITY
M001,2026-08-17 15:44:10,2.94,288.688,29.0,NORMAL,100.0,LOW,RISING,0,NONE,Continue normal monitoring.,53.25,UNKNOWN_ABNORMALITY
M001,2026-08-17 15:44:12,2.506,234.298,29.0,WARNING_VIBRATION,72.0,MEDIUM,FALLING,1,EXCESSIVE_VIBRATION,Inspect motor and rotating components.,41.25,NORMAL
M001,2026-08-17 15:44:14,2.382,222.301,29.0,WARNING_VIBRATION,72.0,MEDIUM,STABLE,1,EXCESSIVE_VIBRATION,Inspect motor and rotating components.,37.46,NORMAL
M001,2026-08-17 15:44:16,1.668,240.736,29.0,NORMAL,100.0,LOW,RISING,0,NONE,Continue normal monitoring.,10.41,NORMAL
M001,2026-08-17 15:44:19,3.569,253.388,29.0,WARNING_VIBRATION,72.0,MEDIUM,FALLING,1,EXCESSIVE_VIBRATION,Inspect motor and rotating components.,49.59,NORMAL
M001,2026-08-17 15:44:21,1.723,246.854,29.0,NORMAL,100.0,LOW,RISING,0,NONE,Continue normal monitoring.,10.17,NORMAL
M001,2026-08-17 15:44:23,1.769,209.934,29.0,NORMAL,100.0,LOW,STABLE,0,NONE,Continue normal monitoring.,19.78,NORMAL
M001,2026-08-17 15:44:25,2.71,207.305,29.0,WARNING_VIBRATION,72.0,MEDIUM,FALLING,1,EXCESSIVE_VIBRATION,Inspect motor and rotating components.,52.82,UNKNOWN_ABNORMALITY
M001,2026-08-17 15:44:27,2.226,239.074,29.0,WARNING_VIBRATION,72.0,MEDIUM,STABLE,1,EXCESSIVE_VIBRATION,Inspect motor and rotating components.,26.18,NORMAL
M001,2026-08-17 15:44:29,2.338,236.973,29.0,WARNING_VIBRATION,72.0,MEDIUM,STABLE,1,EXCESSIVE_VIBRATION,Inspect motor and rotating components.,32.22,NORMAL
M001,2026-08-17 15:44:31,2.448,223.287,29.0,WARNING_VIBRATION,72.0,MEDIUM,STABLE,1,EXCESSIVE_VIBRATION,Inspect motor and rotating components.,42.21,NORMAL
M001,2026-08-17 15:44:33,2.026,216.591,29.0,NORMAL,100.0,LOW,RISING,0,NONE,Continue normal monitoring.,24.32,NORMAL
M001,2026-08-17 15:44:35,2.179,267.187,29.0,WARNING_VIBRATION,72.0,MEDIUM,FALLING,1,EXCESSIVE_VIBRATION,Inspect motor and rotating components.,28.44,NORMAL
M001,2026-08-17 15:44:37,2.411,265.744,29.25,WARNING_VIBRATION,72.0,MEDIUM,STABLE,1,EXCESSIVE_VIBRATION,Inspect motor and rotating components.,40.58,NORMAL
M001,2026-08-17 15:44:39,2.081,242.9,29.0,WARNING_VIBRATION,72.0,MEDIUM,STABLE,1,EXCESSIVE_VIBRATION,Inspect motor and rotating components.,19.69,NORMAL
M001,2026-08-17 15:44:41,2.138,208.796,29.0,NORMAL,100.0,LOW,RISING,0,NONE,Continue normal monitoring.,31.36,NORMAL
M001,2026-08-17 15:44:43,1.889,244.556,29.0,WARNING_VIBRATION,72.0,MEDIUM,FALLING,1,EXCESSIVE_VIBRATION,Inspect motor and rotating components.,12.4,NORMAL
M001,2026-08-17 15:44:46,2.147,235.91,29.0,WARNING_VIBRATION,72.0,MEDIUM,STABLE,1,EXCESSIVE_VIBRATION,Inspect motor and rotating components.,23.23,NORMAL
M001,2026-08-17 15:44:48,1.756,238.198,29.25,NORMAL,100.0,LOW,RISING,0,NONE,Continue normal monitoring.,10.76,NORMAL
M001,2026-08-17 15:44:50,1.949,202.604,29.0,WARNING_VIBRATION,72.0,MEDIUM,FALLING,1,EXCESSIVE_VIBRATION,Inspect motor and rotating components.,26.06,NORMAL
M001,2026-08-17 15:44:52,1.818,226.477,29.0,NORMAL,100.0,LOW,RISING,0,NONE,Continue normal monitoring.,14.2,NORMAL
M001,2026-08-17 15:44:54,0.904,231.408,29.0,NORMAL,100.0,LOW,STABLE,0,NONE,Continue normal monitoring.,10.23,NORMAL
M001,2026-08-17 15:44:56,1.607,341.326,29.0,WARNING_SOUND,72.0,MEDIUM,FALLING,1,MECHANICAL_ABNORMALITY,Inspect mechanical components and sound sources.,30.81,NORMAL
M001,2026-08-17 15:44:58,1.758,223.161,29.0,NORMAL,100.0,LOW,RISING,0,NONE,Continue normal monitoring.,14.52,NORMAL
M001,2026-08-17 15:45:00,1.607,234.661,29.0,NORMAL,100.0,LOW,STABLE,0,NONE,Continue normal monitoring.,10.71,NORMAL
M001,2026-08-17 15:45:02,1.805,292.35,29.0,WARNING_VIBRATION,72.0,MEDIUM,FALLING,1,EXCESSIVE_VIBRATION,Inspect motor and rotating components.,20.02,NORMAL
M001,2026-08-17 15:45:04,1.824,360.475,29.0,NORMAL,100.0,LOW,RISING,0,NONE,Continue normal monitoring.,39.61,NORMAL
M001,2026-08-17 15:45:06,0.202,263.794,29.0,WARNING_SOUND,72.0,MEDIUM,FALLING,1,MECHANICAL_ABNORMALITY,Inspect mechanical components and sound sources.,16.82,NORMAL
M001,2026-08-17 15:45:08,0.212,232.504,29.0,NORMAL,100.0,LOW,RISING,0,NONE,Continue normal monitoring.,14.55,NORMAL
M001,2026-08-17 15:45:11,1.963,269.779,29.0,WARNING_VIBRATION,72.0,MEDIUM,FALLING,1,EXCESSIVE_VIBRATION,Inspect motor and rotating components.,20.19,NORMAL
M001,2026-08-17 15:45:13,1.909,263.789,29.25,NORMAL,100.0,LOW,RISING,0,NONE,Continue normal monitoring.,17.43,NORMAL
M001,2026-08-17 15:45:15,2.178,236.312,29.0,WARNING_VIBRATION,72.0,MEDIUM,FALLING,1,EXCESSIVE_VIBRATION,Inspect motor and rotating components.,24.28,NORMAL
M001,2026-08-17 15:45:17,2.254,415.169,29.0,WARNING_VIBRATION,72.0,MEDIUM,STABLE,1,EXCESSIVE_VIBRATION,Inspect motor and rotating components.,60.32,UNKNOWN_ABNORMALITY
M001,2026-08-17 15:45:19,1.858,247.217,29.0,CRITICAL_VIB_SOUND,50.0,HIGH,FALLING,1,LOOSE_COMPONENT,Inspect and secure loose components.,11.83,NORMAL
M001,2026-08-17 15:45:21,1.872,234.495,29.25,NORMAL,100.0,LOW,RISING,0,NONE,Continue normal monitoring.,14.93,NORMAL
M001,2026-08-17 15:45:23,1.84,260.703,29.0,NORMAL,100.0,LOW,STABLE,0,NONE,Continue normal monitoring.,13.65,NORMAL
M001,2026-08-17 15:45:25,1.68,353.912,29.0,WARNING_SOUND,72.0,MEDIUM,FALLING,1,MECHANICAL_ABNORMALITY,Inspect mechanical components and sound sources.,34.93,NORMAL
M001,2026-08-17 15:45:27,2.496,289.537,29.0,WARNING_VIBRATION,72.0,MEDIUM,STABLE,1,EXCESSIVE_VIBRATION,Inspect motor and rotating components.,45.91,NORMAL
M001,2026-08-17 15:45:29,2.391,220.877,29.0,WARNING_VIBRATION,72.0,MEDIUM,STABLE,1,EXCESSIVE_VIBRATION,Inspect motor and rotating components.,38.74,NORMAL
M001,2026-08-17 15:45:31,2.383,218.622,29.0,NORMAL,100.0,LOW,RISING,0,NONE,Continue normal monitoring.,38.7,NORMAL
M001,2026-08-17 15:45:33,3.27,237.154,29.25,WARNING_VIBRATION,72.0,MEDIUM,FALLING,1,EXCESSIVE_VIBRATION,Inspect motor and rotating components.,50.51,EXCESSIVE_VIBRATION
M001,2026-08-17 15:45:35,2.522,234.696,29.0,WARNING_VIBRATION,72.0,MEDIUM,STABLE,1,EXCESSIVE_VIBRATION,Inspect motor and rotating components.,41.8,NORMAL
M001,2026-08-17 15:45:38,1.98,246.786,29.0,NORMAL,100.0,LOW,RISING,0,NONE,Continue normal monitoring.,14.64,NORMAL
M001,2026-08-17 15:45:40,1.884,246.103,29.0,WARNING_VIBRATION,72.0,MEDIUM,FALLING,1,EXCESSIVE_VIBRATION,Inspect motor and rotating components.,12.04,NORMAL
M001,2026-08-17 15:45:42,2.366,243.004,29.0,WARNING_VIBRATION,72.0,MEDIUM,STABLE,1,EXCESSIVE_VIBRATION,Inspect motor and rotating components.,32.38,NORMAL
M001,2026-08-17 15:45:44,2.18,249.682,29.25,NORMAL,100.0,LOW,RISING,0,NONE,Continue normal monitoring.,27.14,NORMAL
M001,2026-08-17 15:45:46,3.186,277.078,29.25,WARNING_VIBRATION,72.0,MEDIUM,FALLING,1,EXCESSIVE_VIBRATION,Inspect motor and rotating components.,53.44,EXCESSIVE_VIBRATION
M001,2026-08-17 15:45:48,2.463,224.553,29.25,WARNING_VIBRATION,72.0,MEDIUM,STABLE,1,EXCESSIVE_VIBRATION,Inspect motor and rotating components.,44.67,NORMAL
M001,2026-08-17 15:45:50,1.646,243.313,29.25,NORMAL,100.0,LOW,RISING,0,NONE,Continue normal monitoring.,8.99,NORMAL
M001,2026-08-17 15:45:52,2.54,240.085,29.0,WARNING_VIBRATION,72.0,MEDIUM,FALLING,1,EXCESSIVE_VIBRATION,Inspect motor and rotating components.,42.62,NORMAL
M001,2026-08-17 15:45:54,1.989,263.575,29.0,NORMAL,100.0,LOW,RISING,0,NONE,Continue normal monitoring.,18.18,NORMAL
M001,2026-08-17 15:45:56,1.802,304.535,29.25,WARNING_VIBRATION,72.0,MEDIUM,FALLING,1,EXCESSIVE_VIBRATION,Inspect motor and rotating components.,24.25,NORMAL
M001,2026-08-17 15:45:58,1.384,297.558,29.0,NORMAL,100.0,LOW,RISING,0,NONE,Continue normal monitoring.,21.84,NORMAL
M001,2026-08-17 15:46:00,2.598,227.477,29.0,WARNING_VIBRATION,72.0,MEDIUM,FALLING,1,EXCESSIVE_VIBRATION,Inspect motor and rotating components.,45.64,NORMAL
M001,2026-08-17 15:46:03,1.889,217.449,29.0,NORMAL,100.0,LOW,RISING,0,NONE,Continue normal monitoring.,18.52,NORMAL
M001,2026-08-17 15:46:05,1.219,230.508,29.25,NORMAL,100.0,LOW,STABLE,0,NONE,Continue normal monitoring.,7.16,NORMAL
M001,2026-08-17 15:46:07,2.148,249.2,29.25,WARNING_VIBRATION,72.0,MEDIUM,FALLING,1,EXCESSIVE_VIBRATION,Inspect motor and rotating components.,25.9,NORMAL
M001,2026-08-17 15:46:09,2.438,220.065,29.0,WARNING_VIBRATION,72.0,MEDIUM,STABLE,1,EXCESSIVE_VIBRATION,Inspect motor and rotating components.,42.02,NORMAL
M001,2026-08-17 15:46:11,1.563,269.399,29.25,NORMAL,100.0,LOW,RISING,0,NONE,Continue normal monitoring.,12.77,NORMAL
M001,2026-08-17 15:46:13,1.752,256.869,29.25,WARNING_VIBRATION,72.0,MEDIUM,FALLING,1,EXCESSIVE_VIBRATION,Inspect motor and rotating components.,10.79,NORMAL
M001,2026-08-17 15:46:15,0.798,254.47,29.25,NORMAL,100.0,LOW,RISING,0,NONE,Continue normal monitoring.,6.67,NORMAL
M001,2026-08-17 15:46:17,1.729,256.218,29.25,NORMAL,100.0,LOW,STABLE,0,NONE,Continue normal monitoring.,10.95,NORMAL
M001,2026-08-17 15:46:19,2.424,625.116,29.25,WARNING_VIBRATION,72.0,MEDIUM,FALLING,1,EXCESSIVE_VIBRATION,Inspect motor and rotating components.,79.45,ABNORMAL_SOUND
M001,2026-08-17 15:46:21,2.023,287.899,29.25,NORMAL,100.0,LOW,RISING,0,NONE,Continue normal monitoring.,28.65,NORMAL
M001,2026-08-17 15:46:23,2.361,234.566,29.25,WARNING_VIBRATION,72.0,MEDIUM,FALLING,1,EXCESSIVE_VIBRATION,Inspect motor and rotating components.,36.36,NORMAL
M001,2026-08-17 15:46:25,2.025,228.891,29.25,NORMAL,100.0,LOW,RISING,0,NONE,Continue normal monitoring.,22.22,NORMAL
M001,2026-08-17 15:46:27,1.798,216.976,29.0,NORMAL,100.0,LOW,STABLE,0,NONE,Continue normal monitoring.,17.59,NORMAL
M001,2026-08-17 15:46:30,1.707,236.565,29.25,WARNING_VIBRATION,72.0,MEDIUM,FALLING,1,EXCESSIVE_VIBRATION,Inspect motor and rotating components.,11.26,NORMAL
M001,2026-08-17 15:46:32,1.771,493.286,29.25,NORMAL,100.0,LOW,RISING,0,NONE,Continue normal monitoring.,58.65,UNKNOWN_ABNORMALITY
M001,2026-08-17 15:46:34,1.696,344.59,29.0,WARNING_SOUND,72.0,MEDIUM,FALLING,1,MECHANICAL_ABNORMALITY,Inspect mechanical components and sound sources.,33.07,NORMAL
M001,2026-08-17 15:46:36,1.63,460.304,29.25,CRITICAL_VIB_SOUND,50.0,HIGH,FALLING,1,LOOSE_COMPONENT,Inspect and secure loose components.,51.5,UNKNOWN_ABNORMALITY
M001,2026-08-17 15:46:38,1.423,261.592,29.25,NORMAL,100.0,LOW,RISING,0,NONE,Continue normal monitoring.,8.79,NORMAL
M001,2026-08-17 15:46:40,2.015,233.159,29.25,WARNING_VIBRATION,72.0,MEDIUM,FALLING,1,EXCESSIVE_VIBRATION,Inspect motor and rotating components.,21.02,NORMAL
M001,2026-08-17 15:46:42,2.035,226.513,29.25,WARNING_VIBRATION,72.0,MEDIUM,STABLE,1,EXCESSIVE_VIBRATION,Inspect motor and rotating components.,23.53,NORMAL
M001,2026-08-17 15:46:44,1.79,242.476,29.25,NORMAL,100.0,LOW,RISING,0,NONE,Continue normal monitoring.,10.77,NORMAL
M001,2026-08-17 15:46:46,1.463,246.066,29.25,NORMAL,100.0,LOW,STABLE,0,NONE,Continue normal monitoring.,7.02,NORMAL
M001,2026-08-17 15:46:48,1.619,228.19,29.0,NORMAL,100.0,LOW,STABLE,0,NONE,Continue normal monitoring.,11.14,NORMAL
M001,2026-08-17 15:46:50,1.478,226.924,29.25,NORMAL,100.0,LOW,STABLE,0,NONE,Continue normal monitoring.,9.61,NORMAL
M001,2026-08-17 15:46:52,1.607,208.938,29.25,NORMAL,100.0,LOW,STABLE,0,NONE,Continue normal monitoring.,18.52,NORMAL
M001,2026-08-17 15:46:55,1.807,230.046,29.25,NORMAL,100.0,LOW,STABLE,0,NONE,Continue normal monitoring.,12.82,NORMAL
M001,2026-08-17 15:46:57,1.704,241.879,29.25,NORMAL,100.0,LOW,STABLE,0,NONE,Continue normal monitoring.,10.59,NORMAL
M001,2026-08-17 15:46:59,1.679,244.366,29.25,WARNING_VIBRATION,72.0,MEDIUM,FALLING,1,EXCESSIVE_VIBRATION,Inspect motor and rotating components.,10.07,NORMAL
M001,2026-08-17 15:47:01,1.768,210.163,29.25,NORMAL,100.0,LOW,RISING,0,NONE,Continue normal monitoring.,19.15,NORMAL
M001,2026-08-17 15:47:03,1.615,246.465,29.25,NORMAL,100.0,LOW,STABLE,0,NONE,Continue normal monitoring.,8.59,NORMAL
M001,2026-08-17 15:47:05,1.857,209.922,29.25,WARNING_VIBRATION,72.0,MEDIUM,FALLING,1,EXCESSIVE_VIBRATION,Inspect motor and rotating components.,22.35,NORMAL
M001,2026-08-17 15:47:07,1.52,250.351,29.25,NORMAL,100.0,LOW,RISING,0,NONE,Continue normal monitoring.,7.71,NORMAL
M001,2026-08-17 15:47:09,1.154,232.868,29.25,NORMAL,100.0,LOW,STABLE,0,NONE,Continue normal monitoring.,6.41,NORMAL
M001,2026-08-17 15:47:11,1.735,236.727,29.25,NORMAL,100.0,LOW,STABLE,0,NONE,Continue normal monitoring.,11.17,NORMAL
M001,2026-08-17 15:47:13,2.01,243.262,29.25,WARNING_SOUND,72.0,MEDIUM,FALLING,1,MECHANICAL_ABNORMALITY,Inspect mechanical components and sound sources.,19.65,NORMAL
M001,2026-08-17 15:47:15,1.613,217.22,29.25,WARNING_VIBRATION,72.0,MEDIUM,STABLE,1,EXCESSIVE_VIBRATION,Inspect motor and rotating components.,15.37,NORMAL
M001,2026-08-17 15:47:17,1.521,249.392,29.25,NORMAL,100.0,LOW,RISING,0,NONE,Continue normal monitoring.,7.68,NORMAL
M001,2026-08-17 15:47:19,1.835,208.698,29.25,NORMAL,100.0,LOW,STABLE,0,NONE,Continue normal monitoring.,22.2,NORMAL
M001,2026-08-17 15:47:22,1.713,221.007,29.25,NORMAL,100.0,LOW,STABLE,0,NONE,Continue normal monitoring.,15.29,NORMAL
M001,2026-08-17 15:47:24,1.896,283.796,29.25,NORMAL,100.0,LOW,STABLE,0,NONE,Continue normal monitoring.,21.95,NORMAL
M001,2026-08-17 15:47:26,1.846,219.828,29.25,WARNING_VIBRATION,72.0,MEDIUM,FALLING,1,EXCESSIVE_VIBRATION,Inspect motor and rotating components.,18.64,NORMAL
M001,2026-08-17 15:47:28,0.848,930.268,29.25,NORMAL,100.0,LOW,RISING,0,NONE,Continue normal monitoring.,76.14,ABNORMAL_SOUND
M001,2026-08-17 15:47:30,1.511,307.913,29.25,WARNING_SOUND,72.0,MEDIUM,FALLING,1,MECHANICAL_ABNORMALITY,Inspect mechanical components and sound sources.,19.76,NORMAL
M001,2026-08-17 15:47:32,0.334,233.719,29.25,NORMAL,100.0,LOW,RISING,0,NONE,Continue normal monitoring.,11.74,NORMAL
M001,2026-08-17 15:47:34,0.715,247.323,29.25,NORMAL,100.0,LOW,STABLE,0,NONE,Continue normal monitoring.,7.54,NORMAL
M001,2026-08-17 15:47:36,0.921,242.796,29.25,NORMAL,100.0,LOW,STABLE,0,NONE,Continue normal monitoring.,5.97,NORMAL
M001,2026-08-17 15:47:38,1.272,259.187,29.0,NORMAL,100.0,LOW,STABLE,0,NONE,Continue normal monitoring.,9.92,NORMAL
M001,2026-08-17 15:47:40,1.848,267.744,29.25,WARNING_SOUND,72.0,MEDIUM,FALLING,1,MECHANICAL_ABNORMALITY,Inspect mechanical components and sound sources.,17.5,NORMAL
M001,2026-08-17 15:47:42,1.924,260.286,29.25,NORMAL,100.0,LOW,RISING,0,NONE,Continue normal monitoring.,16.46,NORMAL
M001,2026-08-17 15:47:44,1.821,262.357,29.25,WARNING_VIBRATION,72.0,MEDIUM,FALLING,1,EXCESSIVE_VIBRATION,Inspect motor and rotating components.,14.24,NORMAL
M001,2026-08-17 15:47:47,1.699,246.038,29.25,NORMAL,100.0,LOW,RISING,0,NONE,Continue normal monitoring.,10.23,NORMAL
M001,2026-08-17 15:47:49,1.844,220.733,29.25,NORMAL,100.0,LOW,STABLE,0,NONE,Continue normal monitoring.,18.53,NORMAL
M001,2026-08-17 15:47:51,1.214,240.391,29.0,NORMAL,100.0,LOW,STABLE,0,NONE,Continue normal monitoring.,8.7,NORMAL
M001,2026-08-17 15:47:53,1.42,248.346,29.25,NORMAL,100.0,LOW,STABLE,0,NONE,Continue normal monitoring.,6.91,NORMAL
M001,2026-08-17 15:47:55,1.916,253.917,29.25,WARNING_VIBRATION,72.0,MEDIUM,FALLING,1,EXCESSIVE_VIBRATION,Inspect motor and rotating components.,15.05,NORMAL
M001,2026-08-17 15:47:57,1.856,231.806,29.25,NORMAL,100.0,LOW,RISING,0,NONE,Continue normal monitoring.,14.23,NORMAL
M001,2026-08-17 15:47:59,1.586,227.552,29.25,NORMAL,100.0,LOW,STABLE,0,NONE,Continue normal monitoring.,11.03,NORMAL
M001,2026-08-17 15:48:01,2.128,302.853,29.25,WARNING_SOUND,72.0,MEDIUM,FALLING,1,MECHANICAL_ABNORMALITY,Inspect mechanical components and sound sources.,38.26,NORMAL
M001,2026-08-17 15:48:03,1.204,245.976,29.25,NORMAL,100.0,LOW,RISING,0,NONE,Continue normal monitoring.,5.97,NORMAL
M001,2026-08-17 15:48:05,1.064,227.22,29.25,NORMAL,100.0,LOW,STABLE,0,NONE,Continue normal monitoring.,7.51,NORMAL
M001,2026-08-17 15:48:07,1.639,237.235,29.25,WARNING_VIBRATION,72.0,MEDIUM,FALLING,1,EXCESSIVE_VIBRATION,Inspect motor and rotating components.,9.19,NORMAL
M001,2026-08-17 15:48:09,1.587,230.604,29.25,NORMAL,100.0,LOW,RISING,0,NONE,Continue normal monitoring.,10.07,NORMAL
M001,2026-08-17 15:48:11,2.015,243.048,29.25,WARNING_VIBRATION,72.0,MEDIUM,FALLING,1,EXCESSIVE_VIBRATION,Inspect motor and rotating components.,20.12,NORMAL
M001,2026-08-17 15:48:14,1.436,216.401,29.25,NORMAL,100.0,LOW,RISING,0,NONE,Continue normal monitoring.,13.15,NORMAL
M001,2026-08-17 15:48:16,1.821,251.948,29.25,NORMAL,100.0,LOW,STABLE,0,NONE,Continue normal monitoring.,12.33,NORMAL
M001,2026-08-17 15:48:18,2.044,243.647,29.25,WARNING_VIBRATION,72.0,MEDIUM,FALLING,1,EXCESSIVE_VIBRATION,Inspect motor and rotating components.,20.59,NORMAL
M001,2026-08-17 15:48:20,2.012,254.419,29.25,NORMAL,100.0,LOW,RISING,0,NONE,Continue normal monitoring.,20.27,NORMAL
M001,2026-08-17 15:48:22,0.944,268.468,29.25,WARNING_VIBRATION,72.0,MEDIUM,FALLING,1,EXCESSIVE_VIBRATION,Inspect motor and rotating components.,8.8,NORMAL
M001,2026-08-17 15:48:24,1.43,234.774,29.25,NORMAL,100.0,LOW,RISING,0,NONE,Continue normal monitoring.,7.56,NORMAL
M001,2026-08-17 15:48:26,2.265,230.282,29.25,WARNING_VIBRATION,72.0,MEDIUM,FALLING,1,EXCESSIVE_VIBRATION,Inspect motor and rotating components.,32.73,NORMAL
M001,2026-08-17 15:48:28,1.426,263.351,29.25,NORMAL,100.0,LOW,RISING,0,NONE,Continue normal monitoring.,9.62,NORMAL
M001,2026-08-17 15:48:30,1.857,242.625,29.25,NORMAL,100.0,LOW,STABLE,0,NONE,Continue normal monitoring.,13.0,NORMAL
M001,2026-08-17 15:48:32,1.141,257.566,29.25,NORMAL,100.0,LOW,STABLE,0,NONE,Continue normal monitoring.,6.6,NORMAL
M001,2026-08-17 15:48:34,1.766,204.978,29.25,WARNING_VIBRATION,72.0,MEDIUM,FALLING,1,EXCESSIVE_VIBRATION,Inspect motor and rotating components.,22.43,NORMAL
M001,2026-08-17 15:48:36,1.696,266.501,29.0,NORMAL,100.0,LOW,RISING,0,NONE,Continue normal monitoring.,13.68,NORMAL
M001,2026-08-17 15:48:39,1.276,250.98,29.25,NORMAL,100.0,LOW,STABLE,0,NONE,Continue normal monitoring.,7.04,NORMAL
M001,2026-08-17 15:48:41,1.79,229.695,29.25,NORMAL,100.0,LOW,STABLE,0,NONE,Continue normal monitoring.,12.38,NORMAL
M001,2026-08-17 15:48:43,1.976,243.586,29.25,WARNING_VIBRATION,72.0,MEDIUM,FALLING,1,EXCESSIVE_VIBRATION,Inspect motor and rotating components.,17.77,NORMAL
M001,2026-08-17 15:48:45,1.052,242.032,29.25,NORMAL,100.0,LOW,RISING,0,NONE,Continue normal monitoring.,5.92,NORMAL
M001,2026-08-17 15:48:47,1.073,210.112,29.25,NORMAL,100.0,LOW,STABLE,0,NONE,Continue normal monitoring.,14.48,NORMAL
M001,2026-08-17 15:48:49,1.968,201.187,29.25,NORMAL,100.0,LOW,STABLE,0,NONE,Continue normal monitoring.,29.12,NORMAL
M001,2026-08-17 15:48:51,1.675,451.303,29.25,WARNING_VIBRATION,72.0,MEDIUM,FALLING,1,EXCESSIVE_VIBRATION,Inspect motor and rotating components.,51.62,UNKNOWN_ABNORMALITY
M001,2026-08-17 15:48:53,2.04,366.994,29.25,NORMAL,100.0,LOW,RISING,0,NONE,Continue normal monitoring.,46.11,NORMAL
M001,2026-08-17 15:48:55,1.502,235.843,29.25,WARNING_VIBRATION,72.0,MEDIUM,FALLING,1,EXCESSIVE_VIBRATION,Inspect motor and rotating components.,8.06,NORMAL
M001,2026-08-17 15:48:57,2.043,230.464,29.25,NORMAL,100.0,LOW,RISING,0,NONE,Continue normal monitoring.,22.3,NORMAL
M001,2026-08-17 15:48:59,1.622,249.866,29.25,NORMAL,100.0,LOW,STABLE,0,NONE,Continue normal monitoring.,9.36,NORMAL
M001,2026-08-17 15:49:01,1.957,220.675,29.25,WARNING_SOUND,72.0,MEDIUM,FALLING,1,MECHANICAL_ABNORMALITY,Inspect mechanical components and sound sources.,21.87,NORMAL
M001,2026-08-17 15:49:04,2.5,241.552,29.0,NORMAL,100.0,LOW,RISING,0,NONE,Continue normal monitoring.,40.39,NORMAL
M001,2026-08-17 15:49:06,2.075,227.012,29.25,WARNING_VIBRATION,72.0,MEDIUM,FALLING,1,EXCESSIVE_VIBRATION,Inspect motor and rotating components.,25.35,NORMAL
M001,2026-08-17 15:49:08,1.321,245.195,29.25,NORMAL,100.0,LOW,RISING,0,NONE,Continue normal monitoring.,6.83,NORMAL
M001,2026-08-17 15:49:10,2.346,252.908,29.25,WARNING_VIBRATION,72.0,MEDIUM,FALLING,1,EXCESSIVE_VIBRATION,Inspect motor and rotating components.,34.79,NORMAL
M001,2026-08-17 15:49:12,1.802,404.975,29.25,WARNING_SOUND,72.0,MEDIUM,STABLE,1,MECHANICAL_ABNORMALITY,Inspect mechanical components and sound sources.,46.39,NORMAL
M001,2026-08-17 15:49:14,1.744,241.861,29.25,NORMAL,100.0,LOW,RISING,0,NONE,Continue normal monitoring.,10.57,NORMAL
M001,2026-08-17 15:49:16,1.998,303.714,29.25,CRITICAL_VIB_SOUND,50.0,HIGH,FALLING,1,LOOSE_COMPONENT,Inspect and secure loose components.,31.65,NORMAL
M001,2026-08-17 15:49:18,1.572,236.557,29.0,NORMAL,100.0,LOW,RISING,0,NONE,Continue normal monitoring.,10.13,NORMAL
M001,2026-08-17 15:49:20,1.18,260.035,29.25,NORMAL,100.0,LOW,STABLE,0,NONE,Continue normal monitoring.,7.36,NORMAL
M001,2026-08-17 15:49:22,1.227,354.559,29.25,NORMAL,100.0,LOW,STABLE,0,NONE,Continue normal monitoring.,24.97,NORMAL
M001,2026-08-17 15:49:24,1.059,297.794,29.25,WARNING_SOUND,72.0,MEDIUM,FALLING,1,MECHANICAL_ABNORMALITY,Inspect mechanical components and sound sources.,14.87,NORMAL
M001,2026-08-17 15:49:26,1.663,229.034,29.25,NORMAL,100.0,LOW,RISING,0,NONE,Continue normal monitoring.,10.94,NORMAL
M001,2026-08-17 15:49:28,1.358,242.421,29.25,NORMAL,100.0,LOW,STABLE,0,NONE,Continue normal monitoring.,7.59,NORMAL
M001,2026-08-17 15:49:31,0.963,238.712,29.25,NORMAL,100.0,LOW,STABLE,0,NONE,Continue normal monitoring.,6.0,NORMAL
M001,2026-08-17 15:49:33,1.098,229.739,29.25,NORMAL,100.0,LOW,STABLE,0,NONE,Continue normal monitoring.,6.91,NORMAL
M001,2026-08-17 15:49:35,1.544,218.651,29.25,NORMAL,100.0,LOW,STABLE,0,NONE,Continue normal monitoring.,12.93,NORMAL
M001,2026-08-17 15:49:37,1.556,259.208,29.25,WARNING_VIBRATION,72.0,MEDIUM,FALLING,1,EXCESSIVE_VIBRATION,Inspect motor and rotating components.,9.18,NORMAL
M001,2026-08-17 15:49:39,1.759,236.891,29.25,NORMAL,100.0,LOW,RISING,0,NONE,Continue normal monitoring.,10.81,NORMAL
M001,2026-08-17 15:49:41,1.703,239.826,29.25,NORMAL,100.0,LOW,STABLE,0,NONE,Continue normal monitoring.,10.82,NORMAL
M001,2026-08-17 15:49:43,1.815,216.519,29.25,WARNING_VIBRATION,72.0,MEDIUM,FALLING,1,EXCESSIVE_VIBRATION,Inspect motor and rotating components.,18.41,NORMAL
M001,2026-08-17 15:49:45,1.24,234.087,29.25,NORMAL,100.0,LOW,RISING,0,NONE,Continue normal monitoring.,6.92,NORMAL
M001,2026-08-17 15:49:47,1.29,237.361,29.25,NORMAL,100.0,LOW,STABLE,0,NONE,Continue normal monitoring.,7.81,NORMAL
M001,2026-08-17 15:49:49,0.991,261.299,29.25,NORMAL,100.0,LOW,STABLE,0,NONE,Continue normal monitoring.,7.25,NORMAL
M001,2026-08-17 15:49:52,1.306,223.702,29.25,NORMAL,100.0,LOW,STABLE,0,NONE,Continue normal monitoring.,10.37,NORMAL
M001,2026-08-17 15:49:53,1.027,232.493,29.25,NORMAL,100.0,LOW,STABLE,0,NONE,Continue normal monitoring.,6.57,NORMAL
M001,2026-08-17 15:49:56,1.479,228.493,29.25,WARNING_VIBRATION,72.0,MEDIUM,FALLING,1,EXCESSIVE_VIBRATION,Inspect motor and rotating components.,8.73,NORMAL
M001,2026-08-17 15:49:58,1.737,212.605,29.25,NORMAL,100.0,LOW,RISING,0,NONE,Continue normal monitoring.,18.99,NORMAL
M001,2026-08-17 15:50:00,1.855,239.57,29.25,WARNING_VIBRATION,72.0,MEDIUM,FALLING,1,EXCESSIVE_VIBRATION,Inspect motor and rotating components.,13.59,NORMAL
M001,2026-08-17 15:50:02,1.879,369.95,29.25,WARNING_VIBRATION,72.0,MEDIUM,STABLE,1,EXCESSIVE_VIBRATION,Inspect motor and rotating components.,42.12,NORMAL
M001,2026-08-17 15:50:04,1.428,402.939,29.25,NORMAL,100.0,LOW,RISING,0,NONE,Continue normal monitoring.,40.26,NORMAL
M001,2026-08-17 15:50:06,1.382,260.923,29.25,WARNING_SOUND,72.0,MEDIUM,FALLING,1,MECHANICAL_ABNORMALITY,Inspect mechanical components and sound sources.,8.84,NORMAL
M001,2026-08-17 15:50:08,1.557,231.99,29.25,NORMAL,100.0,LOW,RISING,0,NONE,Continue normal monitoring.,8.72,NORMAL
M001,2026-08-17 15:50:10,1.29,456.382,29.25,WARNING_VIBRATION,72.0,MEDIUM,FALLING,1,EXCESSIVE_VIBRATION,Inspect motor and rotating components.,48.25,NORMAL
M001,2026-08-17 15:50:12,1.875,288.766,29.25,NORMAL,100.0,LOW,RISING,0,NONE,Continue normal monitoring.,22.49,NORMAL
M001,2026-08-17 15:50:14,2.13,208.057,29.25,WARNING_VIBRATION,72.0,MEDIUM,FALLING,1,EXCESSIVE_VIBRATION,Inspect motor and rotating components.,33.37,NORMAL
M001,2026-08-17 15:50:16,2.001,243.626,29.25,WARNING_VIBRATION,72.0,MEDIUM,STABLE,1,EXCESSIVE_VIBRATION,Inspect motor and rotating components.,19.37,NORMAL
M001,2026-08-17 15:50:18,1.919,246.321,29.25,NORMAL,100.0,LOW,RISING,0,NONE,Continue normal monitoring.,14.36,NORMAL
M001,2026-08-17 15:50:20,1.686,255.399,29.25,NORMAL,100.0,LOW,STABLE,0,NONE,Continue normal monitoring.,10.48,NORMAL
M001,2026-08-17 15:50:23,2.168,269.212,29.25,WARNING_VIBRATION,72.0,MEDIUM,FALLING,1,EXCESSIVE_VIBRATION,Inspect motor and rotating components.,32.31,NORMAL
M001,2026-08-17 15:50:25,2.137,233.962,29.25,WARNING_VIBRATION,72.0,MEDIUM,STABLE,1,EXCESSIVE_VIBRATION,Inspect motor and rotating components.,26.21,NORMAL
M001,2026-08-17 15:50:27,1.546,229.453,29.25,NORMAL,100.0,LOW,RISING,0,NONE,Continue normal monitoring.,9.4,NORMAL
M001,2026-08-17 15:50:29,1.483,230.579,29.25,NORMAL,100.0,LOW,STABLE,0,NONE,Continue normal monitoring.,8.66,NORMAL
M001,2026-08-17 15:50:31,2.108,223.009,29.25,WARNING_VIBRATION,72.0,MEDIUM,FALLING,1,EXCESSIVE_VIBRATION,Inspect motor and rotating components.,28.49,NORMAL
M001,2026-08-17 15:50:33,2.439,240.339,29.25,WARNING_VIBRATION,72.0,MEDIUM,STABLE,1,EXCESSIVE_VIBRATION,Inspect motor and rotating components.,40.42,NORMAL
M001,2026-08-17 15:50:35,1.168,254.808,29.25,NORMAL,100.0,LOW,RISING,0,NONE,Continue normal monitoring.,6.14,NORMAL
M001,2026-08-17 15:50:41,1.901,273.307,29.25,WARNING_VIBRATION,72.0,MEDIUM,FALLING,1,EXCESSIVE_VIBRATION,Inspect motor and rotating components.,19.78,NORMAL
M001,2026-08-17 15:50:41,1.631,328.309,29.25,NORMAL,100.0,LOW,STABLE,0,NONE,Continue normal monitoring.,24.46,NORMAL
M001,2026-08-17 15:50:41,1.204,241.356,29.25,NORMAL,100.0,LOW,STABLE,0,NONE,Continue normal monitoring.,6.28,NORMAL
M001,2026-08-17 15:50:43,1.982,706.074,29.25,WARNING_SOUND,72.0,MEDIUM,FALLING,1,MECHANICAL_ABNORMALITY,Inspect mechanical components and sound sources.,76.5,ABNORMAL_SOUND
M001,2026-08-17 15:50:45,2.889,267.669,29.25,WARNING_VIBRATION,72.0,MEDIUM,STABLE,1,EXCESSIVE_VIBRATION,Inspect motor and rotating components.,51.57,UNKNOWN_ABNORMALITY
M001,2026-08-17 15:50:48,2.82,261.409,29.25,WARNING_VIBRATION,72.0,MEDIUM,STABLE,1,EXCESSIVE_VIBRATION,Inspect motor and rotating components.,48.18,NORMAL
M001,2026-08-17 15:50:50,2.905,279.052,29.25,CRITICAL_VIB_SOUND,50.0,HIGH,FALLING,1,LOOSE_COMPONENT,Inspect and secure loose components.,53.13,UNKNOWN_ABNORMALITY
M001,2026-08-17 15:50:52,2.355,245.572,29.25,WARNING_VIBRATION,72.0,MEDIUM,RISING,1,EXCESSIVE_VIBRATION,Inspect motor and rotating components.,34.79,NORMAL
M001,2026-08-17 15:50:54,1.876,294.805,29.25,NORMAL,100.0,LOW,RISING,0,NONE,Continue normal monitoring.,24.29,NORMAL
M001,2026-08-17 15:50:56,2.243,239.113,29.25,WARNING_VIBRATION,72.0,MEDIUM,FALLING,1,EXCESSIVE_VIBRATION,Inspect motor and rotating components.,30.37,NORMAL
M001,2026-08-17 15:50:58,2.161,246.7,29.25,WARNING_VIBRATION,72.0,MEDIUM,STABLE,1,EXCESSIVE_VIBRATION,Inspect motor and rotating components.,26.09,NORMAL
M001,2026-08-17 15:51:00,2.431,287.326,29.25,WARNING_VIBRATION,72.0,MEDIUM,STABLE,1,EXCESSIVE_VIBRATION,Inspect motor and rotating components.,45.55,NORMAL
M001,2026-08-17 15:51:02,2.131,242.569,29.25,NORMAL,100.0,LOW,RISING,0,NONE,Continue normal monitoring.,25.31,NORMAL
M001,2026-08-17 15:51:04,2.228,215.217,29.25,WARNING_VIBRATION,72.0,MEDIUM,FALLING,1,EXCESSIVE_VIBRATION,Inspect motor and rotating components.,34.95,NORMAL
M001,2026-08-17 15:51:06,2.456,238.271,29.25,WARNING_VIBRATION,72.0,MEDIUM,STABLE,1,EXCESSIVE_VIBRATION,Inspect motor and rotating components.,41.18,NORMAL
M001,2026-08-17 15:51:08,1.468,236.764,29.25,NORMAL,100.0,LOW,RISING,0,NONE,Continue normal monitoring.,7.78,NORMAL
M001,2026-08-17 15:51:10,2.096,201.205,29.25,WARNING_VIBRATION,72.0,MEDIUM,FALLING,1,EXCESSIVE_VIBRATION,Inspect motor and rotating components.,35.43,NORMAL
M001,2026-08-17 15:51:13,2.274,233.435,29.25,NORMAL,100.0,LOW,RISING,0,NONE,Continue normal monitoring.,32.32,NORMAL
M001,2026-08-17 15:51:15,2.176,226.913,29.25,WARNING_VIBRATION,72.0,MEDIUM,FALLING,1,EXCESSIVE_VIBRATION,Inspect motor and rotating components.,29.98,NORMAL
M001,2026-08-17 15:51:17,2.517,237.673,29.25,WARNING_VIBRATION,72.0,MEDIUM,STABLE,1,EXCESSIVE_VIBRATION,Inspect motor and rotating components.,43.72,NORMAL
M001,2026-08-17 15:51:19,2.17,250.195,29.25,NORMAL,100.0,LOW,RISING,0,NONE,Continue normal monitoring.,27.33,NORMAL
M001,2026-08-17 15:51:21,1.665,241.444,29.25,WARNING_VIBRATION,72.0,MEDIUM,FALLING,1,EXCESSIVE_VIBRATION,Inspect motor and rotating components.,9.85,NORMAL
M001,2026-08-17 15:51:23,2.18,214.832,29.25,NORMAL,100.0,LOW,RISING,0,NONE,Continue normal monitoring.,33.12,NORMAL
M001,2026-08-17 15:51:25,1.944,252.224,29.25,WARNING_VIBRATION,72.0,MEDIUM,FALLING,1,EXCESSIVE_VIBRATION,Inspect motor and rotating components.,15.95,NORMAL
M001,2026-08-17 15:51:27,2.091,248.212,29.25,WARNING_VIBRATION,72.0,MEDIUM,STABLE,1,EXCESSIVE_VIBRATION,Inspect motor and rotating components.,23.51,NORMAL
M001,2026-08-17 15:51:29,2.214,250.148,29.25,NORMAL,100.0,LOW,RISING,0,NONE,Continue normal monitoring.,28.58,NORMAL
M001,2026-08-17 15:51:31,1.762,233.68,29.25,WARNING_VIBRATION,72.0,MEDIUM,FALLING,1,EXCESSIVE_VIBRATION,Inspect motor and rotating components.,11.2,NORMAL
M001,2026-08-17 15:51:33,1.71,222.052,29.25,NORMAL,100.0,LOW,RISING,0,NONE,Continue normal monitoring.,14.74,NORMAL
M001,2026-08-17 15:51:35,1.74,227.518,29.25,WARNING_VIBRATION,72.0,MEDIUM,FALLING,1,EXCESSIVE_VIBRATION,Inspect motor and rotating components.,12.82,NORMAL
M001,2026-08-17 15:51:37,1.782,254.938,29.25,NORMAL,100.0,LOW,RISING,0,NONE,Continue normal monitoring.,11.17,NORMAL
M001,2026-08-17 15:51:40,1.816,255.288,29.25,NORMAL,100.0,LOW,STABLE,0,NONE,Continue normal monitoring.,12.1,NORMAL
M001,2026-08-17 15:51:42,2.318,237.739,29.25,WARNING_VIBRATION,72.0,MEDIUM,FALLING,1,EXCESSIVE_VIBRATION,Inspect motor and rotating components.,35.16,NORMAL
M001,2026-08-17 15:51:44,2.113,258.967,29.25,NORMAL,100.0,LOW,RISING,0,NONE,Continue normal monitoring.,26.13,NORMAL
M001,2026-08-17 15:51:46,1.756,220.269,29.25,WARNING_VIBRATION,72.0,MEDIUM,FALLING,1,EXCESSIVE_VIBRATION,Inspect motor and rotating components.,15.19,NORMAL
M001,2026-08-17 15:51:48,1.469,245.015,29.25,NORMAL,100.0,LOW,RISING,0,NONE,Continue normal monitoring.,6.84,NORMAL
M001,2026-08-17 15:51:50,2.016,220.928,29.25,WARNING_VIBRATION,72.0,MEDIUM,FALLING,1,EXCESSIVE_VIBRATION,Inspect motor and rotating components.,24.79,NORMAL
M001,2026-08-17 15:51:52,1.662,255.267,29.25,NORMAL,100.0,LOW,RISING,0,NONE,Continue normal monitoring.,9.84,NORMAL
M001,2026-08-17 15:51:54,1.512,243.31,29.25,NORMAL,100.0,LOW,STABLE,0,NONE,Continue normal monitoring.,7.23,NORMAL
M001,2026-08-17 15:51:56,1.677,252.994,29.25,WARNING_VIBRATION,72.0,MEDIUM,FALLING,1,EXCESSIVE_VIBRATION,Inspect motor and rotating components.,10.61,NORMAL
M001,2026-08-17 15:51:58,1.905,267.956,29.25,NORMAL,100.0,LOW,RISING,0,NONE,Continue normal monitoring.,19.34,NORMAL
M001,2026-08-17 15:52:00,1.909,241.443,29.25,NORMAL,100.0,LOW,STABLE,0,NONE,Continue normal monitoring.,14.95,NORMAL
M001,2026-08-17 15:52:02,1.58,233.631,29.25,NORMAL,100.0,LOW,STABLE,0,NONE,Continue normal monitoring.,9.79,NORMAL
M001,2026-08-17 15:52:05,1.84,541.742,29.25,WARNING_VIBRATION,72.0,MEDIUM,FALLING,1,EXCESSIVE_VIBRATION,Inspect motor and rotating components.,65.98,ABNORMAL_SOUND
M001,2026-08-17 15:52:07,2.152,225.872,29.25,NORMAL,100.0,LOW,RISING,0,NONE,Continue normal monitoring.,29.41,NORMAL
M001,2026-08-17 15:52:09,1.708,237.344,29.25,WARNING_VIBRATION,72.0,MEDIUM,FALLING,1,EXCESSIVE_VIBRATION,Inspect motor and rotating components.,11.24,NORMAL
M001,2026-08-17 15:52:11,0.714,406.603,29.25,WARNING_VIBRATION,72.0,MEDIUM,STABLE,1,EXCESSIVE_VIBRATION,Inspect motor and rotating components.,39.12,NORMAL
M001,2026-08-17 15:52:13,1.734,246.906,29.25,NORMAL,100.0,LOW,RISING,0,NONE,Continue normal monitoring.,10.45,NORMAL
M001,2026-08-17 15:52:15,1.531,259.326,29.25,NORMAL,100.0,LOW,STABLE,0,NONE,Continue normal monitoring.,9.45,NORMAL
M001,2026-08-17 15:52:17,1.845,205.277,29.25,WARNING_VIBRATION,72.0,MEDIUM,FALLING,1,EXCESSIVE_VIBRATION,Inspect motor and rotating components.,25.65,NORMAL
M001,2026-08-17 15:52:19,1.56,237.291,29.25,NORMAL,100.0,LOW,RISING,0,NONE,Continue normal monitoring.,8.63,NORMAL
M001,2026-08-17 15:52:21,1.514,273.172,29.25,NORMAL,100.0,LOW,STABLE,0,NONE,Continue normal monitoring.,12.8,NORMAL
M001,2026-08-17 15:52:23,1.271,200.43,29.25,NORMAL,100.0,LOW,STABLE,0,NONE,Continue normal monitoring.,20.4,NORMAL
M001,2026-08-17 15:52:25,1.134,202.866,29.25,NORMAL,100.0,LOW,STABLE,0,NONE,Continue normal monitoring.,19.23,NORMAL
M001,2026-08-17 15:52:27,2.211,247.479,29.25,WARNING_VIBRATION,72.0,MEDIUM,FALLING,1,EXCESSIVE_VIBRATION,Inspect motor and rotating components.,28.84,NORMAL
M001,2026-08-17 15:52:29,1.807,224.653,29.25,NORMAL,100.0,LOW,RISING,0,NONE,Continue normal monitoring.,14.75,NORMAL
M001,2026-08-17 15:52:32,2.273,387.915,29.25,WARNING_VIBRATION,72.0,MEDIUM,FALLING,1,EXCESSIVE_VIBRATION,Inspect motor and rotating components.,57.69,UNKNOWN_ABNORMALITY
M001,2026-08-17 15:52:34,2.388,226.149,29.25,WARNING_VIBRATION,72.0,MEDIUM,STABLE,1,EXCESSIVE_VIBRATION,Inspect motor and rotating components.,40.4,NORMAL
M001,2026-08-17 15:52:36,1.8,249.562,29.25,NORMAL,100.0,LOW,RISING,0,NONE,Continue normal monitoring.,11.66,NORMAL
M001,2026-08-17 15:52:38,1.863,236.542,29.25,WARNING_VIBRATION,72.0,MEDIUM,FALLING,1,EXCESSIVE_VIBRATION,Inspect motor and rotating components.,14.13,NORMAL
M001,2026-08-17 15:52:40,2.13,203.288,29.25,NORMAL,100.0,LOW,RISING,0,NONE,Continue normal monitoring.,36.3,NORMAL
M001,2026-08-17 15:52:42,2.301,273.795,29.25,WARNING_VIBRATION,72.0,MEDIUM,FALLING,1,EXCESSIVE_VIBRATION,Inspect motor and rotating components.,38.49,NORMAL
M001,2026-08-17 15:52:44,1.675,203.646,29.25,NORMAL,100.0,LOW,RISING,0,NONE,Continue normal monitoring.,23.05,NORMAL
M001,2026-08-17 15:52:46,1.639,226.978,29.25,NORMAL,100.0,LOW,STABLE,0,NONE,Continue normal monitoring.,10.82,NORMAL
M001,2026-08-17 15:52:48,1.169,220.307,29.25,NORMAL,100.0,LOW,STABLE,0,NONE,Continue normal monitoring.,10.74,NORMAL
M001,2026-08-17 15:52:50,1.63,300.647,29.25,WARNING_SOUND,72.0,MEDIUM,FALLING,1,MECHANICAL_ABNORMALITY,Inspect mechanical components and sound sources.,20.69,NORMAL
M001,2026-08-17 15:52:52,1.714,247.327,29.25,NORMAL,100.0,LOW,RISING,0,NONE,Continue normal monitoring.,10.68,NORMAL
M001,2026-08-17 15:52:54,1.782,245.968,29.25,WARNING_VIBRATION,72.0,MEDIUM,FALLING,1,EXCESSIVE_VIBRATION,Inspect motor and rotating components.,10.4,NORMAL
M001,2026-08-17 15:52:56,1.46,259.466,29.25,NORMAL,100.0,LOW,RISING,0,NONE,Continue normal monitoring.,8.96,NORMAL
M001,2026-08-17 15:52:59,1.481,231.711,29.25,WARNING_VIBRATION,72.0,MEDIUM,FALLING,1,EXCESSIVE_VIBRATION,Inspect motor and rotating components.,8.24,NORMAL
M001,2026-08-17 15:53:01,1.943,230.113,29.25,NORMAL,100.0,LOW,RISING,0,NONE,Continue normal monitoring.,17.58,NORMAL
M001,2026-08-17 15:53:03,1.593,272.018,29.25,WARNING_VIBRATION,72.0,MEDIUM,FALLING,1,EXCESSIVE_VIBRATION,Inspect motor and rotating components.,13.48,NORMAL
M001,2026-08-17 15:53:05,2.169,391.735,29.25,WARNING_VIBRATION,72.0,MEDIUM,STABLE,1,EXCESSIVE_VIBRATION,Inspect motor and rotating components.,55.26,UNKNOWN_ABNORMALITY
M001,2026-08-17 15:53:07,1.903,234.018,29.25,NORMAL,100.0,LOW,RISING,0,NONE,Continue normal monitoring.,15.37,NORMAL
M001,2026-08-17 15:53:09,1.811,225.138,29.25,WARNING_VIBRATION,72.0,MEDIUM,FALLING,1,EXCESSIVE_VIBRATION,Inspect motor and rotating components.,14.58,NORMAL
M001,2026-08-17 15:53:11,1.363,213.796,29.25,NORMAL,100.0,LOW,RISING,0,NONE,Continue normal monitoring.,14.2,NORMAL
M001,2026-08-17 15:53:13,1.634,224.549,29.25,NORMAL,100.0,LOW,STABLE,0,NONE,Continue normal monitoring.,11.96,NORMAL
M001,2026-08-17 15:53:15,1.61,200.515,29.25,WARNING_VIBRATION,72.0,MEDIUM,FALLING,1,EXCESSIVE_VIBRATION,Inspect motor and rotating components.,22.6,NORMAL
M001,2026-08-17 15:53:17,1.311,227.066,29.25,NORMAL,100.0,LOW,RISING,0,NONE,Continue normal monitoring.,9.02,NORMAL
M001,2026-08-17 15:53:19,2.12,231.708,29.25,WARNING_VIBRATION,72.0,MEDIUM,FALLING,1,EXCESSIVE_VIBRATION,Inspect motor and rotating components.,26.04,NORMAL
M001,2026-08-17 15:53:21,1.589,324.37,29.25,NORMAL,100.0,LOW,RISING,0,NONE,Continue normal monitoring.,24.36,NORMAL
M001,2026-08-17 15:53:24,1.495,295.902,29.25,NORMAL,100.0,LOW,STABLE,0,NONE,Continue normal monitoring.,18.3,NORMAL
M001,2026-08-17 15:53:26,1.666,237.306,29.25,WARNING_VIBRATION,72.0,MEDIUM,FALLING,1,EXCESSIVE_VIBRATION,Inspect motor and rotating components.,10.18,NORMAL
M001,2026-08-17 15:53:28,1.412,273.985,29.25,NORMAL,100.0,LOW,RISING,0,NONE,Continue normal monitoring.,12.17,NORMAL
M001,2026-08-17 15:53:32,1.779,249.312,29.25,NORMAL,100.0,LOW,STABLE,0,NONE,Continue normal monitoring.,11.37,NORMAL
M001,2026-08-17 15:53:32,2.138,328.44,29.25,WARNING_VIBRATION,72.0,MEDIUM,FALLING,1,EXCESSIVE_VIBRATION,Inspect motor and rotating components.,43.1,NORMAL
M001,2026-08-17 15:53:34,1.711,250.954,29.25,NORMAL,100.0,LOW,RISING,0,NONE,Continue normal monitoring.,11.46,NORMAL
M001,2026-08-17 15:53:36,1.661,284.517,29.25,NORMAL,100.0,LOW,STABLE,0,NONE,Continue normal monitoring.,16.28,NORMAL
M001,2026-08-17 15:53:38,1.872,315.104,29.25,WARNING_VIBRATION,72.0,MEDIUM,FALLING,1,EXCESSIVE_VIBRATION,Inspect motor and rotating components.,29.0,NORMAL
M001,2026-08-17 15:53:40,1.778,226.021,29.25,NORMAL,100.0,LOW,RISING,0,NONE,Continue normal monitoring.,13.68,NORMAL
M001,2026-08-17 15:53:42,1.581,244.341,29.25,NORMAL,100.0,LOW,STABLE,0,NONE,Continue normal monitoring.,9.06,NORMAL
M001,2026-08-17 15:53:44,1.659,261.053,29.25,NORMAL,100.0,LOW,STABLE,0,NONE,Continue normal monitoring.,11.14,NORMAL
M001,2026-08-17 15:53:46,1.548,244.651,29.25,NORMAL,100.0,LOW,STABLE,0,NONE,Continue normal monitoring.,7.33,NORMAL
M001,2026-08-17 15:53:48,1.787,220.387,29.25,NORMAL,100.0,LOW,STABLE,0,NONE,Continue normal monitoring.,15.89,NORMAL
M001,2026-08-17 15:53:51,1.575,257.589,29.25,WARNING_VIBRATION,72.0,MEDIUM,FALLING,1,EXCESSIVE_VIBRATION,Inspect motor and rotating components.,9.17,NORMAL
M001,2026-08-17 15:53:53,1.613,216.91,29.25,NORMAL,100.0,LOW,RISING,0,NONE,Continue normal monitoring.,15.32,NORMAL
M001,2026-08-17 15:53:55,1.83,255.15,29.25,NORMAL,100.0,LOW,STABLE,0,NONE,Continue normal monitoring.,12.86,NORMAL
M001,2026-08-17 15:53:57,1.353,239.887,29.25,NORMAL,100.0,LOW,STABLE,0,NONE,Continue normal monitoring.,7.51,NORMAL
M001,2026-08-17 15:53:59,1.364,248.304,29.25,NORMAL,100.0,LOW,STABLE,0,NONE,Continue normal monitoring.,7.4,NORMAL
M001,2026-08-17 15:54:01,1.683,271.187,29.25,NORMAL,100.0,LOW,STABLE,0,NONE,Continue normal monitoring.,14.96,NORMAL
M001,2026-08-17 15:54:03,1.593,261.163,29.25,NORMAL,100.0,LOW,STABLE,0,NONE,Continue normal monitoring.,10.53,NORMAL
M001,2026-08-17 15:54:05,1.774,226.917,29.25,NORMAL,100.0,LOW,STABLE,0,NONE,Continue normal monitoring.,13.55,NORMAL
M001,2026-08-17 15:54:07,2.023,265.761,29.25,WARNING_VIBRATION,72.0,MEDIUM,FALLING,1,EXCESSIVE_VIBRATION,Inspect motor and rotating components.,23.83,NORMAL
M001,2026-08-17 15:54:09,1.813,264.443,29.25,NORMAL,100.0,LOW,RISING,0,NONE,Continue normal monitoring.,14.64,NORMAL
M001,2026-08-17 15:54:11,1.836,215.986,29.25,NORMAL,100.0,LOW,STABLE,0,NONE,Continue normal monitoring.,19.57,NORMAL
M001,2026-08-17 15:54:13,1.774,325.494,29.25,WARNING_SOUND,72.0,MEDIUM,FALLING,1,MECHANICAL_ABNORMALITY,Inspect mechanical components and sound sources.,27.19,NORMAL
M001,2026-08-17 15:54:16,1.521,247.82,29.25,NORMAL,100.0,LOW,RISING,0,NONE,Continue normal monitoring.,7.46,NORMAL
M001,2026-08-17 15:54:18,1.444,283.583,29.25,WARNING_SOUND,72.0,MEDIUM,FALLING,1,MECHANICAL_ABNORMALITY,Inspect mechanical components and sound sources.,14.26,NORMAL
M001,2026-08-17 15:54:20,1.306,248.377,29.25,NORMAL,100.0,LOW,RISING,0,NONE,Continue normal monitoring.,7.46,NORMAL
M001,2026-08-17 15:54:22,1.689,229.109,29.25,NORMAL,100.0,LOW,STABLE,0,NONE,Continue normal monitoring.,11.99,NORMAL
M001,2026-08-17 15:54:24,1.738,262.785,29.25,WARNING_SOUND,72.0,MEDIUM,FALLING,1,MECHANICAL_ABNORMALITY,Inspect mechanical components and sound sources.,13.51,NORMAL
M001,2026-08-17 15:54:26,2.339,260.784,29.25,NORMAL,100.0,LOW,RISING,0,NONE,Continue normal monitoring.,35.99,NORMAL
M001,2026-08-17 15:54:28,2.133,248.393,29.25,WARNING_VIBRATION,72.0,MEDIUM,FALLING,1,EXCESSIVE_VIBRATION,Inspect motor and rotating components.,25.92,NORMAL
M001,2026-08-17 15:54:30,1.918,245.532,29.25,NORMAL,100.0,LOW,RISING,0,NONE,Continue normal monitoring.,14.46,NORMAL
M001,2026-08-17 15:54:32,1.957,470.909,29.25,CRITICAL_VIB_SOUND,50.0,HIGH,FALLING,1,LOOSE_COMPONENT,Inspect and secure loose components.,59.34,UNKNOWN_ABNORMALITY
M001,2026-08-17 15:54:34,1.385,230.76,29.25,NORMAL,100.0,LOW,RISING,0,NONE,Continue normal monitoring.,8.28,NORMAL
M001,2026-08-17 15:54:36,1.945,252.839,29.25,WARNING_VIBRATION,72.0,MEDIUM,FALLING,1,EXCESSIVE_VIBRATION,Inspect motor and rotating components.,16.58,NORMAL
M001,2026-08-17 15:54:38,1.53,326.511,29.25,NORMAL,100.0,LOW,RISING,0,NONE,Continue normal monitoring.,22.95,NORMAL
M001,2026-08-17 15:54:40,1.531,261.488,29.25,NORMAL,100.0,LOW,STABLE,0,NONE,Continue normal monitoring.,9.64,NORMAL
M001,2026-08-17 15:54:43,1.571,269.93,29.25,NORMAL,100.0,LOW,STABLE,0,NONE,Continue normal monitoring.,13.03,NORMAL
M001,2026-08-17 15:54:45,1.853,307.868,29.25,NORMAL,100.0,LOW,STABLE,0,NONE,Continue normal monitoring.,26.55,NORMAL
M001,2026-08-17 15:54:47,1.347,590.984,29.25,WARNING_VIBRATION,72.0,MEDIUM,FALLING,1,EXCESSIVE_VIBRATION,Inspect motor and rotating components.,66.53,ABNORMAL_SOUND
M001,2026-08-17 15:54:49,2.023,332.324,29.25,NORMAL,100.0,LOW,RISING,0,NONE,Continue normal monitoring.,37.82,NORMAL
M001,2026-08-17 15:54:51,2.204,261.024,29.25,WARNING_VIBRATION,72.0,MEDIUM,FALLING,1,EXCESSIVE_VIBRATION,Inspect motor and rotating components.,30.27,NORMAL
M001,2026-08-17 15:54:53,1.91,282.679,29.25,NORMAL,100.0,LOW,RISING,0,NONE,Continue normal monitoring.,22.29,NORMAL
M001,2026-08-17 15:54:55,1.626,235.22,29.25,NORMAL,100.0,LOW,STABLE,0,NONE,Continue normal monitoring.,9.94,NORMAL
M001,2026-08-17 15:54:57,1.691,237.775,29.25,WARNING_SOUND,72.0,MEDIUM,FALLING,1,MECHANICAL_ABNORMALITY,Inspect mechanical components and sound sources.,11.03,NORMAL
M001,2026-08-17 15:54:59,1.617,235.792,29.25,NORMAL,100.0,LOW,RISING,0,NONE,Continue normal monitoring.,9.67,NORMAL
M001,2026-08-17 15:55:01,1.737,283.507,29.25,WARNING_VIBRATION,72.0,MEDIUM,FALLING,1,EXCESSIVE_VIBRATION,Inspect motor and rotating components.,17.61,NORMAL
M001,2026-08-17 15:55:03,1.822,243.605,29.25,NORMAL,100.0,LOW,RISING,0,NONE,Continue normal monitoring.,11.76,NORMAL
M001,2026-08-17 15:55:05,1.473,238.589,29.25,NORMAL,100.0,LOW,STABLE,0,NONE,Continue normal monitoring.,7.75,NORMAL
M001,2026-08-17 15:55:08,1.532,252.041,29.25,NORMAL,100.0,LOW,STABLE,0,NONE,Continue normal monitoring.,8.06,NORMAL
M001,2026-08-17 15:55:10,1.688,483.557,29.25,WARNING_SOUND,72.0,MEDIUM,FALLING,1,MECHANICAL_ABNORMALITY,Inspect mechanical components and sound sources.,57.17,UNKNOWN_ABNORMALITY
M001,2026-08-17 15:55:12,1.345,269.859,29.25,NORMAL,100.0,LOW,RISING,0,NONE,Continue normal monitoring.,11.13,NORMAL
M001,2026-08-17 15:55:14,1.874,283.302,29.25,NORMAL,100.0,LOW,STABLE,0,NONE,Continue normal monitoring.,21.15,NORMAL
M001,2026-08-17 15:55:16,1.648,289.495,29.25,WARNING_VIBRATION,72.0,MEDIUM,FALLING,1,EXCESSIVE_VIBRATION,Inspect motor and rotating components.,17.88,NORMAL
M001,2026-08-17 15:55:18,1.395,213.396,29.25,NORMAL,100.0,LOW,RISING,0,NONE,Continue normal monitoring.,14.08,NORMAL
M001,2026-08-17 15:55:20,1.61,268.348,29.25,NORMAL,100.0,LOW,STABLE,0,NONE,Continue normal monitoring.,13.35,NORMAL
M001,2026-08-17 15:55:22,2.091,243.404,29.25,WARNING_VIBRATION,72.0,MEDIUM,FALLING,1,EXCESSIVE_VIBRATION,Inspect motor and rotating components.,23.15,NORMAL
M001,2026-08-17 15:55:24,1.979,238.479,29.25,NORMAL,100.0,LOW,RISING,0,NONE,Continue normal monitoring.,19.13,NORMAL
M001,2026-08-17 15:55:26,1.741,394.275,29.25,WARNING_SOUND,72.0,MEDIUM,FALLING,1,MECHANICAL_ABNORMALITY,Inspect mechanical components and sound sources.,43.67,NORMAL
M001,2026-08-17 15:55:28,1.478,327.374,29.25,NORMAL,100.0,LOW,RISING,0,NONE,Continue normal monitoring.,21.95,NORMAL
M001,2026-08-17 15:55:30,1.801,290.381,29.25,NORMAL,100.0,LOW,STABLE,0,NONE,Continue normal monitoring.,19.9,NORMAL
M001,2026-08-17 15:55:32,2.017,351.724,29.25,WARNING_SOUND,72.0,MEDIUM,FALLING,1,MECHANICAL_ABNORMALITY,Inspect mechanical components and sound sources.,43.2,NORMAL
M001,2026-08-17 15:55:35,1.692,233.102,29.25,NORMAL,100.0,LOW,RISING,0,NONE,Continue normal monitoring.,11.42,NORMAL
M001,2026-08-17 15:55:37,1.811,237.707,29.25,WARNING_VIBRATION,72.0,MEDIUM,FALLING,1,EXCESSIVE_VIBRATION,Inspect motor and rotating components.,11.95,NORMAL
M001,2026-08-17 15:55:39,1.392,356.797,29.25,NORMAL,100.0,LOW,RISING,0,NONE,Continue normal monitoring.,28.88,NORMAL
M001,2026-08-17 15:55:41,2.091,218.497,29.25,WARNING_VIBRATION,72.0,MEDIUM,FALLING,1,EXCESSIVE_VIBRATION,Inspect motor and rotating components.,28.25,NORMAL
M001,2026-08-17 15:55:43,2.033,337.51,29.25,WARNING_VIBRATION,72.0,MEDIUM,STABLE,1,EXCESSIVE_VIBRATION,Inspect motor and rotating components.,39.58,NORMAL
M001,2026-08-17 15:55:45,1.476,265.946,29.25,NORMAL,100.0,LOW,RISING,0,NONE,Continue normal monitoring.,10.94,NORMAL
M001,2026-08-17 15:55:47,1.935,251.682,29.25,WARNING_VIBRATION,72.0,MEDIUM,FALLING,1,EXCESSIVE_VIBRATION,Inspect motor and rotating components.,15.35,NORMAL
M001,2026-08-17 15:55:49,1.966,254.602,29.25,NORMAL,100.0,LOW,RISING,0,NONE,Continue normal monitoring.,17.19,NORMAL
M001,2026-08-17 15:55:51,2.083,238.378,29.25,WARNING_VIBRATION,72.0,MEDIUM,FALLING,1,EXCESSIVE_VIBRATION,Inspect motor and rotating components.,23.63,NORMAL
M001,2026-08-17 15:55:53,1.915,286.392,29.25,NORMAL,100.0,LOW,RISING,0,NONE,Continue normal monitoring.,23.08,NORMAL
M001,2026-08-17 15:55:55,1.932,222.346,29.0,WARNING_VIBRATION,72.0,MEDIUM,FALLING,1,EXCESSIVE_VIBRATION,Inspect motor and rotating components.,17.89,NORMAL
M001,2026-08-17 15:55:58,2.07,237.56,29.25,WARNING_VIBRATION,72.0,MEDIUM,STABLE,1,EXCESSIVE_VIBRATION,Inspect motor and rotating components.,23.24,NORMAL
M001,2026-08-17 15:56:00,1.916,251.204,29.25,NORMAL,100.0,LOW,RISING,0,NONE,Continue normal monitoring.,14.31,NORMAL
M001,2026-08-17 15:56:02,1.557,248.716,29.25,NORMAL,100.0,LOW,STABLE,0,NONE,Continue normal monitoring.,8.04,NORMAL
M001,2026-08-17 15:56:04,1.859,214.93,29.25,WARNING_VIBRATION,72.0,MEDIUM,FALLING,1,EXCESSIVE_VIBRATION,Inspect motor and rotating components.,20.43,NORMAL
M001,2026-08-17 15:56:06,1.888,234.371,29.25,NORMAL,100.0,LOW,RISING,0,NONE,Continue normal monitoring.,15.03,NORMAL
M001,2026-08-17 15:56:08,1.788,259.16,29.25,NORMAL,100.0,LOW,STABLE,0,NONE,Continue normal monitoring.,12.22,NORMAL
M001,2026-08-17 15:56:10,2.224,223.253,29.25,WARNING_VIBRATION,72.0,MEDIUM,FALLING,1,EXCESSIVE_VIBRATION,Inspect motor and rotating components.,32.9,NORMAL
M001,2026-08-17 15:56:12,1.556,247.255,29.25,NORMAL,100.0,LOW,RISING,0,NONE,Continue normal monitoring.,7.4,NORMAL
M001,2026-08-17 15:56:14,1.562,247.604,29.25,NORMAL,100.0,LOW,STABLE,0,NONE,Continue normal monitoring.,7.84,NORMAL
M001,2026-08-17 15:56:16,1.879,245.26,29.25,WARNING_VIBRATION,72.0,MEDIUM,FALLING,1,EXCESSIVE_VIBRATION,Inspect motor and rotating components.,13.67,NORMAL
M001,2026-08-17 15:56:18,2.132,268.831,29.25,NORMAL,100.0,LOW,RISING,0,NONE,Continue normal monitoring.,31.05,NORMAL
M001,2026-08-17 15:56:20,1.766,247.871,29.25,NORMAL,100.0,LOW,STABLE,0,NONE,Continue normal monitoring.,10.54,NORMAL
M001,2026-08-17 15:56:22,1.325,237.858,29.25,NORMAL,100.0,LOW,STABLE,0,NONE,Continue normal monitoring.,7.15,NORMAL
M001,2026-08-17 15:56:24,1.496,225.844,29.25,NORMAL,100.0,LOW,STABLE,0,NONE,Continue normal monitoring.,10.21,NORMAL
M001,2026-08-17 15:56:27,2.497,242.23,29.25,WARNING_VIBRATION,72.0,MEDIUM,FALLING,1,EXCESSIVE_VIBRATION,Inspect motor and rotating components.,42.47,NORMAL
M001,2026-08-17 15:56:29,1.969,254.732,29.25,NORMAL,100.0,LOW,RISING,0,NONE,Continue normal monitoring.,17.19,NORMAL
M001,2026-08-17 15:56:31,1.911,258.559,29.25,NORMAL,100.0,LOW,STABLE,0,NONE,Continue normal monitoring.,15.6,NORMAL
M001,2026-08-17 15:56:33,1.76,262.937,29.25,NORMAL,100.0,LOW,STABLE,0,NONE,Continue normal monitoring.,13.08,NORMAL
M001,2026-08-17 15:56:35,1.885,283.212,29.25,WARNING_VIBRATION,72.0,MEDIUM,FALLING,1,EXCESSIVE_VIBRATION,Inspect motor and rotating components.,21.75,NORMAL
M001,2026-08-17 15:56:37,3.198,311.743,29.25,NORMAL,100.0,LOW,RISING,0,NONE,Continue normal monitoring.,59.18,EXCESSIVE_VIBRATION
M001,2026-08-17 15:56:39,2.004,207.36,29.25,WARNING_VIBRATION,72.0,MEDIUM,FALLING,1,EXCESSIVE_VIBRATION,Inspect motor and rotating components.,28.02,NORMAL
M001,2026-08-17 15:56:41,2.161,219.016,29.25,NORMAL,100.0,LOW,RISING,0,NONE,Continue normal monitoring.,31.46,NORMAL
M001,2026-08-17 15:56:43,2.683,231.692,29.25,WARNING_VIBRATION,72.0,MEDIUM,FALLING,1,EXCESSIVE_VIBRATION,Inspect motor and rotating components.,47.68,NORMAL
M001,2026-08-17 15:56:45,1.903,257.761,29.25,NORMAL,100.0,LOW,RISING,0,NONE,Continue normal monitoring.,14.97,NORMAL
M001,2026-08-17 15:56:47,0.747,345.625,29.25,NORMAL,100.0,LOW,STABLE,0,NONE,Continue normal monitoring.,24.19,NORMAL
M001,2026-08-17 15:56:49,1.372,479.668,29.25,WARNING_SOUND,72.0,MEDIUM,FALLING,1,MECHANICAL_ABNORMALITY,Inspect mechanical components and sound sources.,53.26,UNKNOWN_ABNORMALITY
M001,2026-08-17 15:56:52,1.408,235.936,29.25,NORMAL,100.0,LOW,RISING,0,NONE,Continue normal monitoring.,7.67,NORMAL
M001,2026-08-17 15:56:54,1.894,271.312,29.25,NORMAL,100.0,LOW,STABLE,0,NONE,Continue normal monitoring.,19.83,NORMAL
M001,2026-08-17 15:56:56,2.173,260.912,29.25,WARNING_VIBRATION,72.0,MEDIUM,FALLING,1,EXCESSIVE_VIBRATION,Inspect motor and rotating components.,29.43,NORMAL
M001,2026-08-17 15:56:58,1.926,224.283,29.25,NORMAL,100.0,LOW,RISING,0,NONE,Continue normal monitoring.,18.87,NORMAL
M001,2026-08-17 15:57:00,1.759,251.917,29.25,WARNING_VIBRATION,72.0,MEDIUM,FALLING,1,EXCESSIVE_VIBRATION,Inspect motor and rotating components.,10.71,NORMAL
M001,2026-08-17 15:57:02,1.971,234.94,29.25,NORMAL,100.0,LOW,RISING,0,NONE,Continue normal monitoring.,18.61,NORMAL
M001,2026-08-17 15:57:04,1.861,236.461,29.25,NORMAL,100.0,LOW,STABLE,0,NONE,Continue normal monitoring.,14.08,NORMAL
M001,2026-08-17 15:57:06,2.081,227.965,29.25,WARNING_SOUND,72.0,MEDIUM,FALLING,1,MECHANICAL_ABNORMALITY,Inspect mechanical components and sound sources.,25.18,NORMAL
M001,2026-08-17 15:57:08,1.623,219.897,29.25,NORMAL,100.0,LOW,RISING,0,NONE,Continue normal monitoring.,14.09,NORMAL
M001,2026-08-17 15:57:10,1.977,237.499,29.25,NORMAL,100.0,LOW,STABLE,0,NONE,Continue normal monitoring.,19.07,NORMAL
M001,2026-08-17 15:57:12,1.765,268.411,29.25,WARNING_VIBRATION,72.0,MEDIUM,FALLING,1,EXCESSIVE_VIBRATION,Inspect motor and rotating components.,14.81,NORMAL
M001,2026-08-17 15:57:14,2.281,245.607,29.25,NORMAL,100.0,LOW,RISING,0,NONE,Continue normal monitoring.,31.01,NORMAL
M001,2026-08-17 15:57:16,1.632,234.089,29.25,WARNING_VIBRATION,72.0,MEDIUM,FALLING,1,EXCESSIVE_VIBRATION,Inspect motor and rotating components.,9.44,NORMAL
M001,2026-08-17 15:57:19,1.918,619.321,29.25,NORMAL,100.0,LOW,RISING,0,NONE,Continue normal monitoring.,72.62,ABNORMAL_SOUND
M001,2026-08-17 15:57:21,1.362,322.128,29.25,WARNING_SOUND,72.0,MEDIUM,FALLING,1,MECHANICAL_ABNORMALITY,Inspect mechanical components and sound sources.,20.73,NORMAL
M001,2026-08-17 15:57:23,0.99,264.115,29.25,NORMAL,100.0,LOW,RISING,0,NONE,Continue normal monitoring.,8.39,NORMAL
M001,2026-08-17 15:57:25,1.286,274.778,29.25,WARNING_VIBRATION,72.0,MEDIUM,FALLING,1,EXCESSIVE_VIBRATION,Inspect motor and rotating components.,11.6,NORMAL
M001,2026-08-17 15:57:27,1.79,226.85,29.25,NORMAL,100.0,LOW,RISING,0,NONE,Continue normal monitoring.,13.67,NORMAL
M001,2026-08-17 15:57:29,1.112,213.352,29.25,WARNING_VIBRATION,72.0,MEDIUM,FALLING,1,EXCESSIVE_VIBRATION,Inspect motor and rotating components.,13.32,NORMAL
M001,2026-08-17 15:57:31,1.472,236.344,29.25,NORMAL,100.0,LOW,RISING,0,NONE,Continue normal monitoring.,7.88,NORMAL
M001,2026-08-17 15:57:33,2.639,246.779,29.25,WARNING_VIBRATION,72.0,MEDIUM,FALLING,1,EXCESSIVE_VIBRATION,Inspect motor and rotating components.,45.16,NORMAL
M001,2026-08-17 15:57:35,1.588,257.153,29.25,NORMAL,100.0,LOW,RISING,0,NONE,Continue normal monitoring.,9.39,NORMAL
M001,2026-08-17 15:57:37,1.695,239.093,29.25,WARNING_VIBRATION,72.0,MEDIUM,FALLING,1,EXCESSIVE_VIBRATION,Inspect motor and rotating components.,10.93,NORMAL
M001,2026-08-17 15:57:39,2.092,243.34,29.25,NORMAL,100.0,LOW,RISING,0,NONE,Continue normal monitoring.,23.15,NORMAL
M001,2026-08-17 15:57:41,2.258,245.874,29.25,WARNING_VIBRATION,72.0,MEDIUM,FALLING,1,EXCESSIVE_VIBRATION,Inspect motor and rotating components.,29.6,NORMAL
M001,2026-08-17 15:57:44,1.981,263.092,29.25,NORMAL,100.0,LOW,RISING,0,NONE,Continue normal monitoring.,20.61,NORMAL
M001,2026-08-17 15:57:46,2.457,257.36,29.25,WARNING_VIBRATION,72.0,MEDIUM,FALLING,1,EXCESSIVE_VIBRATION,Inspect motor and rotating components.,40.67,NORMAL
M001,2026-08-17 15:57:48,2.358,226.633,29.25,WARNING_VIBRATION,72.0,MEDIUM,STABLE,1,EXCESSIVE_VIBRATION,Inspect motor and rotating components.,38.35,NORMAL
M001,2026-08-17 15:57:50,1.699,257.945,29.25,NORMAL,100.0,LOW,RISING,0,NONE,Continue normal monitoring.,11.25,NORMAL
M001,2026-08-17 15:57:52,1.795,248.688,29.25,NORMAL,100.0,LOW,STABLE,0,NONE,Continue normal monitoring.,11.65,NORMAL
M001,2026-08-17 15:57:54,1.485,197.836,29.25,NORMAL,100.0,LOW,STABLE,0,NONE,Continue normal monitoring.,22.55,NORMAL
M001,2026-08-17 15:57:56,1.524,249.031,29.25,NORMAL,100.0,LOW,STABLE,0,NONE,Continue normal monitoring.,7.77,NORMAL
M001,2026-08-17 15:57:58,1.773,248.733,29.25,WARNING_VIBRATION,72.0,MEDIUM,FALLING,1,EXCESSIVE_VIBRATION,Inspect motor and rotating components.,11.43,NORMAL
M001,2026-08-17 15:58:00,1.846,252.894,29.25,NORMAL,100.0,LOW,RISING,0,NONE,Continue normal monitoring.,13.54,NORMAL
M001,2026-08-17 15:58:02,2.371,239.18,29.25,WARNING_VIBRATION,72.0,MEDIUM,FALLING,1,EXCESSIVE_VIBRATION,Inspect motor and rotating components.,36.33,NORMAL
M001,2026-08-17 15:58:04,2.038,261.0,29.25,NORMAL,100.0,LOW,RISING,0,NONE,Continue normal monitoring.,21.87,NORMAL
M001,2026-08-17 15:58:06,1.556,264.507,29.25,WARNING_VIBRATION,72.0,MEDIUM,FALLING,1,EXCESSIVE_VIBRATION,Inspect motor and rotating components.,10.96,NORMAL
M001,2026-08-17 15:58:09,1.794,223.441,29.25,NORMAL,100.0,LOW,RISING,0,NONE,Continue normal monitoring.,14.95,NORMAL
M001,2026-08-17 15:58:11,1.931,219.86,29.25,WARNING_VIBRATION,72.0,MEDIUM,FALLING,1,EXCESSIVE_VIBRATION,Inspect motor and rotating components.,20.47,NORMAL
M001,2026-08-17 15:58:13,1.329,257.427,29.25,NORMAL,100.0,LOW,RISING,0,NONE,Continue normal monitoring.,7.16,NORMAL
M001,2026-08-17 15:58:15,2.111,235.412,29.25,WARNING_VIBRATION,72.0,MEDIUM,FALLING,1,EXCESSIVE_VIBRATION,Inspect motor and rotating components.,25.32,NORMAL
M001,2026-08-17 15:58:17,2.238,233.591,29.25,WARNING_VIBRATION,72.0,MEDIUM,STABLE,1,EXCESSIVE_VIBRATION,Inspect motor and rotating components.,30.62,NORMAL
M001,2026-08-17 15:58:19,2.093,252.922,29.25,NORMAL,100.0,LOW,RISING,0,NONE,Continue normal monitoring.,24.23,NORMAL
M001,2026-08-17 15:58:21,2.272,257.244,29.25,WARNING_VIBRATION,72.0,MEDIUM,FALLING,1,EXCESSIVE_VIBRATION,Inspect motor and rotating components.,32.03,NORMAL
M001,2026-08-17 15:58:23,1.704,260.235,29.25,NORMAL,100.0,LOW,RISING,0,NONE,Continue normal monitoring.,12.11,NORMAL
M001,2026-08-17 15:58:25,2.221,236.012,29.25,WARNING_VIBRATION,72.0,MEDIUM,FALLING,1,EXCESSIVE_VIBRATION,Inspect motor and rotating components.,29.67,NORMAL
M001,2026-08-17 15:58:27,2.067,241.456,29.25,NORMAL,100.0,LOW,RISING,0,NONE,Continue normal monitoring.,22.74,NORMAL
M001,2026-08-17 15:58:29,2.114,246.579,29.25,WARNING_VIBRATION,72.0,MEDIUM,FALLING,1,EXCESSIVE_VIBRATION,Inspect motor and rotating components.,24.5,NORMAL
M001,2026-08-17 15:58:31,2.313,241.917,29.25,WARNING_VIBRATION,72.0,MEDIUM,STABLE,1,EXCESSIVE_VIBRATION,Inspect motor and rotating components.,33.86,NORMAL
M001,2026-08-17 15:58:33,1.578,245.564,29.25,NORMAL,100.0,LOW,RISING,0,NONE,Continue normal monitoring.,8.56,NORMAL
M001,2026-08-17 15:58:36,1.111,217.562,29.25,NORMAL,100.0,LOW,STABLE,0,NONE,Continue normal monitoring.,11.78,NORMAL
M001,2026-08-17 15:58:38,1.778,203.188,29.25,NORMAL,100.0,LOW,STABLE,0,NONE,Continue normal monitoring.,23.32,NORMAL
M001,2026-08-17 15:58:40,1.581,227.602,29.25,NORMAL,100.0,LOW,STABLE,0,NONE,Continue normal monitoring.,11.1,NORMAL
M001,2026-08-17 15:58:42,1.477,229.587,29.25,NORMAL,100.0,LOW,STABLE,0,NONE,Continue normal monitoring.,8.45,NORMAL
M001,2026-08-17 15:58:44,1.79,243.573,29.25,WARNING_VIBRATION,72.0,MEDIUM,FALLING,1,EXCESSIVE_VIBRATION,Inspect motor and rotating components.,10.61,NORMAL
M001,2026-08-17 15:58:46,2.014,221.706,29.25,NORMAL,100.0,LOW,RISING,0,NONE,Continue normal monitoring.,24.56,NORMAL
M001,2026-08-17 15:58:48,2.143,261.079,29.25,WARNING_VIBRATION,72.0,MEDIUM,FALLING,1,EXCESSIVE_VIBRATION,Inspect motor and rotating components.,28.13,NORMAL
M001,2026-08-17 15:58:50,2.164,237.609,29.25,NORMAL,100.0,LOW,RISING,0,NONE,Continue normal monitoring.,27.28,NORMAL
M001,2026-08-17 15:58:52,1.691,263.553,29.25,NORMAL,100.0,LOW,STABLE,0,NONE,Continue normal monitoring.,13.26,NORMAL
M001,2026-08-17 15:58:54,1.385,220.817,29.25,WARNING_VIBRATION,72.0,MEDIUM,FALLING,1,EXCESSIVE_VIBRATION,Inspect motor and rotating components.,11.43,NORMAL
M001,2026-08-17 15:58:56,1.703,224.519,29.25,NORMAL,100.0,LOW,RISING,0,NONE,Continue normal monitoring.,13.73,NORMAL
M001,2026-08-17 15:58:58,1.997,274.224,29.25,WARNING_VIBRATION,72.0,MEDIUM,FALLING,1,EXCESSIVE_VIBRATION,Inspect motor and rotating components.,24.47,NORMAL
M001,2026-08-17 15:59:01,1.669,271.713,29.25,NORMAL,100.0,LOW,RISING,0,NONE,Continue normal monitoring.,14.53,NORMAL
M001,2026-08-17 15:59:03,1.77,224.77,29.25,NORMAL,100.0,LOW,STABLE,0,NONE,Continue normal monitoring.,13.97,NORMAL
M001,2026-08-17 15:59:05,2.205,264.596,29.25,WARNING_VIBRATION,72.0,MEDIUM,FALLING,1,EXCESSIVE_VIBRATION,Inspect motor and rotating components.,31.64,NORMAL
M001,2026-08-17 15:59:07,1.813,264.857,29.25,NORMAL,100.0,LOW,RISING,0,NONE,Continue normal monitoring.,14.81,NORMAL
M001,2026-08-17 15:59:09,1.734,223.566,29.25,NORMAL,100.0,LOW,STABLE,0,NONE,Continue normal monitoring.,14.37,NORMAL
M001,2026-08-17 15:59:11,1.86,216.974,29.25,WARNING_VIBRATION,72.0,MEDIUM,FALLING,1,EXCESSIVE_VIBRATION,Inspect motor and rotating components.,19.84,NORMAL
M001,2026-08-17 15:59:13,1.933,211.052,29.25,NORMAL,100.0,LOW,RISING,0,NONE,Continue normal monitoring.,23.38,NORMAL
M001,2026-08-17 15:59:17,2.111,255.746,29.25,WARNING_VIBRATION,72.0,MEDIUM,FALLING,1,EXCESSIVE_VIBRATION,Inspect motor and rotating components.,24.53,NORMAL
M001,2026-08-17 15:59:17,1.748,264.432,29.25,NORMAL,100.0,LOW,RISING,0,NONE,Continue normal monitoring.,13.52,NORMAL
M001,2026-08-17 15:59:19,2.257,229.362,29.25,WARNING_VIBRATION,72.0,MEDIUM,FALLING,1,EXCESSIVE_VIBRATION,Inspect motor and rotating components.,31.98,NORMAL
M001,2026-08-17 15:59:21,2.375,214.719,29.25,WARNING_VIBRATION,72.0,MEDIUM,STABLE,1,EXCESSIVE_VIBRATION,Inspect motor and rotating components.,40.87,NORMAL
M001,2026-08-17 15:59:23,2.184,264.191,29.25,NORMAL,100.0,LOW,RISING,0,NONE,Continue normal monitoring.,30.83,NORMAL
M001,2026-08-17 15:59:25,2.786,228.12,29.25,WARNING_VIBRATION,72.0,MEDIUM,FALLING,1,EXCESSIVE_VIBRATION,Inspect motor and rotating components.,49.55,NORMAL
M001,2026-08-17 15:59:28,2.141,228.118,29.25,WARNING_VIBRATION,72.0,MEDIUM,STABLE,1,EXCESSIVE_VIBRATION,Inspect motor and rotating components.,27.53,NORMAL
M001,2026-08-17 15:59:30,2.425,242.24,29.25,WARNING_VIBRATION,72.0,MEDIUM,STABLE,1,EXCESSIVE_VIBRATION,Inspect motor and rotating components.,38.37,NORMAL
M001,2026-08-17 15:59:32,2.102,251.45,29.25,WARNING_VIBRATION,72.0,MEDIUM,STABLE,1,EXCESSIVE_VIBRATION,Inspect motor and rotating components.,24.43,NORMAL
M001,2026-08-17 15:59:34,1.806,237.3,29.25,NORMAL,100.0,LOW,RISING,0,NONE,Continue normal monitoring.,11.78,NORMAL
M001,2026-08-17 15:59:36,2.222,216.441,29.25,WARNING_VIBRATION,72.0,MEDIUM,FALLING,1,EXCESSIVE_VIBRATION,Inspect motor and rotating components.,34.32,NORMAL
M001,2026-08-17 15:59:38,2.477,248.021,29.25,NORMAL,100.0,LOW,RISING,0,NONE,Continue normal monitoring.,40.8,NORMAL
M001,2026-08-17 15:59:40,2.216,243.228,29.25,WARNING_VIBRATION,72.0,MEDIUM,FALLING,1,EXCESSIVE_VIBRATION,Inspect motor and rotating components.,28.51,NORMAL
M001,2026-08-17 15:59:42,2.161,261.115,29.25,NORMAL,100.0,LOW,RISING,0,NONE,Continue normal monitoring.,28.72,NORMAL
M001,2026-08-17 15:59:44,2.105,216.141,29.25,WARNING_VIBRATION,72.0,MEDIUM,FALLING,1,EXCESSIVE_VIBRATION,Inspect motor and rotating components.,30.09,NORMAL
M001,2026-08-17 15:59:46,2.289,236.509,29.25,WARNING_VIBRATION,72.0,MEDIUM,STABLE,1,EXCESSIVE_VIBRATION,Inspect motor and rotating components.,33.4,NORMAL
M001,2026-08-17 15:59:48,2.051,222.504,29.25,NORMAL,100.0,LOW,RISING,0,NONE,Continue normal monitoring.,25.31,NORMAL
M001,2026-08-17 15:59:50,1.807,232.717,29.25,WARNING_VIBRATION,72.0,MEDIUM,FALLING,1,EXCESSIVE_VIBRATION,Inspect motor and rotating components.,12.3,NORMAL
M001,2026-08-17 15:59:53,1.841,261.631,29.25,NORMAL,100.0,LOW,RISING,0,NONE,Continue normal monitoring.,14.84,NORMAL
M001,2026-08-17 15:59:55,1.882,233.122,29.25,WARNING_VIBRATION,72.0,MEDIUM,FALLING,1,EXCESSIVE_VIBRATION,Inspect motor and rotating components.,15.24,NORMAL
M001,2026-08-17 15:59:57,2.455,270.96,29.25,WARNING_VIBRATION,72.0,MEDIUM,STABLE,1,EXCESSIVE_VIBRATION,Inspect motor and rotating components.,44.65,NORMAL
M001,2026-08-17 15:59:59,2.686,241.648,29.25,WARNING_VIBRATION,72.0,MEDIUM,STABLE,1,EXCESSIVE_VIBRATION,Inspect motor and rotating components.,46.67,NORMAL
M001,2026-08-17 16:00:01,2.719,209.696,29.25,WARNING_VIBRATION,72.0,MEDIUM,STABLE,1,EXCESSIVE_VIBRATION,Inspect motor and rotating components.,53.0,UNKNOWN_ABNORMALITY
M001,2026-08-17 16:00:03,2.432,231.627,29.25,WARNING_VIBRATION,72.0,MEDIUM,STABLE,1,EXCESSIVE_VIBRATION,Inspect motor and rotating components.,39.47,NORMAL
M001,2026-08-17 16:00:05,2.225,243.513,29.25,WARNING_VIBRATION,72.0,MEDIUM,STABLE,1,EXCESSIVE_VIBRATION,Inspect motor and rotating components.,28.55,NORMAL
M001,2026-08-17 16:00:07,2.407,245.321,29.25,WARNING_VIBRATION,72.0,MEDIUM,STABLE,1,EXCESSIVE_VIBRATION,Inspect motor and rotating components.,37.63,NORMAL
M001,2026-08-17 16:00:09,2.289,224.583,29.25,NORMAL,100.0,LOW,RISING,0,NONE,Continue normal monitoring.,36.2,NORMAL
M001,2026-08-17 16:00:11,2.765,219.26,29.25,WARNING_VIBRATION,72.0,MEDIUM,FALLING,1,EXCESSIVE_VIBRATION,Inspect motor and rotating components.,51.52,UNKNOWN_ABNORMALITY
M001,2026-08-17 16:00:13,1.885,259.267,29.25,NORMAL,100.0,LOW,RISING,0,NONE,Continue normal monitoring.,15.48,NORMAL
M001,2026-08-17 16:00:15,1.68,245.59,29.25,NORMAL,100.0,LOW,STABLE,0,NONE,Continue normal monitoring.,9.73,NORMAL
M001,2026-08-17 16:00:17,1.249,229.007,29.25,WARNING_VIBRATION,72.0,MEDIUM,FALLING,1,EXCESSIVE_VIBRATION,Inspect motor and rotating components.,7.73,NORMAL
M001,2026-08-17 16:00:20,1.537,223.475,29.25,NORMAL,100.0,LOW,RISING,0,NONE,Continue normal monitoring.,11.17,NORMAL
M001,2026-08-17 16:00:22,2.079,213.495,29.25,WARNING_VIBRATION,72.0,MEDIUM,FALLING,1,EXCESSIVE_VIBRATION,Inspect motor and rotating components.,29.41,NORMAL
M001,2026-08-17 16:00:24,1.964,248.784,29.25,NORMAL,100.0,LOW,RISING,0,NONE,Continue normal monitoring.,17.1,NORMAL
M001,2026-08-17 16:00:26,1.796,238.51,29.25,NORMAL,100.0,LOW,STABLE,0,NONE,Continue normal monitoring.,11.37,NORMAL
M001,2026-08-17 16:00:28,1.76,253.416,29.25,NORMAL,100.0,LOW,STABLE,0,NONE,Continue normal monitoring.,10.85,NORMAL
M001,2026-08-17 16:00:30,1.7,247.464,29.25,NORMAL,100.0,LOW,STABLE,0,NONE,Continue normal monitoring.,10.59,NORMAL
M001,2026-08-17 16:00:32,1.627,248.938,29.25,NORMAL,100.0,LOW,STABLE,0,NONE,Continue normal monitoring.,9.4,NORMAL
M001,2026-08-17 16:00:34,1.82,257.152,29.25,NORMAL,100.0,LOW,STABLE,0,NONE,Continue normal monitoring.,12.29,NORMAL
M001,2026-08-17 16:00:36,1.843,247.967,29.25,NORMAL,100.0,LOW,STABLE,0,NONE,Continue normal monitoring.,13.0,NORMAL
M001,2026-08-17 16:00:38,2.619,244.796,29.25,WARNING_VIBRATION,72.0,MEDIUM,FALLING,1,EXCESSIVE_VIBRATION,Inspect motor and rotating components.,45.06,NORMAL
M001,2026-08-17 16:00:40,1.575,228.994,29.25,NORMAL,100.0,LOW,RISING,0,NONE,Continue normal monitoring.,10.16,NORMAL
M001,2026-08-17 16:00:42,2.207,236.455,29.25,WARNING_VIBRATION,72.0,MEDIUM,FALLING,1,EXCESSIVE_VIBRATION,Inspect motor and rotating components.,29.48,NORMAL
M001,2026-08-17 16:00:45,2.386,239.998,29.25,NORMAL,100.0,LOW,RISING,0,NONE,Continue normal monitoring.,37.25,NORMAL
M001,2026-08-17 16:00:47,2.074,226.027,29.25,WARNING_VIBRATION,72.0,MEDIUM,FALLING,1,EXCESSIVE_VIBRATION,Inspect motor and rotating components.,25.46,NORMAL
M001,2026-08-17 16:00:49,2.025,206.006,29.25,NORMAL,100.0,LOW,RISING,0,NONE,Continue normal monitoring.,30.62,NORMAL
M001,2026-08-17 16:00:51,2.103,248.421,29.25,WARNING_VIBRATION,72.0,MEDIUM,FALLING,1,EXCESSIVE_VIBRATION,Inspect motor and rotating components.,25.04,NORMAL
M001,2026-08-17 16:00:53,1.891,236.398,29.25,NORMAL,100.0,LOW,RISING,0,NONE,Continue normal monitoring.,14.94,NORMAL
M001,2026-08-17 16:00:55,2.213,244.003,29.25,WARNING_VIBRATION,72.0,MEDIUM,FALLING,1,EXCESSIVE_VIBRATION,Inspect motor and rotating components.,28.73,NORMAL
M001,2026-08-17 16:00:57,2.002,247.293,29.25,WARNING_VIBRATION,72.0,MEDIUM,STABLE,1,EXCESSIVE_VIBRATION,Inspect motor and rotating components.,19.38,NORMAL
M001,2026-08-17 16:01:00,1.942,217.635,29.25,NORMAL,100.0,LOW,RISING,0,NONE,Continue normal monitoring.,21.28,NORMAL
M001,2026-08-17 16:01:01,1.585,224.036,29.25,NORMAL,100.0,LOW,STABLE,0,NONE,Continue normal monitoring.,11.99,NORMAL
M001,2026-08-17 16:01:03,2.072,246.986,29.25,WARNING_VIBRATION,72.0,MEDIUM,FALLING,1,EXCESSIVE_VIBRATION,Inspect motor and rotating components.,22.32,NORMAL
M001,2026-08-17 16:01:05,2.897,250.715,29.25,WARNING_VIBRATION,72.0,MEDIUM,STABLE,1,EXCESSIVE_VIBRATION,Inspect motor and rotating components.,49.2,NORMAL
M001,2026-08-17 16:01:07,2.114,249.447,29.25,NORMAL,100.0,LOW,RISING,0,NONE,Continue normal monitoring.,25.24,NORMAL
M001,2026-08-17 16:01:09,2.418,248.335,29.25,WARNING_VIBRATION,72.0,MEDIUM,FALLING,1,EXCESSIVE_VIBRATION,Inspect motor and rotating components.,37.98,NORMAL
M001,2026-08-17 16:01:12,2.116,237.246,29.25,WARNING_VIBRATION,72.0,MEDIUM,STABLE,1,EXCESSIVE_VIBRATION,Inspect motor and rotating components.,25.77,NORMAL
M001,2026-08-17 16:01:14,2.029,214.574,29.25,WARNING_VIBRATION,72.0,MEDIUM,STABLE,1,EXCESSIVE_VIBRATION,Inspect motor and rotating components.,26.58,NORMAL
M001,2026-08-17 16:01:16,2.543,253.522,29.25,NORMAL,100.0,LOW,RISING,0,NONE,Continue normal monitoring.,44.09,NORMAL
M001,2026-08-17 16:01:18,2.209,223.857,29.25,WARNING_VIBRATION,72.0,MEDIUM,FALLING,1,EXCESSIVE_VIBRATION,Inspect motor and rotating components.,32.78,NORMAL
M001,2026-08-17 16:01:20,1.86,258.524,29.25,NORMAL,100.0,LOW,RISING,0,NONE,Continue normal monitoring.,14.04,NORMAL
M001,2026-08-17 16:01:22,2.064,255.348,29.25,WARNING_VIBRATION,72.0,MEDIUM,FALLING,1,EXCESSIVE_VIBRATION,Inspect motor and rotating components.,22.02,NORMAL
M001,2026-08-17 16:01:24,2.405,228.565,29.25,WARNING_VIBRATION,72.0,MEDIUM,STABLE,1,EXCESSIVE_VIBRATION,Inspect motor and rotating components.,40.21,NORMAL
M001,2026-08-17 16:01:26,1.77,258.618,29.25,NORMAL,100.0,LOW,RISING,0,NONE,Continue normal monitoring.,11.58,NORMAL
M001,2026-08-17 16:01:28,2.189,319.848,29.0,WARNING_SOUND,72.0,MEDIUM,FALLING,1,MECHANICAL_ABNORMALITY,Inspect mechanical components and sound sources.,43.03,NORMAL
M001,2026-08-17 16:01:30,1.922,246.724,29.0,NORMAL,100.0,LOW,RISING,0,NONE,Continue normal monitoring.,12.38,NORMAL
M001,2026-08-17 16:01:32,2.134,277.868,29.25,WARNING_VIBRATION,72.0,MEDIUM,FALLING,1,EXCESSIVE_VIBRATION,Inspect motor and rotating components.,32.96,NORMAL
M001,2026-08-17 16:01:34,2.213,249.197,29.25,WARNING_VIBRATION,72.0,MEDIUM,STABLE,1,EXCESSIVE_VIBRATION,Inspect motor and rotating components.,28.33,NORMAL
M001,2026-08-17 16:01:37,1.695,243.474,29.25,NORMAL,100.0,LOW,RISING,0,NONE,Continue normal monitoring.,10.37,NORMAL
M001,2026-08-17 16:01:39,1.935,240.435,29.25,NORMAL,100.0,LOW,STABLE,0,NONE,Continue normal monitoring.,16.08,NORMAL
M001,2026-08-17 16:01:41,1.92,259.224,29.25,WARNING_VIBRATION,72.0,MEDIUM,FALLING,1,EXCESSIVE_VIBRATION,Inspect motor and rotating components.,16.17,NORMAL
M001,2026-08-17 16:01:43,2.434,236.643,29.25,WARNING_VIBRATION,72.0,MEDIUM,STABLE,1,EXCESSIVE_VIBRATION,Inspect motor and rotating components.,39.61,NORMAL
M001,2026-08-17 16:01:45,2.14,212.655,29.25,NORMAL,100.0,LOW,RISING,0,NONE,Continue normal monitoring.,32.06,NORMAL
M001,2026-08-17 16:01:47,1.761,250.004,29.25,WARNING_VIBRATION,72.0,MEDIUM,FALLING,1,EXCESSIVE_VIBRATION,Inspect motor and rotating components.,10.78,NORMAL
M001,2026-08-17 16:01:49,2.227,248.259,29.25,WARNING_VIBRATION,72.0,MEDIUM,STABLE,1,EXCESSIVE_VIBRATION,Inspect motor and rotating components.,29.13,NORMAL
M001,2026-08-17 16:01:51,2.102,248.662,29.25,NORMAL,100.0,LOW,RISING,0,NONE,Continue normal monitoring.,24.98,NORMAL
M001,2026-08-17 16:01:54,1.966,278.47,29.25,NORMAL,100.0,LOW,STABLE,0,NONE,Continue normal monitoring.,23.79,NORMAL
M001,2026-08-17 16:01:56,1.85,242.81,29.0,WARNING_VIBRATION,72.0,MEDIUM,FALLING,1,EXCESSIVE_VIBRATION,Inspect motor and rotating components.,12.21,NORMAL
M001,2026-08-17 16:01:57,1.599,222.896,29.25,NORMAL,100.0,LOW,RISING,0,NONE,Continue normal monitoring.,12.91,NORMAL
M001,2026-08-17 16:01:59,1.674,228.431,29.25,NORMAL,100.0,LOW,STABLE,0,NONE,Continue normal monitoring.,11.49,NORMAL
M001,2026-08-17 16:02:01,2.181,236.357,29.25,WARNING_VIBRATION,72.0,MEDIUM,FALLING,1,EXCESSIVE_VIBRATION,Inspect motor and rotating components.,27.75,NORMAL
M001,2026-08-17 16:02:04,1.879,213.941,29.25,NORMAL,100.0,LOW,RISING,0,NONE,Continue normal monitoring.,21.25,NORMAL
M001,2026-08-17 16:02:06,1.614,243.015,29.0,NORMAL,100.0,LOW,STABLE,0,NONE,Continue normal monitoring.,9.55,NORMAL
M001,2026-08-17 16:02:08,2.0,243.253,29.25,WARNING_VIBRATION,72.0,MEDIUM,FALLING,1,EXCESSIVE_VIBRATION,Inspect motor and rotating components.,19.26,NORMAL
M001,2026-08-17 16:02:10,1.505,230.52,29.25,NORMAL,100.0,LOW,RISING,0,NONE,Continue normal monitoring.,8.39,NORMAL
M001,2026-08-17 16:02:12,1.447,238.219,29.25,NORMAL,100.0,LOW,STABLE,0,NONE,Continue normal monitoring.,7.31,NORMAL
M001,2026-08-17 16:02:14,1.377,251.297,29.25,NORMAL,100.0,LOW,STABLE,0,NONE,Continue normal monitoring.,7.4,NORMAL
M001,2026-08-17 16:02:16,1.649,261.381,29.25,NORMAL,100.0,LOW,STABLE,0,NONE,Continue normal monitoring.,10.94,NORMAL
M001,2026-08-17 16:02:18,1.828,267.894,29.25,WARNING_SOUND,72.0,MEDIUM,FALLING,1,MECHANICAL_ABNORMALITY,Inspect mechanical components and sound sources.,16.71,NORMAL
M001,2026-08-17 16:02:20,1.778,241.724,29.25,NORMAL,100.0,LOW,RISING,0,NONE,Continue normal monitoring.,10.92,NORMAL
M001,2026-08-17 16:02:22,1.853,240.472,29.25,WARNING_VIBRATION,72.0,MEDIUM,FALLING,1,EXCESSIVE_VIBRATION,Inspect motor and rotating components.,13.53,NORMAL
M001,2026-08-17 16:02:24,1.854,248.041,29.25,NORMAL,100.0,LOW,RISING,0,NONE,Continue normal monitoring.,13.34,NORMAL
M001,2026-08-17 16:02:26,1.724,244.521,29.25,NORMAL,100.0,LOW,STABLE,0,NONE,Continue normal monitoring.,10.55,NORMAL
M001,2026-08-17 16:02:29,1.933,248.534,29.25,WARNING_VIBRATION,72.0,MEDIUM,FALLING,1,EXCESSIVE_VIBRATION,Inspect motor and rotating components.,15.5,NORMAL
M001,2026-08-17 16:02:31,1.719,247.919,29.25,NORMAL,100.0,LOW,RISING,0,NONE,Continue normal monitoring.,10.94,NORMAL
M001,2026-08-17 16:02:33,1.916,233.998,29.25,WARNING_VIBRATION,72.0,MEDIUM,FALLING,1,EXCESSIVE_VIBRATION,Inspect motor and rotating components.,15.6,NORMAL
M001,2026-08-17 16:02:35,0.793,216.332,29.25,NORMAL,100.0,LOW,RISING,0,NONE,Continue normal monitoring.,13.33,NORMAL
M001,2026-08-17 16:02:37,1.959,259.792,29.25,NORMAL,100.0,LOW,STABLE,0,NONE,Continue normal monitoring.,18.18,NORMAL
M001,2026-08-17 16:02:39,2.416,229.029,29.25,WARNING_VIBRATION,72.0,MEDIUM,FALLING,1,EXCESSIVE_VIBRATION,Inspect motor and rotating components.,40.09,NORMAL
M001,2026-08-17 16:02:41,1.691,247.506,29.25,NORMAL,100.0,LOW,RISING,0,NONE,Continue normal monitoring.,10.42,NORMAL
M001,2026-08-17 16:02:43,1.261,217.949,29.25,WARNING_VIBRATION,72.0,MEDIUM,FALLING,1,EXCESSIVE_VIBRATION,Inspect motor and rotating components.,11.92,NORMAL
M001,2026-08-17 16:02:45,1.618,248.472,29.25,NORMAL,100.0,LOW,RISING,0,NONE,Continue normal monitoring.,9.32,NORMAL
M001,2026-08-17 16:02:47,0.856,240.971,29.25,NORMAL,100.0,LOW,STABLE,0,NONE,Continue normal monitoring.,6.75,NORMAL
M001,2026-08-17 16:02:49,1.02,272.231,29.25,NORMAL,100.0,LOW,STABLE,0,NONE,Continue normal monitoring.,9.46,NORMAL
M001,2026-08-17 16:02:51,1.802,233.343,29.25,NORMAL,100.0,LOW,STABLE,0,NONE,Continue normal monitoring.,12.12,NORMAL
M001,2026-08-17 16:02:53,1.417,299.73,29.25,WARNING_SOUND,72.0,MEDIUM,FALLING,1,MECHANICAL_ABNORMALITY,Inspect mechanical components and sound sources.,17.96,NORMAL
M001,2026-08-17 16:02:56,1.596,236.823,29.0,NORMAL,100.0,LOW,RISING,0,NONE,Continue normal monitoring.,9.99,NORMAL
M001,2026-08-17 16:02:58,2.454,267.671,29.25,WARNING_VIBRATION,72.0,MEDIUM,FALLING,1,EXCESSIVE_VIBRATION,Inspect motor and rotating components.,43.51,NORMAL
M001,2026-08-17 16:03:00,1.693,251.2,29.25,NORMAL,100.0,LOW,RISING,0,NONE,Continue normal monitoring.,10.83,NORMAL
M001,2026-08-17 16:03:02,1.53,218.645,29.25,NORMAL,100.0,LOW,STABLE,0,NONE,Continue normal monitoring.,12.68,NORMAL
M001,2026-08-17 16:03:04,1.642,257.252,29.25,NORMAL,100.0,LOW,STABLE,0,NONE,Continue normal monitoring.,9.35,NORMAL
M001,2026-08-17 16:03:06,1.626,251.769,29.25,WARNING_SOUND,72.0,MEDIUM,FALLING,1,MECHANICAL_ABNORMALITY,Inspect mechanical components and sound sources.,9.19,NORMAL
M001,2026-08-17 16:03:08,1.945,247.083,29.25,NORMAL,100.0,LOW,RISING,0,NONE,Continue normal monitoring.,15.97,NORMAL
M001,2026-08-17 16:03:10,2.187,245.994,29.25,WARNING_VIBRATION,72.0,MEDIUM,FALLING,1,EXCESSIVE_VIBRATION,Inspect motor and rotating components.,26.77,NORMAL
M001,2026-08-17 16:03:12,2.074,263.686,29.25,WARNING_VIBRATION,72.0,MEDIUM,STABLE,1,EXCESSIVE_VIBRATION,Inspect motor and rotating components.,25.35,NORMAL
M001,2026-08-17 16:03:14,2.226,257.132,29.25,NORMAL,100.0,LOW,RISING,0,NONE,Continue normal monitoring.,29.53,NORMAL
M001,2026-08-17 16:03:16,1.913,255.361,29.25,WARNING_VIBRATION,72.0,MEDIUM,FALLING,1,EXCESSIVE_VIBRATION,Inspect motor and rotating components.,14.97,NORMAL
M001,2026-08-17 16:03:18,1.811,279.213,29.25,NORMAL,100.0,LOW,RISING,0,NONE,Continue normal monitoring.,18.38,NORMAL
M001,2026-08-17 16:03:21,1.861,253.651,29.25,WARNING_VIBRATION,72.0,MEDIUM,FALLING,1,EXCESSIVE_VIBRATION,Inspect motor and rotating components.,13.76,NORMAL
M001,2026-08-17 16:03:23,1.949,271.807,29.25,NORMAL,100.0,LOW,RISING,0,NONE,Continue normal monitoring.,22.26,NORMAL
M001,2026-08-17 16:03:25,2.233,234.826,29.25,WARNING_VIBRATION,72.0,MEDIUM,FALLING,1,EXCESSIVE_VIBRATION,Inspect motor and rotating components.,30.7,NORMAL
M001,2026-08-17 16:03:27,1.872,232.523,29.25,NORMAL,100.0,LOW,RISING,0,NONE,Continue normal monitoring.,14.71,NORMAL
M001,2026-08-17 16:03:29,2.215,238.365,29.25,WARNING_VIBRATION,72.0,MEDIUM,FALLING,1,EXCESSIVE_VIBRATION,Inspect motor and rotating components.,29.42,NORMAL
M001,2026-08-17 16:03:31,1.963,393.107,29.25,WARNING_VIBRATION,72.0,MEDIUM,STABLE,1,EXCESSIVE_VIBRATION,Inspect motor and rotating components.,48.96,NORMAL
M001,2026-08-17 16:03:33,1.468,250.878,29.25,NORMAL,100.0,LOW,RISING,0,NONE,Continue normal monitoring.,7.36,NORMAL
M001,2026-08-17 16:03:35,2.136,255.021,29.25,WARNING_VIBRATION,72.0,MEDIUM,FALLING,1,EXCESSIVE_VIBRATION,Inspect motor and rotating components.,25.92,NORMAL
M001,2026-08-17 16:03:37,1.931,245.536,29.25,NORMAL,100.0,LOW,RISING,0,NONE,Continue normal monitoring.,14.94,NORMAL
M001,2026-08-17 16:03:39,1.851,248.007,29.25,WARNING_VIBRATION,72.0,MEDIUM,FALLING,1,EXCESSIVE_VIBRATION,Inspect motor and rotating components.,13.1,NORMAL
M001,2026-08-17 16:03:41,1.555,218.292,29.25,NORMAL,100.0,LOW,RISING,0,NONE,Continue normal monitoring.,12.97,NORMAL
M001,2026-08-17 16:03:43,2.217,248.181,29.25,WARNING_VIBRATION,72.0,MEDIUM,FALLING,1,EXCESSIVE_VIBRATION,Inspect motor and rotating components.,28.56,NORMAL
M001,2026-08-17 16:03:45,1.549,223.402,29.25,NORMAL,100.0,LOW,RISING,0,NONE,Continue normal monitoring.,11.33,NORMAL
M001,2026-08-17 16:03:48,1.397,266.314,29.25,NORMAL,100.0,LOW,STABLE,0,NONE,Continue normal monitoring.,10.3,NORMAL
M001,2026-08-17 16:03:50,1.422,246.357,29.25,NORMAL,100.0,LOW,STABLE,0,NONE,Continue normal monitoring.,6.44,NORMAL
M001,2026-08-17 16:03:52,1.509,257.628,29.25,NORMAL,100.0,LOW,STABLE,0,NONE,Continue normal monitoring.,7.76,NORMAL
M001,2026-08-17 16:03:54,1.771,209.34,29.25,WARNING_VIBRATION,72.0,MEDIUM,FALLING,1,EXCESSIVE_VIBRATION,Inspect motor and rotating components.,19.69,NORMAL
M001,2026-08-17 16:03:56,2.34,230.98,29.25,WARNING_VIBRATION,72.0,MEDIUM,STABLE,1,EXCESSIVE_VIBRATION,Inspect motor and rotating components.,35.53,NORMAL
M001,2026-08-17 16:03:58,1.896,227.501,29.25,NORMAL,100.0,LOW,RISING,0,NONE,Continue normal monitoring.,17.11,NORMAL
M001,2026-08-17 16:04:00,2.445,231.462,29.25,WARNING_VIBRATION,72.0,MEDIUM,FALLING,1,EXCESSIVE_VIBRATION,Inspect motor and rotating components.,41.28,NORMAL
M001,2026-08-17 16:04:02,2.008,241.646,29.25,WARNING_VIBRATION,72.0,MEDIUM,STABLE,1,EXCESSIVE_VIBRATION,Inspect motor and rotating components.,20.1,NORMAL
M001,2026-08-17 16:04:04,1.593,231.596,29.25,NORMAL,100.0,LOW,RISING,0,NONE,Continue normal monitoring.,9.5,NORMAL
M001,2026-08-17 16:04:06,1.698,337.012,29.25,NORMAL,100.0,LOW,STABLE,0,NONE,Continue normal monitoring.,29.22,NORMAL
M001,2026-08-17 16:04:08,1.732,212.08,29.25,NORMAL,100.0,LOW,STABLE,0,NONE,Continue normal monitoring.,18.98,NORMAL
M001,2026-08-17 16:04:10,1.612,251.337,29.25,NORMAL,100.0,LOW,STABLE,0,NONE,Continue normal monitoring.,9.4,NORMAL
M001,2026-08-17 16:04:13,1.629,245.923,29.25,NORMAL,100.0,LOW,STABLE,0,NONE,Continue normal monitoring.,8.7,NORMAL
M001,2026-08-17 16:04:15,1.714,251.427,29.25,NORMAL,100.0,LOW,STABLE,0,NONE,Continue normal monitoring.,11.21,NORMAL
M001,2026-08-17 16:04:17,2.117,249.099,29.25,WARNING_VIBRATION,72.0,MEDIUM,FALLING,1,EXCESSIVE_VIBRATION,Inspect motor and rotating components.,25.3,NORMAL
M001,2026-08-17 16:04:19,1.863,243.014,29.25,NORMAL,100.0,LOW,RISING,0,NONE,Continue normal monitoring.,13.06,NORMAL
M001,2026-08-17 16:04:21,1.868,213.208,29.25,NORMAL,100.0,LOW,STABLE,0,NONE,Continue normal monitoring.,21.34,NORMAL
M001,2026-08-17 16:04:23,1.977,232.758,29.25,WARNING_VIBRATION,72.0,MEDIUM,FALLING,1,EXCESSIVE_VIBRATION,Inspect motor and rotating components.,18.94,NORMAL
M001,2026-08-17 16:04:25,1.757,258.843,29.25,NORMAL,100.0,LOW,RISING,0,NONE,Continue normal monitoring.,11.86,NORMAL
M001,2026-08-17 16:04:27,2.003,237.221,29.25,WARNING_VIBRATION,72.0,MEDIUM,FALLING,1,EXCESSIVE_VIBRATION,Inspect motor and rotating components.,20.45,NORMAL
M001,2026-08-17 16:04:29,0.868,245.582,29.25,NORMAL,100.0,LOW,RISING,0,NONE,Continue normal monitoring.,6.42,NORMAL
M001,2026-08-17 16:04:31,1.802,253.9,29.25,NORMAL,100.0,LOW,STABLE,0,NONE,Continue normal monitoring.,11.56,NORMAL
M001,2026-08-17 16:04:33,1.933,227.52,29.25,WARNING_VIBRATION,72.0,MEDIUM,FALLING,1,EXCESSIVE_VIBRATION,Inspect motor and rotating components.,18.15,NORMAL
M001,2026-08-17 16:04:35,0.335,331.944,29.25,NORMAL,100.0,LOW,RISING,0,NONE,Continue normal monitoring.,26.93,NORMAL
M001,2026-08-17 16:04:38,0.982,248.077,29.25,WARNING_VIBRATION,72.0,MEDIUM,FALLING,1,EXCESSIVE_VIBRATION,Inspect motor and rotating components.,5.69,NORMAL
M001,2026-08-17 16:04:40,1.306,263.389,29.25,NORMAL,100.0,LOW,RISING,0,NONE,Continue normal monitoring.,9.9,NORMAL
M001,2026-08-17 16:04:42,1.904,446.208,29.25,WARNING_SOUND,72.0,MEDIUM,FALLING,1,MECHANICAL_ABNORMALITY,Inspect mechanical components and sound sources.,55.56,UNKNOWN_ABNORMALITY
M001,2026-08-17 16:04:44,1.853,303.507,29.25,NORMAL,100.0,LOW,RISING,0,NONE,Continue normal monitoring.,26.04,NORMAL
M001,2026-08-17 16:04:46,1.646,255.426,29.25,NORMAL,100.0,LOW,STABLE,0,NONE,Continue normal monitoring.,9.38,NORMAL
M001,2026-08-17 16:04:48,1.659,242.618,29.25,NORMAL,100.0,LOW,STABLE,0,NONE,Continue normal monitoring.,9.17,NORMAL
M001,2026-08-17 16:04:50,1.785,268.434,29.25,WARNING_VIBRATION,72.0,MEDIUM,FALLING,1,EXCESSIVE_VIBRATION,Inspect motor and rotating components.,15.51,NORMAL
M001,2026-08-17 16:04:52,2.48,247.239,29.25,WARNING_VIBRATION,72.0,MEDIUM,STABLE,1,EXCESSIVE_VIBRATION,Inspect motor and rotating components.,41.44,NORMAL
M001,2026-08-17 16:04:54,2.124,641.004,29.25,CRITICAL_VIB_SOUND,50.0,HIGH,FALLING,1,LOOSE_COMPONENT,Inspect and secure loose components.,76.28,ABNORMAL_SOUND
M001,2026-08-17 16:04:56,2.427,337.539,29.25,WARNING_VIBRATION,72.0,MEDIUM,RISING,1,EXCESSIVE_VIBRATION,Inspect motor and rotating components.,53.55,UNKNOWN_ABNORMALITY
M001,2026-08-17 16:04:58,3.029,243.498,29.25,WARNING_VIBRATION,72.0,MEDIUM,STABLE,1,EXCESSIVE_VIBRATION,Inspect motor and rotating components.,49.17,NORMAL
M001,2026-08-17 16:05:00,2.349,250.537,29.25,WARNING_VIBRATION,72.0,MEDIUM,STABLE,1,EXCESSIVE_VIBRATION,Inspect motor and rotating components.,34.98,NORMAL
M001,2026-08-17 16:05:02,2.04,261.031,29.25,NORMAL,100.0,LOW,RISING,0,NONE,Continue normal monitoring.,21.94,NORMAL
M001,2026-08-17 16:05:05,2.339,289.472,29.25,WARNING_VIBRATION,72.0,MEDIUM,FALLING,1,EXCESSIVE_VIBRATION,Inspect motor and rotating components.,42.66,NORMAL
M001,2026-08-17 16:05:07,2.145,230.104,29.25,WARNING_VIBRATION,72.0,MEDIUM,STABLE,1,EXCESSIVE_VIBRATION,Inspect motor and rotating components.,27.25,NORMAL
M001,2026-08-17 16:05:09,5.725,257.456,29.25,WARNING_VIBRATION,72.0,MEDIUM,STABLE,1,EXCESSIVE_VIBRATION,Inspect motor and rotating components.,53.72,EXCESSIVE_VIBRATION
M001,2026-08-17 16:05:11,7.507,242.863,29.25,CRITICAL_VIB_SOUND,50.0,HIGH,FALLING,1,LOOSE_COMPONENT,Inspect and secure loose components.,52.42,EXCESSIVE_VIBRATION
M001,2026-08-17 16:05:13,12.404,348.549,29.25,WARNING_VIBRATION,72.0,MEDIUM,RISING,1,EXCESSIVE_VIBRATION,Inspect motor and rotating components.,67.49,EXCESSIVE_VIBRATION
M001,2026-08-17 16:05:15,10.35,357.994,29.25,WARNING_VIBRATION,72.0,MEDIUM,STABLE,1,EXCESSIVE_VIBRATION,Inspect motor and rotating components.,68.23,EXCESSIVE_VIBRATION
M001,2026-08-17 16:05:17,6.075,235.83,29.25,CRITICAL_VIB_SOUND,50.0,HIGH,FALLING,1,LOOSE_COMPONENT,Inspect and secure loose components.,53.7,EXCESSIVE_VIBRATION
M001,2026-08-17 16:05:19,22.011,353.78,29.25,WARNING_VIBRATION,72.0,MEDIUM,RISING,1,EXCESSIVE_VIBRATION,Inspect motor and rotating components.,67.72,EXCESSIVE_VIBRATION
M001,2026-08-17 16:05:21,8.557,498.525,29.25,WARNING_VIBRATION,72.0,MEDIUM,STABLE,1,EXCESSIVE_VIBRATION,Inspect motor and rotating components.,80.86,EXCESSIVE_VIBRATION
M001,2026-08-17 16:05:23,18.815,441.711,29.25,CRITICAL_VIB_SOUND,50.0,HIGH,FALLING,1,LOOSE_COMPONENT,Inspect and secure loose components.,76.46,EXCESSIVE_VIBRATION
M001,2026-08-17 16:05:25,4.164,242.269,29.25,WARNING_VIBRATION,72.0,MEDIUM,RISING,1,EXCESSIVE_VIBRATION,Inspect motor and rotating components.,50.82,EXCESSIVE_VIBRATION
M001,2026-08-17 16:05:27,2.279,276.933,29.25,WARNING_VIBRATION,72.0,MEDIUM,STABLE,1,EXCESSIVE_VIBRATION,Inspect motor and rotating components.,38.34,NORMAL
M001,2026-08-17 16:05:30,1.518,226.368,29.25,NORMAL,100.0,LOW,RISING,0,NONE,Continue normal monitoring.,9.92,NORMAL
M001,2026-08-17 16:05:32,2.591,314.414,29.25,CRITICAL_VIB_SOUND,50.0,HIGH,FALLING,1,LOOSE_COMPONENT,Inspect and secure loose components.,55.86,UNKNOWN_ABNORMALITY
M001,2026-08-17 16:05:34,0.626,290.186,29.25,NORMAL,100.0,LOW,RISING,0,NONE,Continue normal monitoring.,15.25,NORMAL
M001,2026-08-17 16:05:36,1.674,243.407,29.25,NORMAL,100.0,LOW,STABLE,0,NONE,Continue normal monitoring.,9.83,NORMAL
M001,2026-08-17 16:05:38,1.024,241.607,29.25,NORMAL,100.0,LOW,STABLE,0,NONE,Continue normal monitoring.,5.98,NORMAL
M001,2026-08-17 16:05:40,1.162,241.746,29.25,NORMAL,100.0,LOW,STABLE,0,NONE,Continue normal monitoring.,5.78,NORMAL
M001,2026-08-17 16:05:42,0.624,244.891,29.25,NORMAL,100.0,LOW,STABLE,0,NONE,Continue normal monitoring.,8.5,NORMAL
M001,2026-08-17 16:05:44,0.829,260.784,29.25,NORMAL,100.0,LOW,STABLE,0,NONE,Continue normal monitoring.,7.7,NORMAL
M001,2026-08-17 16:05:46,0.872,230.248,29.25,NORMAL,100.0,LOW,STABLE,0,NONE,Continue normal monitoring.,8.23,NORMAL
M001,2026-08-17 16:05:48,0.037,223.344,29.25,NORMAL,100.0,LOW,STABLE,0,NONE,Continue normal monitoring.,22.27,NORMAL
M001,2026-08-17 16:05:50,0.544,475.157,29.25,WARNING_SOUND,72.0,MEDIUM,FALLING,1,MECHANICAL_ABNORMALITY,Inspect mechanical components and sound sources.,53.06,UNKNOWN_ABNORMALITY
M001,2026-08-17 16:05:52,0.652,324.225,29.25,NORMAL,100.0,LOW,RISING,0,NONE,Continue normal monitoring.,21.06,NORMAL
M001,2026-08-17 16:05:54,0.762,247.08,29.25,NORMAL,100.0,LOW,STABLE,0,NONE,Continue normal monitoring.,6.51,NORMAL
M001,2026-08-17 16:05:57,1.228,246.764,29.25,NORMAL,100.0,LOW,STABLE,0,NONE,Continue normal monitoring.,5.85,NORMAL
M001,2026-08-17 16:05:59,1.046,258.741,29.25,NORMAL,100.0,LOW,STABLE,0,NONE,Continue normal monitoring.,7.16,NORMAL
M001,2026-08-17 16:06:01,0.581,254.314,29.25,NORMAL,100.0,LOW,STABLE,0,NONE,Continue normal monitoring.,9.42,NORMAL
M001,2026-08-17 16:06:03,0.772,244.106,29.25,NORMAL,100.0,LOW,STABLE,0,NONE,Continue normal monitoring.,6.71,NORMAL
M001,2026-08-17 16:06:05,0.842,242.213,29.25,NORMAL,100.0,LOW,STABLE,0,NONE,Continue normal monitoring.,6.82,NORMAL
M001,2026-08-17 16:06:07,0.577,226.788,29.25,NORMAL,100.0,LOW,STABLE,0,NONE,Continue normal monitoring.,11.77,NORMAL
M001,2026-08-17 16:06:09,1.249,231.977,29.25,NORMAL,100.0,LOW,STABLE,0,NONE,Continue normal monitoring.,7.16,NORMAL
M001,2026-08-17 16:06:11,1.029,343.826,29.25,NORMAL,100.0,LOW,STABLE,0,NONE,Continue normal monitoring.,22.52,NORMAL
M001,2026-08-17 16:06:13,0.612,290.939,29.25,WARNING_SOUND,72.0,MEDIUM,FALLING,1,MECHANICAL_ABNORMALITY,Inspect mechanical components and sound sources.,15.06,NORMAL
M001,2026-08-17 16:06:15,1.002,199.536,29.25,NORMAL,100.0,LOW,RISING,0,NONE,Continue normal monitoring.,20.37,NORMAL
M001,2026-08-17 16:06:17,1.104,270.517,29.25,NORMAL,100.0,LOW,STABLE,0,NONE,Continue normal monitoring.,9.58,NORMAL
M001,2026-08-17 16:06:19,1.114,228.531,29.25,NORMAL,100.0,LOW,STABLE,0,NONE,Continue normal monitoring.,7.31,NORMAL
M001,2026-08-17 16:06:22,0.628,257.367,29.25,NORMAL,100.0,LOW,STABLE,0,NONE,Continue normal monitoring.,9.17,NORMAL
M001,2026-08-17 16:06:24,0.595,260.882,29.25,NORMAL,100.0,LOW,STABLE,0,NONE,Continue normal monitoring.,9.76,NORMAL
M001,2026-08-17 16:06:26,0.988,313.4,29.25,WARNING_VIBRATION,72.0,MEDIUM,FALLING,1,EXCESSIVE_VIBRATION,Inspect motor and rotating components.,16.63,NORMAL
M001,2026-08-17 16:06:28,0.88,248.56,29.25,NORMAL,100.0,LOW,RISING,0,NONE,Continue normal monitoring.,6.04,NORMAL
M001,2026-08-17 16:06:30,0.9,232.912,29.25,NORMAL,100.0,LOW,STABLE,0,NONE,Continue normal monitoring.,6.75,NORMAL
M001,2026-08-17 16:06:32,0.992,228.954,29.25,NORMAL,100.0,LOW,STABLE,0,NONE,Continue normal monitoring.,7.12,NORMAL
M001,2026-08-17 16:06:34,1.715,338.641,29.25,WARNING_VIBRATION,72.0,MEDIUM,FALLING,1,EXCESSIVE_VIBRATION,Inspect motor and rotating components.,30.31,NORMAL
M001,2026-08-17 16:06:36,0.808,300.609,29.25,NORMAL,100.0,LOW,RISING,0,NONE,Continue normal monitoring.,15.79,NORMAL
M001,2026-08-17 16:06:38,0.796,330.878,29.25,WARNING_SOUND,72.0,MEDIUM,FALLING,1,MECHANICAL_ABNORMALITY,Inspect mechanical components and sound sources.,19.27,NORMAL
M001,2026-08-17 16:06:40,1.813,222.427,29.25,NORMAL,100.0,LOW,RISING,0,NONE,Continue normal monitoring.,16.0,NORMAL
M001,2026-08-17 16:06:42,1.169,274.399,29.25,NORMAL,100.0,LOW,STABLE,0,NONE,Continue normal monitoring.,10.12,NORMAL
M001,2026-08-17 16:06:44,1.307,257.338,29.25,NORMAL,100.0,LOW,STABLE,0,NONE,Continue normal monitoring.,7.61,NORMAL
M001,2026-08-17 16:06:46,1.252,284.508,29.25,NORMAL,100.0,LOW,STABLE,0,NONE,Continue normal monitoring.,12.92,NORMAL
M001,2026-08-17 16:06:49,1.463,407.855,29.25,WARNING_SOUND,72.0,MEDIUM,FALLING,1,MECHANICAL_ABNORMALITY,Inspect mechanical components and sound sources.,41.59,NORMAL
M001,2026-08-17 16:06:51,1.427,318.385,29.25,NORMAL,100.0,LOW,RISING,0,NONE,Continue normal monitoring.,20.68,NORMAL
M001,2026-08-17 16:06:53,1.01,296.535,29.25,NORMAL,100.0,LOW,STABLE,0,NONE,Continue normal monitoring.,15.08,NORMAL
M001,2026-08-17 16:06:55,1.438,223.503,29.25,NORMAL,100.0,LOW,STABLE,0,NONE,Continue normal monitoring.,10.42,NORMAL
M001,2026-08-17 16:06:57,0.274,258.126,29.25,WARNING_SOUND,72.0,MEDIUM,FALLING,1,MECHANICAL_ABNORMALITY,Inspect mechanical components and sound sources.,10.88,NORMAL
M001,2026-08-17 16:06:59,0.971,264.219,29.25,NORMAL,100.0,LOW,RISING,0,NONE,Continue normal monitoring.,8.46,NORMAL
M001,2026-08-17 16:07:01,1.178,228.363,29.25,NORMAL,100.0,LOW,STABLE,0,NONE,Continue normal monitoring.,7.33,NORMAL
M001,2026-08-17 16:07:03,1.424,239.536,29.25,NORMAL,100.0,LOW,STABLE,0,NONE,Continue normal monitoring.,7.05,NORMAL
M001,2026-08-17 16:07:05,1.775,354.239,29.25,NORMAL,100.0,LOW,STABLE,0,NONE,Continue normal monitoring.,35.06,NORMAL
M001,2026-08-17 16:07:07,1.127,296.66,29.25,NORMAL,100.0,LOW,STABLE,0,NONE,Continue normal monitoring.,15.2,NORMAL
M001,2026-08-17 16:07:09,1.491,273.616,29.25,WARNING_SOUND,72.0,MEDIUM,FALLING,1,MECHANICAL_ABNORMALITY,Inspect mechanical components and sound sources.,13.38,NORMAL
M001,2026-08-17 16:07:11,1.228,277.027,29.25,NORMAL,100.0,LOW,RISING,0,NONE,Continue normal monitoring.,11.34,NORMAL
M001,2026-08-17 16:07:14,1.002,230.376,29.25,NORMAL,100.0,LOW,STABLE,0,NONE,Continue normal monitoring.,6.98,NORMAL
M001,2026-08-17 16:07:16,1.229,286.064,29.25,NORMAL,100.0,LOW,STABLE,0,NONE,Continue normal monitoring.,12.24,NORMAL
M001,2026-08-17 16:07:18,0.41,311.334,29.25,WARNING_SOUND,72.0,MEDIUM,FALLING,1,MECHANICAL_ABNORMALITY,Inspect mechanical components and sound sources.,22.02,NORMAL
M001,2026-08-17 16:07:20,0.987,347.275,29.25,NORMAL,100.0,LOW,RISING,0,NONE,Continue normal monitoring.,22.73,NORMAL
M001,2026-08-17 16:07:22,1.308,277.222,29.25,WARNING_SOUND,72.0,MEDIUM,FALLING,1,MECHANICAL_ABNORMALITY,Inspect mechanical components and sound sources.,12.43,NORMAL
M001,2026-08-17 16:07:24,1.21,274.255,29.25,NORMAL,100.0,LOW,RISING,0,NONE,Continue normal monitoring.,10.79,NORMAL
M001,2026-08-17 16:07:26,1.923,267.257,29.25,WARNING_VIBRATION,72.0,MEDIUM,FALLING,1,EXCESSIVE_VIBRATION,Inspect motor and rotating components.,19.16,NORMAL
M001,2026-08-17 16:07:28,1.114,256.12,29.25,NORMAL,100.0,LOW,RISING,0,NONE,Continue normal monitoring.,6.13,NORMAL
M001,2026-08-17 16:07:30,0.707,243.512,29.25,NORMAL,100.0,LOW,STABLE,0,NONE,Continue normal monitoring.,8.01,NORMAL
M001,2026-08-17 16:07:32,1.074,274.934,29.25,NORMAL,100.0,LOW,STABLE,0,NONE,Continue normal monitoring.,10.19,NORMAL
M001,2026-08-17 16:07:34,0.9,248.883,29.25,NORMAL,100.0,LOW,STABLE,0,NONE,Continue normal monitoring.,5.8,NORMAL
M001,2026-08-17 16:07:36,0.915,310.223,29.25,NORMAL,100.0,LOW,STABLE,0,NONE,Continue normal monitoring.,16.14,NORMAL
M001,2026-08-17 16:07:38,1.763,254.68,29.25,NORMAL,100.0,LOW,STABLE,0,NONE,Continue normal monitoring.,10.54,NORMAL
M001,2026-08-17 16:07:41,1.019,223.118,29.25,NORMAL,100.0,LOW,STABLE,0,NONE,Continue normal monitoring.,9.41,NORMAL
M001,2026-08-17 16:07:43,1.031,247.261,29.25,NORMAL,100.0,LOW,STABLE,0,NONE,Continue normal monitoring.,5.95,NORMAL
M001,2026-08-17 16:07:45,3.72,248.98,29.25,WARNING_VIBRATION,72.0,MEDIUM,FALLING,1,EXCESSIVE_VIBRATION,Inspect motor and rotating components.,50.78,EXCESSIVE_VIBRATION
M001,2026-08-17 16:07:47,1.337,226.597,29.25,NORMAL,100.0,LOW,RISING,0,NONE,Continue normal monitoring.,8.76,NORMAL
M001,2026-08-17 16:07:49,1.061,250.095,29.25,NORMAL,100.0,LOW,STABLE,0,NONE,Continue normal monitoring.,5.55,NORMAL
M001,2026-08-17 16:07:51,1.22,244.991,29.25,WARNING_SOUND,72.0,MEDIUM,FALLING,1,MECHANICAL_ABNORMALITY,Inspect mechanical components and sound sources.,5.99,NORMAL
M001,2026-08-17 16:07:53,1.686,272.66,29.25,NORMAL,100.0,LOW,RISING,0,NONE,Continue normal monitoring.,15.02,NORMAL
M001,2026-08-17 16:07:55,1.274,231.82,29.25,WARNING_SOUND,72.0,MEDIUM,FALLING,1,MECHANICAL_ABNORMALITY,Inspect mechanical components and sound sources.,7.5,NORMAL
M001,2026-08-17 16:07:57,1.306,186.585,29.25,NORMAL,100.0,LOW,RISING,0,NONE,Continue normal monitoring.,25.14,NORMAL
M001,2026-08-17 16:07:59,1.006,273.205,29.25,NORMAL,100.0,LOW,STABLE,0,NONE,Continue normal monitoring.,9.57,NORMAL
M001,2026-08-17 16:08:01,0.984,246.931,29.25,NORMAL,100.0,LOW,STABLE,0,NONE,Continue normal monitoring.,5.35,NORMAL
M001,2026-08-17 16:08:03,0.95,348.322,29.25,NORMAL,100.0,LOW,STABLE,0,NONE,Continue normal monitoring.,23.55,NORMAL
M001,2026-08-17 16:08:06,0.834,306.108,29.25,NORMAL,100.0,LOW,STABLE,0,NONE,Continue normal monitoring.,16.68,NORMAL
M001,2026-08-17 16:08:08,1.605,353.978,29.25,NORMAL,100.0,LOW,STABLE,0,NONE,Continue normal monitoring.,31.7,NORMAL
M001,2026-08-17 16:08:10,1.231,430.483,29.25,WARNING_SOUND,72.0,MEDIUM,FALLING,1,MECHANICAL_ABNORMALITY,Inspect mechanical components and sound sources.,41.02,NORMAL
M001,2026-08-17 16:08:12,1.759,413.729,29.25,NORMAL,100.0,LOW,RISING,0,NONE,Continue normal monitoring.,47.34,NORMAL
M001,2026-08-17 16:08:14,1.223,306.878,29.25,WARNING_SOUND,72.0,MEDIUM,FALLING,1,MECHANICAL_ABNORMALITY,Inspect mechanical components and sound sources.,17.19,NORMAL
M001,2026-08-17 16:08:16,1.189,269.528,29.25,NORMAL,100.0,LOW,RISING,0,NONE,Continue normal monitoring.,9.58,NORMAL
M001,2026-08-17 16:08:18,1.332,244.208,29.25,NORMAL,100.0,LOW,STABLE,0,NONE,Continue normal monitoring.,6.52,NORMAL
M001,2026-08-17 16:08:20,1.491,245.323,29.25,NORMAL,100.0,LOW,STABLE,0,NONE,Continue normal monitoring.,7.06,NORMAL
M001,2026-08-17 16:08:22,1.469,252.914,29.25,NORMAL,100.0,LOW,STABLE,0,NONE,Continue normal monitoring.,7.59,NORMAL
M001,2026-08-17 16:08:24,0.832,233.228,29.25,NORMAL,100.0,LOW,STABLE,0,NONE,Continue normal monitoring.,7.59,NORMAL
M001,2026-08-17 16:08:26,1.05,233.845,29.25,NORMAL,100.0,LOW,STABLE,0,NONE,Continue normal monitoring.,6.23,NORMAL
M001,2026-08-17 16:08:28,1.205,250.761,29.25,NORMAL,100.0,LOW,STABLE,0,NONE,Continue normal monitoring.,6.46,NORMAL
M001,2026-08-17 16:08:31,1.664,247.469,29.25,NORMAL,100.0,LOW,STABLE,0,NONE,Continue normal monitoring.,9.45,NORMAL
M001,2026-08-17 16:08:33,2.664,260.577,29.25,CRITICAL_VIB_SOUND,50.0,HIGH,FALLING,1,LOOSE_COMPONENT,Inspect and secure loose components.,47.22,NORMAL
M001,2026-08-17 16:08:35,0.502,248.35,29.25,NORMAL,100.0,LOW,RISING,0,NONE,Continue normal monitoring.,9.53,NORMAL
M001,2026-08-17 16:08:37,0.458,340.612,29.25,WARNING_SOUND,72.0,MEDIUM,FALLING,1,MECHANICAL_ABNORMALITY,Inspect mechanical components and sound sources.,27.44,NORMAL
M001,2026-08-17 16:08:39,1.342,297.664,29.25,NORMAL,100.0,LOW,RISING,0,NONE,Continue normal monitoring.,16.97,NORMAL
M001,2026-08-17 16:08:41,1.265,207.515,29.25,NORMAL,100.0,LOW,STABLE,0,NONE,Continue normal monitoring.,16.54,NORMAL
M001,2026-08-17 16:08:43,1.38,200.551,29.25,NORMAL,100.0,LOW,STABLE,0,NONE,Continue normal monitoring.,20.81,NORMAL
M001,2026-08-17 16:08:45,1.191,224.994,29.25,NORMAL,100.0,LOW,STABLE,0,NONE,Continue normal monitoring.,8.73,NORMAL
M001,2026-08-17 16:08:47,1.079,286.821,29.25,NORMAL,100.0,LOW,STABLE,0,NONE,Continue normal monitoring.,11.8,NORMAL
M001,2026-08-17 16:08:49,1.342,262.553,29.25,NORMAL,100.0,LOW,STABLE,0,NONE,Continue normal monitoring.,9.42,NORMAL
M001,2026-08-17 16:08:52,1.163,222.214,29.25,NORMAL,100.0,LOW,STABLE,0,NONE,Continue normal monitoring.,9.8,NORMAL
M001,2026-08-17 16:08:53,1.007,245.24,29.25,NORMAL,100.0,LOW,STABLE,0,NONE,Continue normal monitoring.,5.76,NORMAL
M001,2026-08-17 16:08:55,1.55,232.493,29.25,NORMAL,100.0,LOW,STABLE,0,NONE,Continue normal monitoring.,8.46,NORMAL
M001,2026-08-17 16:08:58,1.19,226.32,29.25,NORMAL,100.0,LOW,STABLE,0,NONE,Continue normal monitoring.,8.44,NORMAL
M001,2026-08-17 16:09:00,1.365,238.345,29.25,NORMAL,100.0,LOW,STABLE,0,NONE,Continue normal monitoring.,7.65,NORMAL
M001,2026-08-17 16:09:02,0.952,230.816,29.25,NORMAL,100.0,LOW,STABLE,0,NONE,Continue normal monitoring.,7.07,NORMAL
M001,2026-08-17 16:09:04,1.014,217.199,29.25,NORMAL,100.0,LOW,STABLE,0,NONE,Continue normal monitoring.,12.33,NORMAL
M001,2026-08-17 16:09:06,0.899,287.137,29.25,NORMAL,100.0,LOW,STABLE,0,NONE,Continue normal monitoring.,12.37,NORMAL
M001,2026-08-17 16:09:08,1.005,307.504,29.25,NORMAL,100.0,LOW,STABLE,0,NONE,Continue normal monitoring.,16.23,NORMAL
M001,2026-08-17 16:09:10,0.777,262.098,29.25,NORMAL,100.0,LOW,STABLE,0,NONE,Continue normal monitoring.,8.05,NORMAL
M001,2026-08-17 16:09:12,1.277,204.241,29.25,NORMAL,100.0,LOW,STABLE,0,NONE,Continue normal monitoring.,19.31,NORMAL
M001,2026-08-17 16:09:14,1.049,305.558,29.25,NORMAL,100.0,LOW,STABLE,0,NONE,Continue normal monitoring.,16.45,NORMAL
M001,2026-08-17 16:09:16,0.887,253.463,29.25,NORMAL,100.0,LOW,STABLE,0,NONE,Continue normal monitoring.,6.67,NORMAL
M001,2026-08-17 16:09:18,0.356,240.726,29.25,NORMAL,100.0,LOW,STABLE,0,NONE,Continue normal monitoring.,10.08,NORMAL
M001,2026-08-17 16:09:20,0.826,249.686,29.25,NORMAL,100.0,LOW,STABLE,0,NONE,Continue normal monitoring.,6.54,NORMAL
M001,2026-08-17 16:09:22,1.131,225.616,29.25,NORMAL,100.0,LOW,STABLE,0,NONE,Continue normal monitoring.,8.64,NORMAL
M001,2026-08-17 16:09:25,1.058,268.7,29.25,NORMAL,100.0,LOW,STABLE,0,NONE,Continue normal monitoring.,9.05,NORMAL
M001,2026-08-17 16:09:27,1.244,281.606,29.25,NORMAL,100.0,LOW,STABLE,0,NONE,Continue normal monitoring.,12.08,NORMAL
M001,2026-08-17 16:09:29,1.116,245.426,29.25,NORMAL,100.0,LOW,STABLE,0,NONE,Continue normal monitoring.,5.61,NORMAL
M001,2026-08-17 16:09:31,1.138,261.349,29.25,NORMAL,100.0,LOW,STABLE,0,NONE,Continue normal monitoring.,7.62,NORMAL
M001,2026-08-17 16:09:33,0.694,229.478,29.25,NORMAL,100.0,LOW,STABLE,0,NONE,Continue normal monitoring.,10.6,NORMAL
M001,2026-08-17 16:09:35,1.196,235.378,29.25,NORMAL,100.0,LOW,STABLE,0,NONE,Continue normal monitoring.,6.65,NORMAL
M001,2026-08-17 16:09:37,1.354,276.821,29.25,NORMAL,100.0,LOW,STABLE,0,NONE,Continue normal monitoring.,12.96,NORMAL
M001,2026-08-17 16:09:39,1.399,286.007,29.25,NORMAL,100.0,LOW,STABLE,0,NONE,Continue normal monitoring.,14.2,NORMAL
M001,2026-08-17 16:09:41,1.17,271.467,29.25,NORMAL,100.0,LOW,STABLE,0,NONE,Continue normal monitoring.,9.11,NORMAL
M001,2026-08-17 16:09:43,1.028,256.331,29.25,NORMAL,100.0,LOW,STABLE,0,NONE,Continue normal monitoring.,6.21,NORMAL
M001,2026-08-17 16:09:45,0.776,269.224,29.25,WARNING_SOUND,72.0,MEDIUM,FALLING,1,MECHANICAL_ABNORMALITY,Inspect mechanical components and sound sources.,9.51,NORMAL
M001,2026-08-17 16:09:47,0.901,249.54,29.25,NORMAL,100.0,LOW,RISING,0,NONE,Continue normal monitoring.,5.67,NORMAL
M001,2026-08-17 16:09:50,0.79,281.986,29.25,NORMAL,100.0,LOW,STABLE,0,NONE,Continue normal monitoring.,11.18,NORMAL
M001,2026-08-17 16:09:52,0.767,344.887,29.25,NORMAL,100.0,LOW,STABLE,0,NONE,Continue normal monitoring.,24.18,NORMAL
M001,2026-08-17 16:09:54,0.907,248.641,29.25,WARNING_SOUND,72.0,MEDIUM,FALLING,1,MECHANICAL_ABNORMALITY,Inspect mechanical components and sound sources.,5.53,NORMAL
M001,2026-08-17 16:09:56,1.471,255.871,29.25,NORMAL,100.0,LOW,RISING,0,NONE,Continue normal monitoring.,7.76,NORMAL
M001,2026-08-17 16:09:58,1.537,246.154,29.25,NORMAL,100.0,LOW,STABLE,0,NONE,Continue normal monitoring.,7.42,NORMAL
M001,2026-08-17 16:10:00,1.295,329.148,29.25,NORMAL,100.0,LOW,STABLE,0,NONE,Continue normal monitoring.,20.25,NORMAL
M001,2026-08-17 16:10:02,0.564,301.851,29.25,NORMAL,100.0,LOW,STABLE,0,NONE,Continue normal monitoring.,18.85,NORMAL
M001,2026-08-17 16:10:04,0.708,318.392,29.25,WARNING_SOUND,72.0,MEDIUM,FALLING,1,MECHANICAL_ABNORMALITY,Inspect mechanical components and sound sources.,20.01,NORMAL
M001,2026-08-17 16:10:06,0.829,239.727,29.25,NORMAL,100.0,LOW,RISING,0,NONE,Continue normal monitoring.,6.84,NORMAL
M001,2026-08-17 16:10:08,0.53,251.647,29.25,NORMAL,100.0,LOW,STABLE,0,NONE,Continue normal monitoring.,9.98,NORMAL
M001,2026-08-17 16:10:10,0.601,295.858,29.25,NORMAL,100.0,LOW,STABLE,0,NONE,Continue normal monitoring.,17.55,NORMAL
M001,2026-08-17 16:10:12,0.86,315.722,29.25,NORMAL,100.0,LOW,STABLE,0,NONE,Continue normal monitoring.,17.53,NORMAL
M001,2026-08-17 16:10:15,0.941,270.657,29.25,WARNING_SOUND,72.0,MEDIUM,FALLING,1,MECHANICAL_ABNORMALITY,Inspect mechanical components and sound sources.,9.23,NORMAL
M001,2026-08-17 16:10:17,0.925,249.122,29.25,NORMAL,100.0,LOW,RISING,0,NONE,Continue normal monitoring.,6.06,NORMAL
M001,2026-08-17 16:10:19,0.657,417.615,29.25,WARNING_SOUND,72.0,MEDIUM,FALLING,1,MECHANICAL_ABNORMALITY,Inspect mechanical components and sound sources.,42.1,NORMAL
M001,2026-08-17 16:10:21,0.714,303.292,29.25,NORMAL,100.0,LOW,RISING,0,NONE,Continue normal monitoring.,18.27,NORMAL
M001,2026-08-17 16:10:24,1.205,289.58,29.25,WARNING_SOUND,72.0,MEDIUM,FALLING,1,MECHANICAL_ABNORMALITY,Inspect mechanical components and sound sources.,13.06,NORMAL
M001,2026-08-17 16:10:25,1.204,355.349,29.25,NORMAL,100.0,LOW,RISING,0,NONE,Continue normal monitoring.,25.21,NORMAL
M001,2026-08-17 16:10:27,1.258,305.894,29.25,WARNING_SOUND,72.0,MEDIUM,FALLING,1,MECHANICAL_ABNORMALITY,Inspect mechanical components and sound sources.,18.2,NORMAL
M001,2026-08-17 16:10:29,1.193,271.748,29.25,NORMAL,100.0,LOW,RISING,0,NONE,Continue normal monitoring.,9.46,NORMAL
M001,2026-08-17 16:10:36,0.796,324.041,29.25,NORMAL,100.0,LOW,STABLE,0,NONE,Continue normal monitoring.,18.54,NORMAL
M001,2026-08-17 16:10:36,0.853,376.054,29.25,WARNING_SOUND,72.0,MEDIUM,FALLING,1,MECHANICAL_ABNORMALITY,Inspect mechanical components and sound sources.,30.42,NORMAL
M001,2026-08-17 16:10:36,1.191,281.935,29.25,NORMAL,100.0,LOW,STABLE,0,NONE,Continue normal monitoring.,11.62,NORMAL
M001,2026-08-17 16:10:38,0.972,289.947,29.25,NORMAL,100.0,LOW,STABLE,0,NONE,Continue normal monitoring.,12.63,NORMAL
M001,2026-08-17 16:10:40,0.864,251.045,29.25,WARNING_SOUND,72.0,MEDIUM,FALLING,1,MECHANICAL_ABNORMALITY,Inspect mechanical components and sound sources.,6.33,NORMAL
M001,2026-08-17 16:10:42,0.706,390.62,29.25,NORMAL,100.0,LOW,RISING,0,NONE,Continue normal monitoring.,35.85,NORMAL
M001,2026-08-17 16:10:44,0.492,165.371,29.25,NORMAL,100.0,LOW,STABLE,0,NONE,Continue normal monitoring.,29.81,NORMAL
M001,2026-08-17 16:10:46,0.684,252.975,29.25,NORMAL,100.0,LOW,STABLE,0,NONE,Continue normal monitoring.,8.52,NORMAL
M001,2026-08-17 16:10:48,1.28,275.601,29.25,NORMAL,100.0,LOW,STABLE,0,NONE,Continue normal monitoring.,12.15,NORMAL
M001,2026-08-17 16:10:52,1.027,234.441,29.25,NORMAL,100.0,LOW,STABLE,0,NONE,Continue normal monitoring.,6.74,NORMAL
M001,2026-08-17 16:10:53,1.182,347.874,29.25,NORMAL,100.0,LOW,STABLE,0,NONE,Continue normal monitoring.,23.35,NORMAL
M001,2026-08-17 16:10:55,0.902,214.698,29.25,WARNING_SOUND,72.0,MEDIUM,FALLING,1,MECHANICAL_ABNORMALITY,Inspect mechanical components and sound sources.,12.96,NORMAL
M001,2026-08-17 16:10:56,0.874,232.461,29.25,NORMAL,100.0,LOW,RISING,0,NONE,Continue normal monitoring.,7.09,NORMAL
M001,2026-08-17 16:10:58,1.194,385.144,29.25,WARNING_SOUND,72.0,MEDIUM,FALLING,1,MECHANICAL_ABNORMALITY,Inspect mechanical components and sound sources.,31.21,NORMAL
M001,2026-08-17 16:11:00,0.697,367.09,29.25,NORMAL,100.0,LOW,RISING,0,NONE,Continue normal monitoring.,30.86,NORMAL
M001,2026-08-17 16:11:02,0.979,320.896,29.25,NORMAL,100.0,LOW,STABLE,0,NONE,Continue normal monitoring.,17.22,NORMAL
M001,2026-08-17 16:11:04,1.075,282.451,29.25,WARNING_SOUND,72.0,MEDIUM,FALLING,1,MECHANICAL_ABNORMALITY,Inspect mechanical components and sound sources.,11.32,NORMAL
M001,2026-08-17 16:11:07,0.555,363.556,29.25,NORMAL,100.0,LOW,RISING,0,NONE,Continue normal monitoring.,31.81,NORMAL
M001,2026-08-17 16:11:10,0.982,502.34,29.25,WARNING_SOUND,72.0,MEDIUM,FALLING,1,MECHANICAL_ABNORMALITY,Inspect mechanical components and sound sources.,52.82,ABNORMAL_SOUND
M001,2026-08-17 16:11:11,0.844,266.042,29.25,NORMAL,100.0,LOW,RISING,0,NONE,Continue normal monitoring.,8.95,NORMAL
M001,2026-08-17 16:11:13,1.04,346.296,29.25,WARNING_SOUND,72.0,MEDIUM,FALLING,1,MECHANICAL_ABNORMALITY,Inspect mechanical components and sound sources.,23.08,NORMAL
M001,2026-08-17 16:11:15,1.121,290.777,29.25,NORMAL,100.0,LOW,RISING,0,NONE,Continue normal monitoring.,12.97,NORMAL
M001,2026-08-17 16:11:17,0.974,251.287,29.25,NORMAL,100.0,LOW,STABLE,0,NONE,Continue normal monitoring.,6.0,NORMAL
M001,2026-08-17 16:11:19,0.505,310.269,29.25,NORMAL,100.0,LOW,STABLE,0,NONE,Continue normal monitoring.,20.24,NORMAL
M001,2026-08-17 16:11:21,0.707,314.384,29.25,NORMAL,100.0,LOW,STABLE,0,NONE,Continue normal monitoring.,19.45,NORMAL
M001,2026-08-17 16:11:23,0.834,395.315,29.25,WARNING_SOUND,72.0,MEDIUM,FALLING,1,MECHANICAL_ABNORMALITY,Inspect mechanical components and sound sources.,35.0,NORMAL
M001,2026-08-17 16:11:25,1.016,336.114,29.25,NORMAL,100.0,LOW,RISING,0,NONE,Continue normal monitoring.,19.6,NORMAL
M001,2026-08-17 16:11:28,0.542,241.069,29.25,NORMAL,100.0,LOW,STABLE,0,NONE,Continue normal monitoring.,10.16,NORMAL
M001,2026-08-17 16:11:29,1.035,279.433,29.25,NORMAL,100.0,LOW,STABLE,0,NONE,Continue normal monitoring.,11.17,NORMAL
M001,2026-08-17 16:11:31,0.606,396.637,29.25,WARNING_SOUND,72.0,MEDIUM,FALLING,1,MECHANICAL_ABNORMALITY,Inspect mechanical components and sound sources.,37.77,NORMAL
M001,2026-08-17 16:11:34,0.704,365.794,29.25,NORMAL,100.0,LOW,RISING,0,NONE,Continue normal monitoring.,29.93,NORMAL
M001,2026-08-17 16:11:37,1.032,283.283,29.25,WARNING_SOUND,72.0,MEDIUM,FALLING,1,MECHANICAL_ABNORMALITY,Inspect mechanical components and sound sources.,11.63,NORMAL
M001,2026-08-17 16:11:38,0.695,457.532,29.25,NORMAL,100.0,LOW,RISING,0,NONE,Continue normal monitoring.,49.23,NORMAL
M001,2026-08-17 16:11:40,0.964,406.885,29.25,WARNING_SOUND,72.0,MEDIUM,FALLING,1,MECHANICAL_ABNORMALITY,Inspect mechanical components and sound sources.,36.94,NORMAL
M001,2026-08-17 16:11:42,0.433,283.619,29.25,NORMAL,100.0,LOW,RISING,0,NONE,Continue normal monitoring.,15.82,NORMAL
M001,2026-08-17 16:11:44,0.984,273.876,29.25,NORMAL,100.0,LOW,STABLE,0,NONE,Continue normal monitoring.,9.6,NORMAL
M001,2026-08-17 16:11:46,0.642,278.273,29.25,NORMAL,100.0,LOW,STABLE,0,NONE,Continue normal monitoring.,12.57,NORMAL
M001,2026-08-17 16:11:48,0.749,276.442,29.25,NORMAL,100.0,LOW,STABLE,0,NONE,Continue normal monitoring.,11.08,NORMAL
M001,2026-08-17 16:11:50,1.012,280.686,29.25,WARNING_SOUND,72.0,MEDIUM,FALLING,1,MECHANICAL_ABNORMALITY,Inspect mechanical components and sound sources.,11.32,NORMAL
M001,2026-08-17 16:11:52,0.586,239.565,29.25,NORMAL,100.0,LOW,RISING,0,NONE,Continue normal monitoring.,9.36,NORMAL
M001,2026-08-17 16:11:54,0.763,280.794,29.25,NORMAL,100.0,LOW,STABLE,0,NONE,Continue normal monitoring.,11.0,NORMAL
M001,2026-08-17 16:11:56,1.07,356.776,29.25,WARNING_SOUND,72.0,MEDIUM,FALLING,1,MECHANICAL_ABNORMALITY,Inspect mechanical components and sound sources.,25.04,NORMAL
M001,2026-08-17 16:11:59,1.327,213.799,29.25,NORMAL,100.0,LOW,RISING,0,NONE,Continue normal monitoring.,13.33,NORMAL
M001,2026-08-17 16:12:01,0.32,283.636,29.25,WARNING_SOUND,72.0,MEDIUM,FALLING,1,MECHANICAL_ABNORMALITY,Inspect mechanical components and sound sources.,16.22,NORMAL
M001,2026-08-17 16:12:03,1.857,494.947,29.25,WARNING_SOUND,72.0,MEDIUM,STABLE,1,MECHANICAL_ABNORMALITY,Inspect mechanical components and sound sources.,60.21,UNKNOWN_ABNORMALITY
M001,2026-08-17 16:12:05,0.107,499.57,29.25,WARNING_SOUND,72.0,MEDIUM,STABLE,1,MECHANICAL_ABNORMALITY,Inspect mechanical components and sound sources.,59.78,UNKNOWN_ABNORMALITY
M001,2026-08-17 16:12:07,1.158,280.22,29.25,NORMAL,100.0,LOW,RISING,0,NONE,Continue normal monitoring.,11.32,NORMAL
M001,2026-08-17 16:12:09,0.799,246.996,29.25,NORMAL,100.0,LOW,STABLE,0,NONE,Continue normal monitoring.,6.09,NORMAL
M001,2026-08-17 16:12:11,0.658,241.349,29.25,NORMAL,100.0,LOW,STABLE,0,NONE,Continue normal monitoring.,8.49,NORMAL
M001,2026-08-17 16:12:13,0.445,292.371,29.25,NORMAL,100.0,LOW,STABLE,0,NONE,Continue normal monitoring.,17.79,NORMAL
M001,2026-08-17 16:12:15,0.693,273.729,29.25,NORMAL,100.0,LOW,STABLE,0,NONE,Continue normal monitoring.,11.61,NORMAL
M001,2026-08-17 16:12:17,0.803,302.286,29.25,NORMAL,100.0,LOW,STABLE,0,NONE,Continue normal monitoring.,16.59,NORMAL
M001,2026-08-17 16:12:19,0.714,252.905,29.25,NORMAL,100.0,LOW,STABLE,0,NONE,Continue normal monitoring.,8.14,NORMAL
M001,2026-08-17 16:12:21,0.496,261.657,29.25,NORMAL,100.0,LOW,STABLE,0,NONE,Continue normal monitoring.,11.0,NORMAL
M001,2026-08-17 16:12:23,0.743,283.849,29.25,NORMAL,100.0,LOW,STABLE,0,NONE,Continue normal monitoring.,11.8,NORMAL
M001,2026-08-17 16:12:26,1.086,247.654,29.25,NORMAL,100.0,LOW,STABLE,0,NONE,Continue normal monitoring.,5.65,NORMAL
M001,2026-08-17 16:12:28,0.461,238.722,29.25,NORMAL,100.0,LOW,STABLE,0,NONE,Continue normal monitoring.,10.7,NORMAL
M001,2026-08-17 16:12:30,0.605,255.014,29.25,NORMAL,100.0,LOW,STABLE,0,NONE,Continue normal monitoring.,8.98,NORMAL
M001,2026-08-17 16:12:32,0.424,225.832,29.25,NORMAL,100.0,LOW,STABLE,0,NONE,Continue normal monitoring.,13.8,NORMAL
M001,2026-08-17 16:12:55,0.169,200.44,29.25,NORMAL,100.0,LOW,STABLE,0,NONE,Continue normal monitoring.,24.81,NORMAL
M001,2026-08-17 16:12:58,0.039,380.252,29.25,WARNING_SOUND,72.0,MEDIUM,FALLING,1,MECHANICAL_ABNORMALITY,Inspect mechanical components and sound sources.,43.31,NORMAL
M001,2026-08-17 16:13:00,0.141,324.021,29.25,NORMAL,100.0,LOW,RISING,0,NONE,Continue normal monitoring.,28.74,NORMAL
M001,2026-08-17 16:13:02,0.195,475.485,29.25,NORMAL,100.0,LOW,STABLE,0,NONE,Continue normal monitoring.,55.87,UNKNOWN_ABNORMALITY
M001,2026-08-17 16:13:04,0.092,412.136,29.25,WARNING_SOUND,72.0,MEDIUM,FALLING,1,MECHANICAL_ABNORMALITY,Inspect mechanical components and sound sources.,45.67,NORMAL
M001,2026-08-17 16:13:06,0.04,262.92,29.25,NORMAL,100.0,LOW,RISING,0,NONE,Continue normal monitoring.,21.31,NORMAL
M001,2026-08-17 16:13:08,0.174,494.244,29.25,NORMAL,100.0,LOW,STABLE,0,NONE,Continue normal monitoring.,58.2,UNKNOWN_ABNORMALITY
M001,2026-08-17 16:13:10,0.196,348.909,29.25,WARNING_SOUND,72.0,MEDIUM,FALLING,1,MECHANICAL_ABNORMALITY,Inspect mechanical components and sound sources.,32.96,NORMAL
M001,2026-08-17 16:13:12,0.198,280.091,29.25,NORMAL,100.0,LOW,RISING,0,NONE,Continue normal monitoring.,16.53,NORMAL
M001,2026-08-17 16:13:14,0.201,271.848,29.25,NORMAL,100.0,LOW,STABLE,0,NONE,Continue normal monitoring.,13.95,NORMAL
M001,2026-08-17 16:13:16,0.139,292.468,29.25,NORMAL,100.0,LOW,STABLE,0,NONE,Continue normal monitoring.,21.13,NORMAL
M001,2026-08-17 16:13:18,0.013,288.219,29.25,NORMAL,100.0,LOW,STABLE,0,NONE,Continue normal monitoring.,30.72,NORMAL
M001,2026-08-17 16:13:20,0.028,319.393,29.25,NORMAL,100.0,LOW,STABLE,0,NONE,Continue normal monitoring.,36.76,NORMAL
M001,2026-08-17 16:13:22,0.162,229.517,29.25,NORMAL,100.0,LOW,STABLE,0,NONE,Continue normal monitoring.,12.9,NORMAL
M001,2026-08-17 16:13:25,0.299,246.268,29.25,NORMAL,100.0,LOW,STABLE,0,NONE,Continue normal monitoring.,9.57,NORMAL
M001,2026-08-17 16:13:27,0.19,275.727,29.25,NORMAL,100.0,LOW,STABLE,0,NONE,Continue normal monitoring.,15.85,NORMAL
M001,2026-08-17 16:13:29,0.214,273.102,29.25,NORMAL,100.0,LOW,STABLE,0,NONE,Continue normal monitoring.,14.09,NORMAL
M001,2026-08-17 16:13:31,0.046,448.325,29.25,NORMAL,100.0,LOW,STABLE,0,NONE,Continue normal monitoring.,53.27,UNKNOWN_ABNORMALITY
M001,2026-08-17 16:13:33,0.236,350.08,29.25,WARNING_SOUND,72.0,MEDIUM,FALLING,1,MECHANICAL_ABNORMALITY,Inspect mechanical components and sound sources.,32.47,NORMAL
M001,2026-08-17 16:13:35,0.186,433.073,29.25,NORMAL,100.0,LOW,RISING,0,NONE,Continue normal monitoring.,47.22,NORMAL
M001,2026-08-17 16:13:37,0.087,249.716,29.25,NORMAL,100.0,LOW,STABLE,0,NONE,Continue normal monitoring.,13.34,NORMAL
M001,2026-08-17 16:13:39,0.141,239.694,29.25,NORMAL,100.0,LOW,STABLE,0,NONE,Continue normal monitoring.,11.44,NORMAL
M001,2026-08-17 16:13:41,0.06,292.54,29.25,NORMAL,100.0,LOW,STABLE,0,NONE,Continue normal monitoring.,25.57,NORMAL
M001,2026-08-17 16:13:43,0.294,358.119,29.25,NORMAL,100.0,LOW,STABLE,0,NONE,Continue normal monitoring.,32.93,NORMAL
M001,2026-08-17 16:13:45,0.145,227.138,29.25,NORMAL,100.0,LOW,STABLE,0,NONE,Continue normal monitoring.,13.96,NORMAL
M001,2026-08-17 16:13:47,0.253,389.299,29.25,NORMAL,100.0,LOW,STABLE,0,NONE,Continue normal monitoring.,39.61,NORMAL
M001,2026-08-17 16:13:50,0.371,446.124,29.25,NORMAL,100.0,LOW,STABLE,0,NONE,Continue normal monitoring.,49.33,NORMAL
M001,2026-08-17 16:13:52,0.47,283.33,29.25,WARNING_SOUND,72.0,MEDIUM,FALLING,1,MECHANICAL_ABNORMALITY,Inspect mechanical components and sound sources.,15.03,NORMAL
M001,2026-08-17 16:13:54,0.041,697.026,29.25,NORMAL,100.0,LOW,RISING,0,NONE,Continue normal monitoring.,76.38,ABNORMAL_SOUND
M001,2026-08-17 16:13:56,0.046,307.884,29.25,WARNING_SOUND,72.0,MEDIUM,FALLING,1,MECHANICAL_ABNORMALITY,Inspect mechanical components and sound sources.,33.07,NORMAL
M001,2026-08-17 16:13:58,0.045,239.614,29.25,NORMAL,100.0,LOW,RISING,0,NONE,Continue normal monitoring.,17.85,NORMAL
M001,2026-08-17 16:14:00,0.043,484.635,29.25,NORMAL,100.0,LOW,STABLE,0,NONE,Continue normal monitoring.,60.7,UNKNOWN_ABNORMALITY
M001,2026-08-17 16:14:02,0.26,532.613,29.25,WARNING_SOUND,72.0,MEDIUM,FALLING,1,MECHANICAL_ABNORMALITY,Inspect mechanical components and sound sources.,63.24,ABNORMAL_SOUND
M001,2026-08-17 16:14:04,0.139,471.763,29.25,NORMAL,100.0,LOW,RISING,0,NONE,Continue normal monitoring.,55.01,UNKNOWN_ABNORMALITY
M001,2026-08-17 16:14:06,0.393,622.925,29.25,WARNING_SOUND,72.0,MEDIUM,FALLING,1,MECHANICAL_ABNORMALITY,Inspect mechanical components and sound sources.,71.26,ABNORMAL_SOUND
M001,2026-08-17 16:14:08,0.16,619.695,29.25,WARNING_SOUND,72.0,MEDIUM,STABLE,1,MECHANICAL_ABNORMALITY,Inspect mechanical components and sound sources.,71.03,ABNORMAL_SOUND
M001,2026-08-17 16:14:10,0.324,383.954,29.25,NORMAL,100.0,LOW,RISING,0,NONE,Continue normal monitoring.,37.3,NORMAL
M001,2026-08-17 16:14:12,1.812,443.299,29.25,WARNING_VIBRATION,72.0,MEDIUM,FALLING,1,EXCESSIVE_VIBRATION,Inspect motor and rotating components.,52.46,UNKNOWN_ABNORMALITY
M001,2026-08-17 16:14:15,0.351,271.774,29.25,NORMAL,100.0,LOW,RISING,0,NONE,Continue normal monitoring.,12.43,NORMAL
M001,2026-08-17 16:14:17,0.224,607.029,29.25,WARNING_SOUND,72.0,MEDIUM,FALLING,1,MECHANICAL_ABNORMALITY,Inspect mechanical components and sound sources.,69.84,ABNORMAL_SOUND
M001,2026-08-17 16:14:19,0.151,242.568,29.25,NORMAL,100.0,LOW,RISING,0,NONE,Continue normal monitoring.,10.91,NORMAL
M001,2026-08-17 16:14:21,0.062,214.989,29.25,NORMAL,100.0,LOW,STABLE,0,NONE,Continue normal monitoring.,21.57,NORMAL
M001,2026-08-17 16:14:23,0.192,375.444,29.25,NORMAL,100.0,LOW,STABLE,0,NONE,Continue normal monitoring.,37.6,NORMAL
M001,2026-08-17 16:14:25,0.178,258.384,29.25,NORMAL,100.0,LOW,STABLE,0,NONE,Continue normal monitoring.,11.82,NORMAL
M001,2026-08-17 16:14:27,0.267,298.597,29.25,NORMAL,100.0,LOW,STABLE,0,NONE,Continue normal monitoring.,22.43,NORMAL
M001,2026-08-17 16:14:29,0.214,227.876,29.25,NORMAL,100.0,LOW,STABLE,0,NONE,Continue normal monitoring.,13.05,NORMAL
M001,2026-08-17 16:14:31,0.088,299.116,29.25,NORMAL,100.0,LOW,STABLE,0,NONE,Continue normal monitoring.,26.41,NORMAL
M001,2026-08-17 16:14:33,0.155,249.133,29.25,NORMAL,100.0,LOW,STABLE,0,NONE,Continue normal monitoring.,11.08,NORMAL
M001,2026-08-17 16:14:35,0.16,247.281,29.25,NORMAL,100.0,LOW,STABLE,0,NONE,Continue normal monitoring.,10.84,NORMAL
M001,2026-08-17 16:14:37,0.472,246.74,29.25,NORMAL,100.0,LOW,STABLE,0,NONE,Continue normal monitoring.,9.21,NORMAL
M001,2026-08-17 16:14:40,0.323,287.577,29.25,NORMAL,100.0,LOW,STABLE,0,NONE,Continue normal monitoring.,17.52,NORMAL
M001,2026-08-17 16:14:42,0.026,325.232,29.25,NORMAL,100.0,LOW,STABLE,0,NONE,Continue normal monitoring.,37.47,NORMAL
M001,2026-08-17 16:14:44,0.15,255.512,29.25,NORMAL,100.0,LOW,STABLE,0,NONE,Continue normal monitoring.,11.81,NORMAL
M001,2026-08-17 16:14:46,0.174,242.243,29.25,NORMAL,100.0,LOW,STABLE,0,NONE,Continue normal monitoring.,10.3,NORMAL
M001,2026-08-17 16:14:48,0.949,339.95,29.25,NORMAL,100.0,LOW,STABLE,0,NONE,Continue normal monitoring.,21.73,NORMAL
M001,2026-08-17 16:14:50,0.092,233.788,29.25,NORMAL,100.0,LOW,STABLE,0,NONE,Continue normal monitoring.,14.47,NORMAL
M001,2026-08-17 16:14:52,1.958,366.154,29.25,WARNING_VIBRATION,72.0,MEDIUM,FALLING,1,EXCESSIVE_VIBRATION,Inspect motor and rotating components.,44.23,NORMAL
M001,2026-08-17 16:14:54,0.082,218.762,29.25,NORMAL,100.0,LOW,RISING,0,NONE,Continue normal monitoring.,19.09,NORMAL
M001,2026-08-17 16:14:56,0.132,274.97,29.25,NORMAL,100.0,LOW,STABLE,0,NONE,Continue normal monitoring.,16.58,NORMAL
M001,2026-08-17 16:14:58,0.034,250.379,29.25,NORMAL,100.0,LOW,STABLE,0,NONE,Continue normal monitoring.,19.3,NORMAL
M001,2026-08-17 16:15:00,0.166,567.771,29.25,WARNING_SOUND,72.0,MEDIUM,FALLING,1,MECHANICAL_ABNORMALITY,Inspect mechanical components and sound sources.,67.64,ABNORMAL_SOUND
M001,2026-08-17 16:15:02,0.076,227.189,29.25,NORMAL,100.0,LOW,RISING,0,NONE,Continue normal monitoring.,16.85,NORMAL
M001,2026-08-17 16:15:05,0.076,330.671,29.25,NORMAL,100.0,LOW,STABLE,0,NONE,Continue normal monitoring.,33.06,NORMAL
M001,2026-08-17 16:15:07,0.018,270.806,29.25,NORMAL,100.0,LOW,STABLE,0,NONE,Continue normal monitoring.,24.89,NORMAL
M001,2026-08-17 16:15:09,0.213,190.166,29.25,NORMAL,100.0,LOW,STABLE,0,NONE,Continue normal monitoring.,27.14,NORMAL
M001,2026-08-17 16:15:11,0.156,211.243,29.25,NORMAL,100.0,LOW,STABLE,0,NONE,Continue normal monitoring.,19.9,NORMAL
M001,2026-08-17 16:15:13,0.275,278.981,29.25,NORMAL,100.0,LOW,STABLE,0,NONE,Continue normal monitoring.,16.05,NORMAL
M001,2026-08-17 16:15:15,0.112,233.018,29.25,NORMAL,100.0,LOW,STABLE,0,NONE,Continue normal monitoring.,13.28,NORMAL
M001,2026-08-17 16:15:17,0.08,227.176,29.25,NORMAL,100.0,LOW,STABLE,0,NONE,Continue normal monitoring.,16.85,NORMAL
M001,2026-08-17 16:15:19,0.093,261.695,29.25,NORMAL,100.0,LOW,STABLE,0,NONE,Continue normal monitoring.,15.26,NORMAL
M001,2026-08-17 16:15:21,0.103,239.311,29.25,NORMAL,100.0,LOW,STABLE,0,NONE,Continue normal monitoring.,13.14,NORMAL
M001,2026-08-17 16:15:23,0.192,236.245,29.25,NORMAL,100.0,LOW,STABLE,0,NONE,Continue normal monitoring.,12.12,NORMAL
M001,2026-08-17 16:15:25,0.192,271.579,29.25,NORMAL,100.0,LOW,STABLE,0,NONE,Continue normal monitoring.,14.1,NORMAL
M001,2026-08-17 16:15:27,0.022,282.695,29.25,NORMAL,100.0,LOW,STABLE,0,NONE,Continue normal monitoring.,28.56,NORMAL
M001,2026-08-17 16:15:30,0.179,233.502,29.25,NORMAL,100.0,LOW,STABLE,0,NONE,Continue normal monitoring.,12.01,NORMAL
M001,2026-08-17 16:15:32,0.159,289.736,29.25,NORMAL,100.0,LOW,STABLE,0,NONE,Continue normal monitoring.,19.89,NORMAL
M001,2026-08-17 16:15:34,0.187,254.745,29.25,NORMAL,100.0,LOW,STABLE,0,NONE,Continue normal monitoring.,11.43,NORMAL
M001,2026-08-17 16:15:36,0.185,274.773,29.25,NORMAL,100.0,LOW,STABLE,0,NONE,Continue normal monitoring.,15.28,NORMAL
M001,2026-08-17 16:15:38,0.178,237.103,29.25,NORMAL,100.0,LOW,STABLE,0,NONE,Continue normal monitoring.,11.96,NORMAL
M001,2026-08-17 16:15:40,0.509,237.507,29.25,NORMAL,100.0,LOW,STABLE,0,NONE,Continue normal monitoring.,11.1,NORMAL
M001,2026-08-17 16:15:42,0.206,258.422,29.25,NORMAL,100.0,LOW,STABLE,0,NONE,Continue normal monitoring.,11.64,NORMAL
M001,2026-08-17 16:15:44,0.004,246.694,29.25,NORMAL,100.0,LOW,STABLE,0,NONE,Continue normal monitoring.,21.1,NORMAL
M001,2026-08-17 16:15:46,0.375,327.219,29.25,NORMAL,100.0,LOW,STABLE,0,NONE,Continue normal monitoring.,25.39,NORMAL
M001,2026-08-17 16:15:48,0.551,227.893,29.25,NORMAL,100.0,LOW,STABLE,0,NONE,Continue normal monitoring.,12.75,NORMAL
M001,2026-08-17 16:15:50,0.371,310.4,29.25,NORMAL,100.0,LOW,STABLE,0,NONE,Continue normal monitoring.,22.19,NORMAL
M001,2026-08-17 16:15:52,0.021,259.01,29.25,NORMAL,100.0,LOW,STABLE,0,NONE,Continue normal monitoring.,22.71,NORMAL
M001,2026-08-17 16:15:55,0.17,257.513,29.25,NORMAL,100.0,LOW,STABLE,0,NONE,Continue normal monitoring.,11.16,NORMAL
M001,2026-08-17 16:15:57,0.511,272.241,29.25,NORMAL,100.0,LOW,STABLE,0,NONE,Continue normal monitoring.,12.02,NORMAL
M001,2026-08-17 16:15:59,0.085,266.262,29.25,NORMAL,100.0,LOW,STABLE,0,NONE,Continue normal monitoring.,16.37,NORMAL
M001,2026-08-17 16:16:01,0.185,291.405,29.25,NORMAL,100.0,LOW,STABLE,0,NONE,Continue normal monitoring.,19.67,NORMAL
M001,2026-08-17 16:16:03,0.245,259.396,29.25,NORMAL,100.0,LOW,STABLE,0,NONE,Continue normal monitoring.,12.21,NORMAL
M001,2026-08-17 16:16:05,0.238,234.948,29.25,NORMAL,100.0,LOW,STABLE,0,NONE,Continue normal monitoring.,12.11,NORMAL
M001,2026-08-17 16:16:07,0.131,258.937,29.25,NORMAL,100.0,LOW,STABLE,0,NONE,Continue normal monitoring.,13.44,NORMAL
M001,2026-08-17 16:16:09,0.196,248.671,29.25,NORMAL,100.0,LOW,STABLE,0,NONE,Continue normal monitoring.,10.69,NORMAL
M001,2026-08-17 16:16:11,0.042,245.146,29.25,NORMAL,100.0,LOW,STABLE,0,NONE,Continue normal monitoring.,17.97,NORMAL
M001,2026-08-17 16:16:13,0.355,267.85,29.25,NORMAL,100.0,LOW,STABLE,0,NONE,Continue normal monitoring.,11.82,NORMAL
M001,2026-08-17 16:16:15,0.121,251.26,29.25,NORMAL,100.0,LOW,STABLE,0,NONE,Continue normal monitoring.,11.65,NORMAL
M001,2026-08-17 16:16:17,0.319,203.821,29.25,NORMAL,100.0,LOW,STABLE,0,NONE,Continue normal monitoring.,23.45,NORMAL
M001,2026-08-17 16:16:20,0.02,268.165,29.25,NORMAL,100.0,LOW,STABLE,0,NONE,Continue normal monitoring.,24.18,NORMAL
M001,2026-08-17 16:16:22,0.132,277.696,29.25,NORMAL,100.0,LOW,STABLE,0,NONE,Continue normal monitoring.,17.44,NORMAL
M001,2026-08-17 16:16:24,0.076,248.005,29.5,NORMAL,100.0,LOW,STABLE,0,NONE,Continue normal monitoring.,22.52,NORMAL
M001,2026-08-17 16:16:26,0.051,248.936,29.25,NORMAL,100.0,LOW,STABLE,0,NONE,Continue normal monitoring.,16.51,NORMAL
M001,2026-08-17 16:16:28,0.199,275.685,29.25,NORMAL,100.0,LOW,STABLE,0,NONE,Continue normal monitoring.,15.82,NORMAL
M001,2026-08-17 16:16:30,0.103,274.953,29.25,NORMAL,100.0,LOW,STABLE,0,NONE,Continue normal monitoring.,17.92,NORMAL
M001,2026-08-17 16:16:32,0.074,228.234,29.25,NORMAL,100.0,LOW,STABLE,0,NONE,Continue normal monitoring.,16.36,NORMAL
M001,2026-08-17 16:16:34,0.018,272.302,29.25,NORMAL,100.0,LOW,STABLE,0,NONE,Continue normal monitoring.,25.24,NORMAL
M001,2026-08-17 16:16:36,0.108,227.805,29.25,NORMAL,100.0,LOW,STABLE,0,NONE,Continue normal monitoring.,15.08,NORMAL
M001,2026-08-17 16:16:38,0.626,302.301,29.25,NORMAL,100.0,LOW,STABLE,0,NONE,Continue normal monitoring.,18.42,NORMAL
M001,2026-08-17 16:16:40,0.243,259.302,29.25,NORMAL,100.0,LOW,STABLE,0,NONE,Continue normal monitoring.,12.25,NORMAL
M001,2026-08-17 16:16:42,0.512,215.169,29.25,NORMAL,100.0,LOW,STABLE,0,NONE,Continue normal monitoring.,17.18,NORMAL
M001,2026-08-17 16:16:45,0.353,216.04,29.25,NORMAL,100.0,LOW,STABLE,0,NONE,Continue normal monitoring.,16.68,NORMAL
M001,2026-08-17 16:16:47,0.11,224.58,29.25,NORMAL,100.0,LOW,STABLE,0,NONE,Continue normal monitoring.,15.72,NORMAL
M001,2026-08-17 16:16:49,0.368,282.985,29.25,NORMAL,100.0,LOW,STABLE,0,NONE,Continue normal monitoring.,15.59,NORMAL
M001,2026-08-17 16:16:51,0.243,420.216,29.25,WARNING_SOUND,72.0,MEDIUM,FALLING,1,MECHANICAL_ABNORMALITY,Inspect mechanical components and sound sources.,45.76,NORMAL
M001,2026-08-17 16:16:53,0.196,231.644,29.25,NORMAL,100.0,LOW,RISING,0,NONE,Continue normal monitoring.,12.17,NORMAL
M001,2026-08-17 16:16:55,0.128,273.61,29.25,NORMAL,100.0,LOW,STABLE,0,NONE,Continue normal monitoring.,15.99,NORMAL
M001,2026-08-17 16:16:57,0.111,280.23,29.25,NORMAL,100.0,LOW,STABLE,0,NONE,Continue normal monitoring.,18.58,NORMAL
M001,2026-08-17 16:16:59,0.418,303.229,29.25,NORMAL,100.0,LOW,STABLE,0,NONE,Continue normal monitoring.,21.19,NORMAL
M001,2026-08-17 16:17:01,0.168,281.954,29.25,NORMAL,100.0,LOW,STABLE,0,NONE,Continue normal monitoring.,17.1,NORMAL
M001,2026-08-17 16:17:03,0.08,342.318,29.25,NORMAL,100.0,LOW,STABLE,0,NONE,Continue normal monitoring.,35.55,NORMAL
M001,2026-08-17 16:17:05,0.318,424.584,29.25,NORMAL,100.0,LOW,STABLE,0,NONE,Continue normal monitoring.,46.55,NORMAL
M001,2026-08-17 16:17:07,0.028,250.236,29.25,NORMAL,100.0,LOW,STABLE,0,NONE,Continue normal monitoring.,19.98,NORMAL
M001,2026-08-17 16:17:10,0.187,314.027,29.25,NORMAL,100.0,LOW,STABLE,0,NONE,Continue normal monitoring.,25.99,NORMAL
M001,2026-08-17 16:17:12,0.544,280.761,29.25,NORMAL,100.0,LOW,STABLE,0,NONE,Continue normal monitoring.,13.9,NORMAL
M001,2026-08-17 16:17:14,0.126,309.839,29.25,NORMAL,100.0,LOW,STABLE,0,NONE,Continue normal monitoring.,26.71,NORMAL
M001,2026-08-17 16:17:16,0.204,223.516,29.25,NORMAL,100.0,LOW,STABLE,0,NONE,Continue normal monitoring.,14.29,NORMAL
M001,2026-08-17 16:17:18,0.47,263.079,29.25,NORMAL,100.0,LOW,STABLE,0,NONE,Continue normal monitoring.,11.83,NORMAL
M001,2026-08-17 16:17:20,0.108,197.366,29.25,NORMAL,100.0,LOW,STABLE,0,NONE,Continue normal monitoring.,27.39,NORMAL
M001,2026-08-17 16:17:22,0.186,214.597,29.25,NORMAL,100.0,LOW,STABLE,0,NONE,Continue normal monitoring.,17.99,NORMAL
M001,2026-08-17 16:17:24,0.314,247.46,29.25,NORMAL,100.0,LOW,STABLE,0,NONE,Continue normal monitoring.,9.6,NORMAL
M001,2026-08-17 16:17:26,0.811,318.414,29.25,NORMAL,100.0,LOW,STABLE,0,NONE,Continue normal monitoring.,18.34,NORMAL
M001,2026-08-17 16:17:28,0.105,267.535,29.25,NORMAL,100.0,LOW,STABLE,0,NONE,Continue normal monitoring.,15.66,NORMAL
M001,2026-08-17 16:17:30,0.283,243.969,29.25,NORMAL,100.0,LOW,STABLE,0,NONE,Continue normal monitoring.,10.06,NORMAL
M001,2026-08-17 16:17:32,0.159,221.114,29.25,NORMAL,100.0,LOW,STABLE,0,NONE,Continue normal monitoring.,16.64,NORMAL
M001,2026-08-17 16:17:35,0.004,217.388,29.25,NORMAL,100.0,LOW,STABLE,0,NONE,Continue normal monitoring.,27.19,NORMAL
M001,2026-08-17 16:17:37,0.604,246.945,29.25,NORMAL,100.0,LOW,STABLE,0,NONE,Continue normal monitoring.,8.2,NORMAL
M001,2026-08-17 16:17:39,0.126,249.803,29.25,NORMAL,100.0,LOW,STABLE,0,NONE,Continue normal monitoring.,11.6,NORMAL
M001,2026-08-17 16:17:41,0.206,181.864,29.25,NORMAL,100.0,LOW,STABLE,0,NONE,Continue normal monitoring.,28.82,NORMAL
M001,2026-08-17 16:17:43,0.09,244.765,29.25,NORMAL,100.0,LOW,STABLE,0,NONE,Continue normal monitoring.,12.87,NORMAL
M001,2026-08-17 16:17:45,0.184,283.325,29.25,NORMAL,100.0,LOW,STABLE,0,NONE,Continue normal monitoring.,17.95,NORMAL
M001,2026-08-17 16:17:47,0.095,225.357,29.25,NORMAL,100.0,LOW,STABLE,0,NONE,Continue normal monitoring.,15.96,NORMAL
M001,2026-08-17 16:17:49,0.08,243.397,29.25,NORMAL,100.0,LOW,STABLE,0,NONE,Continue normal monitoring.,14.08,NORMAL
M001,2026-08-17 16:17:51,0.029,251.238,29.25,NORMAL,100.0,LOW,STABLE,0,NONE,Continue normal monitoring.,20.17,NORMAL
M001,2026-08-17 16:17:53,0.137,204.676,29.25,NORMAL,100.0,LOW,STABLE,0,NONE,Continue normal monitoring.,23.9,NORMAL
M001,2026-08-17 16:17:55,0.174,242.149,29.25,NORMAL,100.0,LOW,STABLE,0,NONE,Continue normal monitoring.,10.3,NORMAL
M001,2026-08-17 16:17:57,0.012,282.88,29.25,NORMAL,100.0,LOW,STABLE,0,NONE,Continue normal monitoring.,29.2,NORMAL
M001,2026-08-17 16:18:00,0.006,263.194,29.25,NORMAL,100.0,LOW,STABLE,0,NONE,Continue normal monitoring.,24.66,NORMAL
M001,2026-08-17 16:18:02,0.12,285.613,29.25,NORMAL,100.0,LOW,STABLE,0,NONE,Continue normal monitoring.,19.98,NORMAL
M001,2026-08-17 16:18:04,0.016,258.931,29.25,NORMAL,100.0,LOW,STABLE,0,NONE,Continue normal monitoring.,22.67,NORMAL
M001,2026-08-17 16:18:06,0.095,244.818,29.25,NORMAL,100.0,LOW,STABLE,0,NONE,Continue normal monitoring.,12.62,NORMAL
M001,2026-08-17 16:18:08,0.12,375.326,29.25,NORMAL,100.0,LOW,STABLE,0,NONE,Continue normal monitoring.,38.23,NORMAL
M001,2026-08-17 16:18:10,0.485,227.727,29.25,NORMAL,100.0,LOW,STABLE,0,NONE,Continue normal monitoring.,12.77,NORMAL
M001,2026-08-17 16:18:12,0.193,248.219,29.25,NORMAL,100.0,LOW,STABLE,0,NONE,Continue normal monitoring.,10.58,NORMAL
M001,2026-08-17 16:18:14,0.03,334.13,29.25,NORMAL,100.0,LOW,STABLE,0,NONE,Continue normal monitoring.,38.5,NORMAL
M001,2026-08-17 16:18:16,0.082,263.314,29.25,NORMAL,100.0,LOW,STABLE,0,NONE,Continue normal monitoring.,16.68,NORMAL
M001,2026-08-17 16:18:18,0.04,273.363,29.25,NORMAL,100.0,LOW,STABLE,0,NONE,Continue normal monitoring.,23.4,NORMAL
M001,2026-08-17 16:18:20,0.013,277.287,29.25,NORMAL,100.0,LOW,STABLE,0,NONE,Continue normal monitoring.,27.59,NORMAL
M001,2026-08-17 16:18:22,0.107,241.799,29.25,NORMAL,100.0,LOW,STABLE,0,NONE,Continue normal monitoring.,12.88,NORMAL
M001,2026-08-17 16:18:25,0.102,285.808,29.25,NORMAL,100.0,LOW,STABLE,0,NONE,Continue normal monitoring.,20.78,NORMAL
M001,2026-08-17 16:18:27,0.102,229.223,29.25,NORMAL,100.0,LOW,STABLE,0,NONE,Continue normal monitoring.,14.9,NORMAL
M001,2026-08-17 16:18:29,0.184,278.326,29.25,NORMAL,100.0,LOW,STABLE,0,NONE,Continue normal monitoring.,16.2,NORMAL
M001,2026-08-17 16:18:31,0.193,235.251,29.25,NORMAL,100.0,LOW,STABLE,0,NONE,Continue normal monitoring.,12.26,NORMAL
M001,2026-08-17 16:18:33,0.151,262.202,29.25,NORMAL,100.0,LOW,STABLE,0,NONE,Continue normal monitoring.,13.1,NORMAL
M001,2026-08-17 16:18:35,0.003,233.358,29.25,NORMAL,100.0,LOW,STABLE,0,NONE,Continue normal monitoring.,21.98,NORMAL
M001,2026-08-17 16:18:37,0.01,278.073,29.25,NORMAL,100.0,LOW,STABLE,0,NONE,Continue normal monitoring.,27.83,NORMAL
M001,2026-08-17 16:18:39,0.853,233.841,29.25,NORMAL,100.0,LOW,STABLE,0,NONE,Continue normal monitoring.,7.71,NORMAL
M001,2026-08-17 16:18:41,0.156,299.73,29.25,NORMAL,100.0,LOW,STABLE,0,NONE,Continue normal monitoring.,24.06,NORMAL
M001,2026-08-17 16:18:43,0.317,422.399,29.25,NORMAL,100.0,LOW,STABLE,0,NONE,Continue normal monitoring.,46.09,NORMAL
M001,2026-08-17 16:18:45,0.05,237.64,29.25,NORMAL,100.0,LOW,STABLE,0,NONE,Continue normal monitoring.,17.89,NORMAL
M001,2026-08-17 16:18:47,0.285,311.367,29.25,NORMAL,100.0,LOW,STABLE,0,NONE,Continue normal monitoring.,23.67,NORMAL
M001,2026-08-17 16:18:50,0.123,257.184,29.25,NORMAL,100.0,LOW,STABLE,0,NONE,Continue normal monitoring.,12.7,NORMAL
M001,2026-08-17 16:18:52,3.994,336.061,29.25,CRITICAL_VIB_SOUND,50.0,HIGH,FALLING,1,LOOSE_COMPONENT,Inspect and secure loose components.,64.16,EXCESSIVE_VIBRATION
M001,2026-08-17 16:18:54,0.745,229.911,29.25,NORMAL,100.0,LOW,RISING,0,NONE,Continue normal monitoring.,9.19,NORMAL
M001,2026-08-17 16:18:56,0.078,224.923,29.25,NORMAL,100.0,LOW,STABLE,0,NONE,Continue normal monitoring.,17.09,NORMAL
M001,2026-08-17 16:18:58,0.032,265.841,29.25,NORMAL,100.0,LOW,STABLE,0,NONE,Continue normal monitoring.,23.04,NORMAL
M001,2026-08-17 16:19:00,0.181,224.964,29.25,NORMAL,100.0,LOW,STABLE,0,NONE,Continue normal monitoring.,13.67,NORMAL
M001,2026-08-17 16:19:02,0.01,276.949,29.25,NORMAL,100.0,LOW,STABLE,0,NONE,Continue normal monitoring.,27.47,NORMAL
M001,2026-08-17 16:19:04,0.128,257.614,29.25,NORMAL,100.0,LOW,STABLE,0,NONE,Continue normal monitoring.,12.64,NORMAL
M001,2026-08-17 16:19:06,0.017,222.357,29.25,NORMAL,100.0,LOW,STABLE,0,NONE,Continue normal monitoring.,24.88,NORMAL
M001,2026-08-17 16:19:08,0.395,239.58,29.25,NORMAL,100.0,LOW,STABLE,0,NONE,Continue normal monitoring.,10.85,NORMAL
M001,2026-08-17 16:19:10,0.124,231.787,29.25,NORMAL,100.0,LOW,STABLE,0,NONE,Continue normal monitoring.,13.09,NORMAL
M001,2026-08-17 16:19:12,0.094,221.344,29.25,NORMAL,100.0,LOW,STABLE,0,NONE,Continue normal monitoring.,17.73,NORMAL
M001,2026-08-17 16:19:15,0.069,351.735,29.25,NORMAL,100.0,LOW,STABLE,0,NONE,Continue normal monitoring.,37.19,NORMAL
M001,2026-08-17 16:19:17,0.119,248.184,29.25,NORMAL,100.0,LOW,STABLE,0,NONE,Continue normal monitoring.,11.91,NORMAL
M001,2026-08-17 16:19:19,0.048,292.972,29.25,NORMAL,100.0,LOW,STABLE,0,NONE,Continue normal monitoring.,28.09,NORMAL
M001,2026-08-17 16:19:21,0.119,234.21,29.25,NORMAL,100.0,LOW,STABLE,0,NONE,Continue normal monitoring.,13.24,NORMAL
M001,2026-08-17 16:19:23,0.194,259.01,29.25,NORMAL,100.0,LOW,STABLE,0,NONE,Continue normal monitoring.,11.94,NORMAL
M001,2026-08-17 16:19:25,0.096,336.151,29.25,NORMAL,100.0,LOW,STABLE,0,NONE,Continue normal monitoring.,32.04,NORMAL
M001,2026-08-17 16:19:27,0.019,201.263,29.25,NORMAL,100.0,LOW,STABLE,0,NONE,Continue normal monitoring.,33.27,NORMAL
M001,2026-08-17 16:19:29,0.147,238.363,29.25,NORMAL,100.0,LOW,STABLE,0,NONE,Continue normal monitoring.,11.72,NORMAL
M001,2026-08-17 16:19:31,0.2,248.971,29.25,NORMAL,100.0,LOW,STABLE,0,NONE,Continue normal monitoring.,10.55,NORMAL
M001,2026-08-17 16:19:33,0.106,302.031,29.25,NORMAL,100.0,LOW,STABLE,0,NONE,Continue normal monitoring.,25.84,NORMAL
M001,2026-08-17 16:19:35,0.061,262.099,29.25,NORMAL,100.0,LOW,STABLE,0,NONE,Continue normal monitoring.,17.5,NORMAL
M001,2026-08-17 16:19:37,0.151,235.944,29.25,NORMAL,100.0,LOW,STABLE,0,NONE,Continue normal monitoring.,12.42,NORMAL
M001,2026-08-17 16:19:40,0.172,244.997,29.25,NORMAL,100.0,LOW,STABLE,0,NONE,Continue normal monitoring.,9.81,NORMAL
M001,2026-08-17 16:19:42,0.205,215.378,29.25,NORMAL,100.0,LOW,STABLE,0,NONE,Continue normal monitoring.,17.62,NORMAL
M001,2026-08-17 16:19:44,0.213,315.983,29.25,NORMAL,100.0,LOW,STABLE,0,NONE,Continue normal monitoring.,25.65,NORMAL
M001,2026-08-17 16:19:46,0.009,205.674,29.25,NORMAL,100.0,LOW,STABLE,0,NONE,Continue normal monitoring.,32.46,NORMAL
M001,2026-08-17 16:19:48,0.318,227.03,29.25,NORMAL,100.0,LOW,STABLE,0,NONE,Continue normal monitoring.,12.94,NORMAL
M001,2026-08-17 16:19:50,0.342,251.49,29.25,NORMAL,100.0,LOW,STABLE,0,NONE,Continue normal monitoring.,10.28,NORMAL
M001,2026-08-17 16:19:52,0.133,246.123,29.25,NORMAL,100.0,LOW,STABLE,0,NONE,Continue normal monitoring.,11.45,NORMAL
M001,2026-08-17 16:19:54,0.058,259.817,29.25,NORMAL,100.0,LOW,STABLE,0,NONE,Continue normal monitoring.,17.38,NORMAL
M001,2026-08-17 16:19:56,0.1,214.029,29.25,NORMAL,100.0,LOW,STABLE,0,NONE,Continue normal monitoring.,20.07,NORMAL
M001,2026-08-17 16:19:58,0.109,279.166,29.25,NORMAL,100.0,LOW,STABLE,0,NONE,Continue normal monitoring.,18.66,NORMAL
M001,2026-08-17 16:20:00,0.167,289.114,29.25,NORMAL,100.0,LOW,STABLE,0,NONE,Continue normal monitoring.,19.36,NORMAL
M001,2026-08-17 16:20:02,0.163,248.934,29.25,NORMAL,100.0,LOW,STABLE,0,NONE,Continue normal monitoring.,10.81,NORMAL
M001,2026-08-17 16:20:04,0.164,249.859,29.25,NORMAL,100.0,LOW,STABLE,0,NONE,Continue normal monitoring.,10.74,NORMAL
M001,2026-08-17 16:20:07,0.194,218.987,29.25,NORMAL,100.0,LOW,STABLE,0,NONE,Continue normal monitoring.,16.29,NORMAL
M001,2026-08-17 16:20:09,0.146,281.482,29.25,NORMAL,100.0,LOW,STABLE,0,NONE,Continue normal monitoring.,17.14,NORMAL
M001,2026-08-17 16:20:11,0.115,275.071,29.25,NORMAL,100.0,LOW,STABLE,0,NONE,Continue normal monitoring.,17.04,NORMAL
M001,2026-08-17 16:20:13,0.077,239.849,29.25,NORMAL,100.0,LOW,STABLE,0,NONE,Continue normal monitoring.,14.48,NORMAL
M001,2026-08-17 16:20:15,0.077,246.174,29.25,NORMAL,100.0,LOW,STABLE,0,NONE,Continue normal monitoring.,13.74,NORMAL
M001,2026-08-17 16:20:17,0.182,230.745,29.25,NORMAL,100.0,LOW,STABLE,0,NONE,Continue normal monitoring.,12.2,NORMAL
M001,2026-08-17 16:20:19,0.684,248.136,29.25,NORMAL,100.0,LOW,STABLE,0,NONE,Continue normal monitoring.,8.25,NORMAL
M001,2026-08-17 16:20:21,0.216,261.926,29.25,NORMAL,100.0,LOW,STABLE,0,NONE,Continue normal monitoring.,12.68,NORMAL
M001,2026-08-17 16:20:23,0.181,246.432,29.25,NORMAL,100.0,LOW,STABLE,0,NONE,Continue normal monitoring.,10.15,NORMAL
M001,2026-08-17 16:20:25,0.056,319.101,29.25,NORMAL,100.0,LOW,STABLE,0,NONE,Continue normal monitoring.,33.07,NORMAL
M001,2026-08-17 16:20:27,0.211,253.597,29.25,NORMAL,100.0,LOW,STABLE,0,NONE,Continue normal monitoring.,10.79,NORMAL
M001,2026-08-17 16:20:29,0.127,239.491,29.25,NORMAL,100.0,LOW,STABLE,0,NONE,Continue normal monitoring.,12.02,NORMAL
M001,2026-08-17 16:20:32,0.185,259.271,29.25,NORMAL,100.0,LOW,STABLE,0,NONE,Continue normal monitoring.,12.1,NORMAL
M001,2026-08-17 16:20:34,0.034,287.484,29.25,NORMAL,100.0,LOW,STABLE,0,NONE,Continue normal monitoring.,28.54,NORMAL
M001,2026-08-17 16:20:36,0.031,231.252,29.25,NORMAL,100.0,LOW,STABLE,0,NONE,Continue normal monitoring.,21.02,NORMAL
M001,2026-08-17 16:20:38,0.033,225.349,29.25,NORMAL,100.0,LOW,STABLE,0,NONE,Continue normal monitoring.,22.21,NORMAL
M001,2026-08-17 16:20:40,0.084,255.357,29.25,NORMAL,100.0,LOW,STABLE,0,NONE,Continue normal monitoring.,14.68,NORMAL
M001,2026-08-17 16:20:42,0.102,246.56,29.25,NORMAL,100.0,LOW,STABLE,0,NONE,Continue normal monitoring.,12.48,NORMAL
M001,2026-08-17 16:20:44,0.031,254.214,29.25,NORMAL,100.0,LOW,STABLE,0,NONE,Continue normal monitoring.,20.98,NORMAL
M001,2026-08-17 16:20:46,0.093,273.716,29.25,NORMAL,100.0,LOW,STABLE,0,NONE,Continue normal monitoring.,17.78,NORMAL
M001,2026-08-17 16:20:48,0.199,228.747,29.25,NORMAL,100.0,LOW,STABLE,0,NONE,Continue normal monitoring.,12.91,NORMAL
M001,2026-08-17 16:20:50,0.132,224.685,29.25,NORMAL,100.0,LOW,STABLE,0,NONE,Continue normal monitoring.,15.35,NORMAL
M001,2026-08-17 16:20:52,0.135,242.359,29.25,NORMAL,100.0,LOW,STABLE,0,NONE,Continue normal monitoring.,11.49,NORMAL
M001,2026-08-17 16:20:55,0.18,251.506,29.25,NORMAL,100.0,LOW,STABLE,0,NONE,Continue normal monitoring.,10.6,NORMAL
